"Discontinuation reports","DISCLAIMER: The information found within this file is presented in the language in which it was written and submitted."
"Report ID","Drug Identification Number","Report Type","Brand name","Company Name","Common or Proper name",Ingredients,Strength(s),"Packaging size","Route of administration","Discontinuation status","Dosage form(s)","Anatomical Therapeutical Chemical (ATC) Code","Anatomical Therapeutical Chemical (ATC) description","Discontinuation date","Anticipated discontinuation date",Reason,"Date Created","Date Updated","Tier 3"
120952,00060208,Discontinuation,"0.9% SODIUM CHLORIDE INJECTION, USP","BAXTER CORPORATION","0.9% Sodium Chloride Injection, USP, 250 mL","SODIUM CHLORIDE",900MG,"250 mL AVIVA Container (JE1322)","INTRAVENOUS; INTRAVENOUS",Discontinued,SOLUTION,B05XA,"I.V. SOLUTION ADDITIVES",2019-05-07,2019-05-07,"Manufacturing issues",2020-07-23,2020-07-23,No
120955,00060208,Discontinuation,"0.9% SODIUM CHLORIDE INJECTION, USP","BAXTER CORPORATION","0.9% Sodium Chloride Injection, USP, 500 mL","SODIUM CHLORIDE",900MG,"500 mL AVIVA Container (JE1323)","INTRAVENOUS; INTRAVENOUS",Discontinued,SOLUTION,B05XA,"I.V. SOLUTION ADDITIVES",2019-05-07,2019-05-07,"Manufacturing issues",2020-07-23,2020-07-23,No
178273,00783633,Discontinuation,"1.6% SODIUM CHLORDIE PROCESSING SOLUTION","BAXTER CORPORATION","Sodium Chloride for Processing","SODIUM CHLORIDE",1.6G,"2000 ML (4B7871)","IRRIGATION; IRRIGATION",Discontinued,"SOLUTION; SOLUTION",B05CB,"IRRIGATING SOLUTIONS",2022-12-31,2022-12-31,"Business reasons",2022-12-13,2023-01-01,No
148651,00038881,Discontinuation,"3.33% DEXTROSE AND 0.3% SODIUM CHLORIDE","ICU MEDICAL CANADA INC","Dextrose and Sodium Chloride Injection USP","SODIUM CHLORIDE; DEXTROSE","3MG; 33.3MG","500 mL","INTRAVENOUS; INTRAVENOUS",Discontinued,SOLUTION,B05BB,"I.V. SOLUTIONS",2022-08-04,2022-02-01,"Business reasons",2021-11-02,2022-11-16,No
148660,00038881,Discontinuation,"3.33% DEXTROSE AND 0.3% SODIUM CHLORIDE","ICU MEDICAL CANADA INC","Dextrose and Sodium Chloride Injection USP","SODIUM CHLORIDE; DEXTROSE","3MG; 33.3MG","1000 mL","INTRAVENOUS; INTRAVENOUS",Discontinued,SOLUTION,B05BB,"I.V. SOLUTIONS",2022-08-04,2022-05-01,"Business reasons",2021-11-02,2022-11-16,No
27502,02299119,Discontinuation,"40(MEQ)MMOL/L POTASSIUM CHLORIDE IN/ET 0.9% CHLORURE DE SODIUM/SODIUM CHLORIDE INJECTION USP","HOSPIRA HEALTHCARE CORPORATION","Potassium Chloride in 0.9% Sodium IN/ET 0.9% Chlorure De Sodium/Sodium Chlorure","POTASSIUM CHLORIDE; SODIUM CHLORIDE","0.3G; 0.9G",1000ml,INTRAVENOUS,Discontinued,SOLUTION,B05BB,"I.V. SOLUTIONS",2018-03-31,2018-01-31,"Business reasons",2017-10-30,2018-11-29,No
148686,00038873,Discontinuation,"5% DEXTROSE AND 0.225% SODIUM CHLORIDE","ICU MEDICAL CANADA INC","Dextrose and Sodium Chloride Injection USP","SODIUM CHLORIDE; DEXTROSE","2.25MG; 50MG","500 mL","INTRAVENOUS; INTRAVENOUS",Discontinued,SOLUTION,B05BB,"I.V. SOLUTIONS",2023-02-01,2023-01-01,"Business reasons",2021-11-02,2023-02-02,No
125354,00038903,Discontinuation,"5% DEXTROSE AND 0.45% SODIUM CHLORIDE","ICU MEDICAL CANADA INC","Dextrose and Sodium Chloride Injection USP","DEXTROSE; SODIUM CHLORIDE","50MG; 4.5MG","500 mL","INTRAVENOUS; INTRAVENOUS",Discontinued,SOLUTION,B05BB,"I.V. SOLUTIONS",2020-09-29,,"Business reasons",2020-09-30,2020-09-30,No
208276,00038903,Discontinuation,"5% DEXTROSE AND 0.45% SODIUM CHLORIDE","ICU MEDICAL CANADA INC","Dextrose and Sodium Chloride Injection USP","SODIUM CHLORIDE; DEXTROSE","4.5MG; 50MG","1000 mL","INTRAVENOUS; INTRAVENOUS",Discontinued,SOLUTION,B05BB,"I.V. SOLUTIONS",2025-09-09,2025-08-31,"Business reasons",2023-10-26,2025-09-10,No
148677,00038946,Discontinuation,"5% DEXTROSE AND 0.9% SODIUM CHLORIDE","ICU MEDICAL CANADA INC","Dextrose and Sodium Chloride Injection USP","SODIUM CHLORIDE; DEXTROSE","9MG; 50MG","500 mL","INTRAVENOUS; INTRAVENOUS",Discontinued,SOLUTION,B05BB,"I.V. SOLUTIONS",2022-11-30,2022-09-01,"Business reasons",2021-11-02,2022-12-15,No
246147,00038946,Discontinuation,"5% DEXTROSE AND 0.9% SODIUM CHLORIDE","ICU MEDICAL CANADA INC","Dextrose and Sodium Chloride Injection USP","SODIUM CHLORIDE; DEXTROSE","9MG; 50MG","1000 mL","INTRAVENOUS; INTRAVENOUS",Discontinued,SOLUTION,B05BB,"I.V. SOLUTIONS",2024-10-31,2024-10-31,"Business reasons",2024-12-20,2024-12-19,No
120958,00060348,Discontinuation,"5% DEXTROSE INJECTION, USP","BAXTER CORPORATION","5% Dextrose Injection, USP",DEXTROSE,5G,"250 mL AVIVA Container (JE0062)","INTRAVENOUS; INTRAVENOUS",Discontinued,SOLUTION,B05BA,"I.V. SOLUTIONS",2019-05-07,2019-05-07,"Manufacturing issues",2020-07-23,2020-07-23,No
120961,00060348,Discontinuation,"5% DEXTROSE INJECTION, USP","BAXTER CORPORATION","5% Dextrose Injection, USP",DEXTROSE,5G,"500 mL AVIVA Container (JE0063)","INTRAVENOUS; INTRAVENOUS",Discontinued,SOLUTION,B05BA,"I.V. SOLUTIONS",2019-05-07,2019-05-07,"Manufacturing issues",2020-07-23,2020-07-23,No
88150,00180041,Discontinuation,"A.C. & C 8MG TAB","VITA HEALTH PRODUCTS INC","Acetylsalicylic Acid (A.S.A.) 375 mg with 15 mg Caffeine and 8 mg Codeine Phosphate","ACETYLSALICYLIC ACID; CODEINE PHOSPHATE; CAFFEINE","375MG; 8MG; 15MG","50, 100, 200",ORAL,Discontinued,TABLET,N02AJ,OPIOIDS,2019-06-29,,"Other (Please describe in comments)",2019-07-02,2019-07-02,No
276401,02231590,Discontinuation,ABELCET,"LEADIANT BIOSCIENCES, INC","Amphotericin B Lipid Complex Injection","AMPHOTERICIN B",5MG,"20mL vial","INTRAVENOUS; INTRAVENOUS",Discontinued,SUSPENSION,J02AA,"ANTIMYCOTICS FOR SYSTEMIC USE",2025-07-25,,"Business reasons",2026-01-21,2026-01-21,No
129984,02322374,Discontinuation,ABILIFY,"OTSUKA PHARMACEUTICAL CO LTD",ARIPIPRAZOLE,ARIPIPRAZOLE,2MG,"BLISTER format only","ORAL; ORAL",Discontinued,TABLET,N05AX,ANTIPSYCHOTICS,2021-02-28,2021-02-28,"Business reasons",2020-12-10,2021-03-01,No
129986,02322382,Discontinuation,ABILIFY,"OTSUKA PHARMACEUTICAL CO LTD",ARIPIPRAZOLE,ARIPIPRAZOLE,5MG,"BLISTER format only","ORAL; ORAL",Discontinued,TABLET,N05AX,ANTIPSYCHOTICS,2021-04-30,2021-04-30,"Business reasons",2020-12-10,2021-05-01,No
129991,02322390,Discontinuation,ABILIFY,"OTSUKA PHARMACEUTICAL CO LTD",ARIPIPRAZOLE,ARIPIPRAZOLE,10MG,"BLISTER format only","ORAL; ORAL",Discontinued,TABLET,N05AX,ANTIPSYCHOTICS,2021-04-30,2021-04-30,"Business reasons",2020-12-10,2021-05-01,No
129994,02322404,Discontinuation,ABILIFY,"OTSUKA PHARMACEUTICAL CO LTD",ARIPIPRAZOLE,ARIPIPRAZOLE,15MG,"BLISTER format only","ORAL; ORAL",Discontinued,TABLET,N05AX,ANTIPSYCHOTICS,2021-04-30,2021-04-30,"Business reasons",2020-12-10,2021-05-01,No
56578,02364174,Discontinuation,ABSTRAL,"PALADIN LABS INC",FENTANYL,FENTANYL,100MCG,"10 Tabs",SUBLINGUAL,Discontinued,TABLET,N02AB,OPIOIDS,2018-07-24,2018-07-24,"Business reasons",2018-07-26,2018-07-26,No
56638,02364182,Discontinuation,ABSTRAL,"PALADIN LABS INC",FENTANYL,FENTANYL,200MCG,"10 Tabs",SUBLINGUAL,Discontinued,TABLET,N02AB,OPIOIDS,2018-07-24,2018-07-24,"Business reasons",2018-07-26,2018-07-26,No
56643,02364190,Discontinuation,ABSTRAL,"PALADIN LABS INC",FENTANYL,FENTANYL,300MCG,"10 TABS",SUBLINGUAL,Discontinued,TABLET,N02AB,OPIOIDS,2018-07-24,2018-07-24,"Business reasons",2018-07-26,2018-07-26,No
56646,02364204,Discontinuation,ABSTRAL,"PALADIN LABS INC",FENTANYL,FENTANYL,400MCG,"10 TABS",SUBLINGUAL,Discontinued,TABLET,N02AB,OPIOIDS,2018-07-24,2018-07-24,"Business reasons",2018-07-26,2018-07-26,No
56649,02364212,Discontinuation,ABSTRAL,"PALADIN LABS INC",FENTANYL,FENTANYL,600MCG,"10 TABS",SUBLINGUAL,Discontinued,TABLET,N02AB,OPIOIDS,2018-07-24,2018-07-24,"Business reasons",2018-07-26,2018-07-26,No
56652,02364220,Discontinuation,ABSTRAL,"PALADIN LABS INC",FENTANYL,FENTANYL,800MCG,"10 TABS",SUBLINGUAL,Discontinued,TABLET,N02AB,OPIOIDS,2018-07-24,2018-07-24,"Business reasons",2018-07-26,2018-07-26,No
4990,02303299,Discontinuation,"AC&C TABLETS","PHARMASCIENCE INC","ANALGESICS C.L.","ACETYLSALICYLIC ACID; CODEINE PHOSPHATE; CAFFEINE","375MG; 8MG; 15MG",100,ORAL,Discontinued,TABLET,N02AJ,,2017-03-30,,"Manufacturing issues",2017-03-31,2017-03-31,No
4993,02303299,Discontinuation,"AC&C TABLETS","PHARMASCIENCE INC","ANALGESICS C.L.","ACETYLSALICYLIC ACID; CODEINE PHOSPHATE; CAFFEINE","375MG; 8MG; 15MG",200,ORAL,Discontinued,TABLET,N02AJ,,2017-03-23,,"Manufacturing issues",2017-03-31,2017-03-31,No
6031,02303299,Discontinuation,"AC&C TABLETS","PHARMASCIENCE INC","ANALGESICS C.L.","ACETYLSALICYLIC ACID; CODEINE PHOSPHATE; CAFFEINE","375MG; 8MG; 15MG",100,ORAL,Discontinued,TABLET,N02AJ,,2017-03-23,,"Manufacturing issues",2017-04-07,2017-04-07,No
6035,02303299,Discontinuation,"AC&C TABLETS","PHARMASCIENCE INC","ANALGESICS C.L.","ACETYLSALICYLIC ACID; CODEINE PHOSPHATE; CAFFEINE","375MG; 8MG; 15MG",200,ORAL,Discontinued,TABLET,N02AJ,,2017-03-23,,"Manufacturing issues",2017-04-07,2017-04-07,No
19358,02236606,Discontinuation,"ACCOLATE TAB 20 MG","ASTRAZENECA CANADA INC","zafirlukast tablets",ZAFIRLUKAST,20MG,60,ORAL,Discontinued,TABLET,R03DC,"OTHER SYSTEMIC DRUGS FOR OBSTRUCTIVE AIRWAY DISEASES",2018-01-02,2017-12-31,"Business reasons",2017-08-15,2018-01-08,No
73224,02286246,Discontinuation,ACEBUTOLOL,"SANIS HEALTH INC","ACEBUTOLOL TAB",,,100,,Discontinued,,,,2018-07-16,,"Business reasons",2019-01-22,2019-01-22,No
73228,02286254,Discontinuation,ACEBUTOLOL,"SANIS HEALTH INC","ACEBUTOLOL TAB",,,100,,Discontinued,,,,2018-07-16,,"Business reasons",2019-01-22,2019-01-22,No
73233,02286262,Discontinuation,ACEBUTOLOL,"SANIS HEALTH INC","ACEBUTOLOL TAB",,,100,,Discontinued,,,,2018-07-16,,"Business reasons",2019-01-22,2019-01-22,No
164641,02164426,Discontinuation,"ACEBUTOLOL - 400","PRO DOC LIMITEE","ACEBUTOLOL 400",ACEBUTOLOL,400MG,100,"ORAL; ORAL",Discontinued,TABLET,C07AB,"BETA BLOCKING AGENTS",2022-07-14,,"Business reasons",2022-07-14,2022-07-15,No
164635,02164396,Discontinuation,ACEBUTOLOL-100,"PRO DOC LIMITEE","ACEBUTOLOL 100",ACEBUTOLOL,100MG,100,"ORAL; ORAL",Discontinued,TABLET,C07AB,"BETA BLOCKING AGENTS",2022-07-14,,"Business reasons",2022-07-14,2022-07-15,No
164638,02164418,Discontinuation,ACEBUTOLOL-200,"PRO DOC LIMITEE","ACEBUTOLOL 200",ACEBUTOLOL,200MG,100,"ORAL; ORAL",Discontinued,TABLET,C07AB,"BETA BLOCKING AGENTS",2022-07-14,,"Business reasons",2022-07-14,2022-07-15,No
40586,01999648,Discontinuation,"ACET CODEINE 30","PHARMASCIENCE INC","acetaminophen codeine","ACETAMINOPHEN; CODEINE PHOSPHATE","300MG; 30MG",500,ORAL,Discontinued,TABLET,N02AJ,OPIOIDS,2018-07-17,2018-03-26,"Other (Please describe in comments)",2018-02-22,2018-07-23,No
72608,01999656,Discontinuation,"ACET CODEINE 60","PHARMASCIENCE INC","ACET CODEINE","ACETAMINOPHEN; CODEINE PHOSPHATE","300MG; 60MG",100,ORAL,Discontinued,TABLET,N02AJ,OPIOIDS,2019-01-16,,"Business reasons",2019-01-16,2019-01-17,No
88139,02154234,Discontinuation,"ACETAMINOPHEN 300 MG WITH 15 MG CAFFEINE AND 8 MG CODEINE PHOSPHATE","VITA HEALTH PRODUCTS INC","Acetaminophen 300 mg with 15 mg Caffeine and 8 mg Codeine Phosphate","ACETAMINOPHEN; CODEINE PHOSPHATE; CAFFEINE","300MG; 8MG; 15MG","30, 50, 100, 200",ORAL,Discontinued,TABLET,N02AJ,OPIOIDS,2019-06-29,,"Other (Please describe in comments)",2019-07-02,2019-07-02,No
24237,00706221,Discontinuation,"ACETAMINOPHEN 325 MG WITH 15 MG CAFFEINE AND 8 MG CODEINE PHOSPHATE","VITA HEALTH PRODUCTS INC","Acetaminophen 325 mg with 15 mg Caffeine and 8 mg Codeine Phosphate","ACETAMINOPHEN; CODEINE PHOSPHATE; CAFFEINE","325MG; 8MG; 15MG","30, 50, 100, 200",ORAL,Discontinued,TABLET,N02AJ,OPIOIDS,2017-09-29,2017-09-29,"Business reasons",2017-10-03,2017-10-04,No
65585,02362341,Discontinuation,"ACETAMINOPHEN CAPLETS 325 MG","APOTEX INC","ACETAMINOPHEN CAPLETS 325mg",ACETAMINOPHEN,325MG,"30 BTL",ORAL,Discontinued,TABLET,N02BE,"OTHER ANALGESICS AND ANTIPYRETICS",2018-10-22,,"Business reasons",2018-10-25,2018-10-25,No
71222,02362341,Discontinuation,"ACETAMINOPHEN CAPLETS 325 MG","APOTEX INC","ACETAMINOPHEN TAB 325MG",ACETAMINOPHEN,325MG,"30 BTL",ORAL,Discontinued,TABLET,N02BE,"OTHER ANALGESICS AND ANTIPYRETICS",2018-07-12,,"Business reasons",2019-01-04,2019-01-04,No
71225,02362368,Discontinuation,"ACETAMINOPHEN CAPLETS 500 MG","APOTEX INC","ACETAMINOPHEN TAB 500MG",ACETAMINOPHEN,500MG,"30 BTL",ORAL,Discontinued,TABLET,N02BE,"OTHER ANALGESICS AND ANTIPYRETICS",2018-01-03,,"Business reasons",2019-01-04,2019-01-04,No
71192,02290901,Discontinuation,"ACETAMINOPHEN HEADACHE ULTRA RELIEF","APOTEX INC","ACETAMINOPHEN/CAFFEINE TAB 500/65MG","ACETAMINOPHEN; CAFFEINE","500MG; 65MG","20 BTL & 80 BTL",ORAL,Discontinued,TABLET,N02BE,"OTHER ANALGESICS AND ANTIPYRETICS",2017-12-12,,"Business reasons",2019-01-04,2019-01-04,No
71219,02362422,Discontinuation,"ACETAMINOPHEN TABLETS USP 325 MG","APOTEX INC","ACETAMINOPHEN TAB 325MG",ACETAMINOPHEN,325MG,"30 BTL",ORAL,Discontinued,TABLET,N02BE,"OTHER ANALGESICS AND ANTIPYRETICS",2018-01-03,,"Business reasons",2019-01-04,2019-01-04,No
71216,02362244,Discontinuation,"ACETAMINOPHEN TABLETS USP 500 MG","APOTEX INC","ACETAMINOPHEN TAB 500MG",ACETAMINOPHEN,500MG,"30 BTL",ORAL,Discontinued,TABLET,N02BE,"OTHER ANALGESICS AND ANTIPYRETICS",2018-01-03,,"Business reasons",2019-01-04,2019-01-04,No
25692,02028174,Discontinuation,"ACETAMINOPHEN, CAFFEINE & CODEINE","PHARMASCIENCE INC","ACETA COD","ACETAMINOPHEN; CODEINE PHOSPHATE; CAFFEINE","300MG; 8MG; 15MG",50,ORAL,Discontinued,TABLET,N02AJ,OPIOIDS,2017-10-12,2017-10-12,"Business reasons",2017-10-12,2017-10-13,No
25698,02025337,Discontinuation,"ACETAMINOPHEN, CAFFEINE & CODEINE","PHARMASCIENCE INC","ACETA COD","ACETAMINOPHEN; CODEINE PHOSPHATE; CAFFEINE","300MG; 8MG; 15MG",50,ORAL,Discontinued,TABLET,N02AJ,OPIOIDS,2017-10-12,2017-10-12,"Business reasons",2017-10-12,2017-10-13,No
117748,02025337,Discontinuation,"ACETAMINOPHEN, CAFFEINE & CODEINE","PHARMASCIENCE INC","ACETAMINOPHEN, CAFFEINE & CODEINE","CODEINE PHOSPHATE; CAFFEINE; ACETAMINOPHEN","8MG; 15MG; 300MG","100, 200",ORAL,Discontinued,TABLET,N02AJ,OPIOIDS,2020-06-15,2020-06-15,"Business reasons",2020-06-15,2021-10-27,No
117751,02028174,Discontinuation,"ACETAMINOPHEN, CAFFEINE & CODEINE","PHARMASCIENCE INC","ACETAMINOPHEN, CAFFEINE & CODEINE","ACETAMINOPHEN; CAFFEINE; CODEINE PHOSPHATE","300MG; 15MG; 8MG","100, 200",ORAL,Discontinued,TABLET,N02AJ,OPIOIDS,2020-06-15,2020-06-15,"Business reasons",2020-06-15,2021-10-27,No
52665,00382752,Discontinuation,"ACETAMINOPHENE 325TAB","PRO DOC LIMITEE",ACETAMINOPHENE,ACETAMINOPHEN,325MG,1000,ORAL,Discontinued,TABLET,N02BE,"OTHER ANALGESICS AND ANTIPYRETICS",2018-06-20,,"Business reasons",2018-06-20,2018-06-21,No
52668,00386626,Discontinuation,"ACETAMINOPHENE 500TAB","PRO DOC LIMITEE",ACETAMINOPHENE,ACETAMINOPHEN,500MG,1000,ORAL,Discontinued,TABLET,N02BE,"OTHER ANALGESICS AND ANTIPYRETICS",2018-06-20,2018-09-12,"Business reasons",2018-06-20,2018-09-11,No
258526,00834319,Discontinuation,"ACETAZONE FORTE C8","TEVA CANADA LIMITED","ACETAZONE FORTE C-8 TABLETS 20","CHLORZOXAZONE; ACETAMINOPHEN; CODEINE PHOSPHATE","250MG; 300MG; 8MG",20,"ORAL; ORAL",Discontinued,TABLET,M03BB,"MUSCLE RELAXANTS, CENTRALLY ACTING AGENTS",2021-12-01,,"Business reasons",2025-05-28,2025-05-28,No
7237,00774960,Discontinuation,"ACID CONCENTRATE 2120","BAXTER CORPORATION","Concentrated Hemodialysis Solution","DEXTROSE; ACETIC ACID; MAGNESIUM CHLORIDE; CALCIUM CHLORIDE; POTASSIUM CHLORIDE; SODIUM CHLORIDE","67.5G; 10.8G; 1.61G; 7.49G; 10.06G; 263G",4.5L,DIALYSIS,Discontinued,SOLUTION,B05,"HEMODIALYTICS AND HEMOFILTRATES",2012-01-11,2012-01-11,"Business reasons",2017-04-19,2017-12-22,No
7240,00770213,Discontinuation,"ACID CONCENTRATE 2125","BAXTER CORPORATION","Concentrated Hemodialysis Solution","DEXTROSE; ACETIC ACID; MAGNESIUM CHLORIDE; CALCIUM CHLORIDE; POTASSIUM CHLORIDE; SODIUM CHLORIDE","89.99G; 8.11G; 3.21G; 7.74G; 3.35G; 268.24G",4.5L,DIALYSIS,Discontinued,SOLUTION,B05,"HEMODIALYTICS AND HEMOFILTRATES",2011-12-15,2011-12-15,"Business reasons",2017-04-19,2017-12-22,No
7243,00771279,Discontinuation,"ACID CONCENTRATE 2139","BAXTER CORPORATION","Concentrated Hemodialysis Solution","DEXTROSE; ACETIC ACID; MAGNESIUM CHLORIDE; CALCIUM CHLORIDE; POTASSIUM CHLORIDE; SODIUM CHLORIDE","89.99G; 8.11G; 3.21G; 7.74G; 10.06G; 268.24G",4.5L,DIALYSIS,Discontinued,SOLUTION,B05,"HEMODIALYTICS AND HEMOFILTRATES",2008-01-16,2008-01-16,"Business reasons",2017-04-19,2017-12-22,No
7246,02210061,Discontinuation,"ACID CONCENTRATE 2152","BAXTER CORPORATION","Concentrated Hemodialysis Solution","DEXTROSE; ACETIC ACID; MAGNESIUM CHLORIDE; CALCIUM CHLORIDE; POTASSIUM CHLORIDE; SODIUM CHLORIDE","89.99G; 8.11G; 3.21G; 6.24G; 6.71G; 268.24G",4.5L,DIALYSIS,Discontinued,SOLUTION,B05,"HEMODIALYTICS AND HEMOFILTRATES",2011-06-15,2011-06-15,"Business reasons",2017-04-19,2017-12-22,No
7249,02209780,Discontinuation,"ACID CONCENTRATE 2163","BAXTER CORPORATION","Concentrated Hemodialysis Solution","DEXTROSE; ACETIC ACID; MAGNESIUM CHLORIDE; CALCIUM CHLORIDE; POTASSIUM CHLORIDE; SODIUM CHLORIDE","90G; 10.8G; 2.14G; 6.24G; 10.06G; 275G",4.5L,DIALYSIS,Discontinued,SOLUTION,B05,"HEMODIALYTICS AND HEMOFILTRATES",2017-04-01,2017-04-01,"Business reasons",2017-04-19,2017-12-22,No
7252,02210134,Discontinuation,"ACID CONCENTRATE 2171","BAXTER CORPORATION","Concentrated Hemodialysis Solution","DEXTROSE; ACETIC ACID; MAGNESIUM CHLORIDE; CALCIUM CHLORIDE; POTASSIUM CHLORIDE; SODIUM CHLORIDE","112.53G; 5.4G; 3.21G; 2.5G; 8.39G; 262.98G",4.5L,DIALYSIS,Discontinued,SOLUTION,B05,"HEMODIALYTICS AND HEMOFILTRATES",2015-05-12,2015-05-12,"Business reasons",2017-04-19,2017-12-22,No
7255,02239490,Discontinuation,"ACID CONCENTRATE 2198","BAXTER CORPORATION","Concentrated Hemodialysis Solution","ACETIC ACID; MAGNESIUM CHLORIDE; CALCIUM CHLORIDE; POTASSIUM CHLORIDE; SODIUM CHLORIDE","10.8G; 1.61G; 7.49G; 10.1G; 263G",4.5L,DIALYSIS,Discontinued,SOLUTION,B05,"HEMODIALYTICS AND HEMOFILTRATES",2004-01-07,2004-01-07,"Business reasons",2017-04-19,2017-12-22,No
7258,02158159,Discontinuation,"ACID CONCENTRATE D12264","BAXTER CORPORATION","Concentrated Hemodialysis Solution","DEXTROSE; ACETIC ACID; MAGNESIUM CHLORIDE; CALCIUM CHLORIDE; POTASSIUM CHLORIDE; SODIUM CHLORIDE","45G; 5.41G; 2.14G; 6.24G; 5.02G; 263G",4.5L,DIALYSIS,Discontinued,SOLUTION,B05,"HEMODIALYTICS AND HEMOFILTRATES",2008-01-01,2008-01-01,"Business reasons",2017-04-19,2017-12-22,No
7261,02217236,Discontinuation,"ACID CONCENTRATE D12292","BAXTER CORPORATION","Concentrated Hemodialysis Solution","ACETIC ACID; MAGNESIUM CHLORIDE; CALCIUM CHLORIDE; POTASSIUM CHLORIDE; SODIUM CHLORIDE","10.8G; 1.61G; 6.24G; 3.35G; 263G",4.5L,DIALYSIS,Discontinued,SOLUTION,B05,"HEMODIALYTICS AND HEMOFILTRATES",2016-04-19,2016-04-19,"Business reasons",2017-04-19,2017-12-22,No
7264,02218860,Discontinuation,"ACID CONCENTRATE D12304","BAXTER CORPORATION","Concentrated Hemodialysis Solution","DEXTROSE; ACETIC ACID; MAGNESIUM CHLORIDE; CALCIUM CHLORIDE; SODIUM CHLORIDE","90G; 10.8G; 1.61G; 7.48G; 263G",4.5L,DIALYSIS,Discontinued,SOLUTION,B05,"HEMODIALYTICS AND HEMOFILTRATES",2003-03-03,2003-03-03,"Business reasons",2017-04-19,2017-12-22,No
7267,02160870,Discontinuation,"ACID CONCENTRATE D12306","BAXTER CORPORATION","Concentrated Hemodialysis Solution","DEXTROSE; ACETIC ACID; MAGNESIUM CHLORIDE; CALCIUM CHLORIDE; SODIUM CHLORIDE","45G; 10.8G; 1.61G; 7.49G; 263G",4.5L,DIALYSIS,Discontinued,SOLUTION,B05,"HEMODIALYTICS AND HEMOFILTRATES",2017-04-01,2017-04-01,"Business reasons",2017-04-19,2017-12-22,No
70906,02240414,Discontinuation,"ACID CONTROL","APOTEX INC","FAMOTIDINE TAB 10MG",,,"30 BLS",,Discontinued,,,,2017-12-12,,"Business reasons",2019-01-03,2019-01-03,No
71198,02296098,Discontinuation,"ACID CONTROL","APOTEX INC","FAMOTIDINE TAB 20MG",,,"25 BLS",,Discontinued,,,,2017-12-12,,"Business reasons",2019-01-04,2019-01-04,No
71210,02296160,Discontinuation,"ACID REDUCER","APOTEX INC","RANITIDINE TAB 150MG",RANITIDINE,150MG,"24 BLS",ORAL,Discontinued,TABLET,A02BA,"DRUGS FOR PEPTIC ULCER AND GASTROESOPHAGEAL REFLUX DISEASE (GERD)",2018-03-21,,"Business reasons",2019-01-04,2019-01-04,No
65171,02376520,Discontinuation,"ACT CANDESARTAN","ACTAVIS PHARMA COMPANY",CANDESARTAN,"CANDESARTAN CILEXETIL",4MG,100,ORAL,Discontinued,TABLET,C09CA,"ANGIOTENSIN II ANTAGONISTS, PLAIN",2018-03-30,,"Business reasons",2018-10-22,2018-10-22,No
65050,02388650,Discontinuation,"ACT CANDESARTAN/HCT","ACTAVIS PHARMA COMPANY",CANDESARTAN/HCTZ,,,30,,Discontinued,,,,2018-01-31,,"Business reasons",2018-10-19,2018-10-19,No
65052,02388650,Discontinuation,"ACT CANDESARTAN/HCT","ACTAVIS PHARMA COMPANY",CANDESARTAN/HCTZ,,,100,,Discontinued,,,,2018-01-31,,"Business reasons",2018-10-19,2018-10-19,No
123648,02420155,Discontinuation,"ACT CELECOXIB","TEVA CANADA LIMITED","CELECOXIB 100MG CAPS",CELECOXIB,100MG,100,"ORAL; ORAL","To be discontinued",CAPSULE,M01AH,"ANTIINFLAMMATORY/ANTIRHEUMATIC PROD.,NON-STEROIDS",,2021-02-28,"Business reasons",2020-09-03,2020-09-03,No
123651,02420163,Discontinuation,"ACT CELECOXIB","TEVA CANADA LIMITED","CELECOXIB 200MG CAP",CELECOXIB,200MG,"100's & 500's","ORAL; ORAL","To be discontinued",CAPSULE,M01AH,"ANTIINFLAMMATORY/ANTIRHEUMATIC PROD.,NON-STEROIDS",,2021-02-28,"Business reasons",2020-09-03,2020-09-03,No
133874,02420163,Discontinuation,"ACT CELECOXIB","TEVA CANADA LIMITED","CELECOXIB 200MG CAPS",CELECOXIB,200MG,100,"ORAL; ORAL",Discontinued,CAPSULE,M01AH,"ANTIINFLAMMATORY/ANTIRHEUMATIC PROD.,NON-STEROIDS",2021-02-05,,"Business reasons",2021-02-12,2021-02-12,No
133880,02420155,Discontinuation,"ACT CELECOXIB","TEVA CANADA LIMITED","CELECOXIB 100MG CAPSULES  500",CELECOXIB,100MG,"500's & 100's","ORAL; ORAL",Discontinued,CAPSULE,M01AH,"ANTIINFLAMMATORY/ANTIRHEUMATIC PROD.,NON-STEROIDS",2021-02-05,,"Business reasons",2021-02-12,2021-02-12,No
65065,02303027,Discontinuation,"ACT CLOPIDOGREL","ACTAVIS PHARMA COMPANY",CLOPIDOGREL,,,30,,Discontinued,,,,2018-02-28,,"Business reasons",2018-10-19,2018-10-19,No
81381,02370611,Discontinuation,"ACT DILTIAZEM CD","TEVA CANADA LIMITED","DILTIAZEM CD","DILTIAZEM HYDROCHLORIDE",120MG,500,ORAL,Discontinued,"CAPSULE (EXTENDED RELEASE)",C08DB,"SELECTIVE CALC.CHANNEL BLOCK. W/DIRECT CARDIAC EFF",2019-01-09,,"Business reasons",2019-04-11,2019-04-11,No
81418,02370638,Discontinuation,"ACT DILTIAZEM CD","TEVA CANADA LIMITED","DILTIAZEM CD","DILTIAZEM HYDROCHLORIDE",180MG,500,ORAL,Discontinued,"CAPSULE (EXTENDED RELEASE)",C08DB,"SELECTIVE CALC.CHANNEL BLOCK. W/DIRECT CARDIAC EFF",2019-03-15,,"Business reasons",2019-04-11,2019-04-11,No
142915,02370611,Discontinuation,"ACT DILTIAZEM CD","TEVA CANADA LIMITED","DILTIAZEM CD 120MG CAP","DILTIAZEM HYDROCHLORIDE",120MG,100,"ORAL; ORAL",Discontinued,"CAPSULE (EXTENDED RELEASE)",C08DB,"SELECTIVE CALC.CHANNEL BLOCK. W/DIRECT CARDIAC EFF",2021-03-10,,"Business reasons",2021-07-22,2021-07-22,No
142918,02370654,Discontinuation,"ACT DILTIAZEM CD","TEVA CANADA LIMITED","DILTIAZEM CD 300MG CAP","DILTIAZEM HYDROCHLORIDE",300MG,100,"ORAL; ORAL",Discontinued,"CAPSULE (EXTENDED RELEASE)",C08DB,"SELECTIVE CALC.CHANNEL BLOCK. W/DIRECT CARDIAC EFF",2021-03-10,,"Business reasons",2021-07-22,2021-07-22,No
142921,02370638,Discontinuation,"ACT DILTIAZEM CD","TEVA CANADA LIMITED","DILTIAZEM CD 180MG CAP","DILTIAZEM HYDROCHLORIDE",180MG,100,"ORAL; ORAL",Discontinued,"CAPSULE (EXTENDED RELEASE)",C08DB,"SELECTIVE CALC.CHANNEL BLOCK. W/DIRECT CARDIAC EFF",2021-03-10,,"Business reasons",2021-07-22,2021-07-22,No
115114,02370522,Discontinuation,"ACT DILTIAZEM T","ACTAVIS PHARMA COMPANY","ACT DILTIAZEM T 360MG","DILTIAZEM HYDROCHLORIDE",360MG,100,"ORAL; ORAL",Discontinued,"CAPSULE (EXTENDED RELEASE)",C08DB,"SELECTIVE CALC.CHANNEL BLOCK. W/DIRECT CARDIAC EFF",2020-05-08,2020-05-08,"Business reasons",2020-05-14,2020-05-14,No
115117,02370441,Discontinuation,"ACT DILTIAZEM T","ACTAVIS PHARMA COMPANY","DILTIAZEM T 120MG TAB","DILTIAZEM HYDROCHLORIDE",120MG,100,"ORAL; ORAL",Discontinued,"CAPSULE (EXTENDED RELEASE)",C08DB,"SELECTIVE CALC.CHANNEL BLOCK. W/DIRECT CARDIAC EFF",2020-05-08,2020-05-08,"Business reasons",2020-05-14,2020-05-14,No
115120,02370492,Discontinuation,"ACT DILTIAZEM T","ACTAVIS PHARMA COMPANY","ACT- DILTIAZEM T 180MG TAB","DILTIAZEM HYDROCHLORIDE",180MG,100,"ORAL; ORAL",Discontinued,"CAPSULE (EXTENDED RELEASE)",C08DB,"SELECTIVE CALC.CHANNEL BLOCK. W/DIRECT CARDIAC EFF",2020-05-08,2020-05-08,"Business reasons",2020-05-14,2020-05-14,No
115123,02370506,Discontinuation,"ACT DILTIAZEM T","ACTAVIS PHARMA COMPANY","DILTIAZEM T 240MG TAB","DILTIAZEM HYDROCHLORIDE",240MG,100,"ORAL; ORAL",Discontinued,"CAPSULE (EXTENDED RELEASE)",C08DB,"SELECTIVE CALC.CHANNEL BLOCK. W/DIRECT CARDIAC EFF",2020-05-08,2020-05-08,"Business reasons",2020-05-14,2020-05-14,No
115126,02370514,Discontinuation,"ACT DILTIAZEM T","ACTAVIS PHARMA COMPANY","DILTIAZEM T 300MG TAB","DILTIAZEM HYDROCHLORIDE",300MG,100,"ORAL; ORAL",Discontinued,"CAPSULE (EXTENDED RELEASE)",C08DB,"SELECTIVE CALC.CHANNEL BLOCK. W/DIRECT CARDIAC EFF",2020-05-08,2020-05-08,"Business reasons",2020-05-14,2020-05-14,No
64872,02397625,Discontinuation,"ACT DONEPEZIL ODT","TEVA CANADA LIMITED","DONEPEZIL OD","DONEPEZIL HYDROCHLORIDE",10MG,28,ORAL,Discontinued,"TABLET (ORALLY DISINTEGRATING)",N06DA,"ANTI-DEMENTIA DRUGS",2018-05-31,,"Business reasons",2018-10-19,2018-10-19,No
64875,02397617,Discontinuation,"ACT DONEPEZIL ODT","TEVA CANADA LIMITED","DONEPEZIL OD","DONEPEZIL HYDROCHLORIDE",5MG,28,ORAL,Discontinued,"TABLET (ORALLY DISINTEGRATING)",N06DA,"ANTI-DEMENTIA DRUGS",2018-05-31,,"Business reasons",2018-10-19,2018-10-19,No
258586,02404389,Discontinuation,"ACT DORZOTIMOLOL","TEVA CANADA LIMITED","ACT DORZOTIMOLOL","TIMOLOL; DORZOLAMIDE","5MG; 20MG",10,"OPHTHALMIC; OPHTHALMIC",Discontinued,SOLUTION,S01ED,"ANTIGLAUCOMA PREPARATIONS AND MIOTICS",2019-05-01,,"Business reasons",2025-05-28,2025-05-28,No
258580,02412691,Discontinuation,"ACT DUTASTERIDE","TEVA CANADA LIMITED","ACT DUTASTERIDE",DUTASTERIDE,0.5MG,"100, 30","ORAL; ORAL",Discontinued,CAPSULE,G04CB,"DRUGS USED IN BENIGN PROSTATIC HYPERTROPHY",2019-05-01,,"Business reasons",2025-05-28,2025-05-28,No
258676,02291894,Discontinuation,"ACT ENALAPRIL","TEVA CANADA LIMITED","ACT ENALAPRIL","ENALAPRIL SODIUM",8MG,500,"ORAL; ORAL",Discontinued,TABLET,C09AA,"ACE INHIBITORS, PLAIN",2017-04-07,,"Business reasons",2025-05-28,2025-05-28,No
258682,02291886,Discontinuation,"ACT ENALAPRIL","TEVA CANADA LIMITED","ACT ENALAPRIL","ENALAPRIL SODIUM",4MG,30,"ORAL; ORAL",Discontinued,TABLET,C09AA,"ACE INHIBITORS, PLAIN",2017-04-07,,"Business reasons",2025-05-28,2025-05-28,No
64520,02313561,Discontinuation,"ACT ESCITALOPRAM","TEVA CANADA LIMITED",ESCITALOPRAM,,,100,,Discontinued,,,,2018-01-31,,"Business reasons",2018-10-17,2018-10-17,No
64526,02313561,Discontinuation,"ACT ESCITALOPRAM","TEVA CANADA LIMITED",ESCITALOPRAM,,,30,,Discontinued,,,,2018-01-31,,"Business reasons",2018-10-17,2018-10-17,No
64529,02313561,Discontinuation,"ACT ESCITALOPRAM","TEVA CANADA LIMITED",ESCITALOPRAM,,,500,,Discontinued,,,,2018-01-31,,"Business reasons",2018-10-17,2018-10-17,No
64532,02313588,Discontinuation,"ACT ESCITALOPRAM","TEVA CANADA LIMITED",ESCITALOPRAM,,,100,,Discontinued,,,,2018-01-31,,"Business reasons",2018-10-17,2018-10-17,No
64535,02313588,Discontinuation,"ACT ESCITALOPRAM","TEVA CANADA LIMITED",ESCITALOPRAM,,,30,,Discontinued,,,,2018-01-31,,"Business reasons",2018-10-17,2018-10-17,No
76486,02263866,Discontinuation,"ACT ETIDROCAL","ACTAVIS PHARMA COMPANY",ETIDROCAL,"ETIDRONATE DISODIUM; CALCIUM","400MG; 500MG",90,ORAL,Discontinued,TABLET,M05BB,"DRUGS AFFECTING BONE STRUCTURE AND MINERALIZATION",2019-02-28,2019-02-28,"Business reasons",2019-02-21,2019-03-01,No
65281,02354462,Discontinuation,"ACT FINASTERIDE","ACTAVIS PHARMA COMPANY",FINASTERIDE,FINASTERIDE,5MG,30,ORAL,Discontinued,TABLET,G04CB,"DRUGS USED IN BENIGN PROSTATIC HYPERTROPHY",2018-05-31,,"Business reasons",2018-10-22,2018-10-22,No
258697,02281260,Discontinuation,"ACT FLUCONAZOLE","TEVA CANADA LIMITED",ACT-FLUCONAZOLE,FLUCONAZOLE,50MG,50,"ORAL; ORAL",Discontinued,TABLET,J02AC,"ANTIMYCOTICS FOR SYSTEMIC USE",2024-12-20,,"Business reasons",2025-05-28,2025-05-28,No
258703,02281279,Discontinuation,"ACT FLUCONAZOLE","TEVA CANADA LIMITED",ACT-FLUCONAZOLE,FLUCONAZOLE,100MG,50,"ORAL; ORAL",Discontinued,TABLET,J02AC,"ANTIMYCOTICS FOR SYSTEMIC USE",2024-12-20,,"Business reasons",2025-05-28,2025-05-28,No
63998,02433117,Discontinuation,"ACT GEMCITABINE","ACTAVIS PHARMA COMPANY",GEMCITABINE,GEMCITABINE,38MG,1,INTRAVENOUS,Discontinued,SOLUTION,L01BC,ANTIMETABOLITES,2018-06-30,,"Business reasons",2018-10-12,2018-10-12,No
65068,02357399,Discontinuation,"ACT IRBESARTAN/HCT","ACTAVIS PHARMA COMPANY",IRBESARTAN/HCT,,,100,,Discontinued,,,,2018-02-28,,"Business reasons",2018-10-19,2018-10-19,No
65071,02357402,Discontinuation,"ACT IRBESARTAN/HCT","ACTAVIS PHARMA COMPANY",IRBESARTAN/HCT,,,100,,Discontinued,,,,2018-02-28,,"Business reasons",2018-10-19,2018-10-19,No
65074,02357410,Discontinuation,"ACT IRBESARTAN/HCT","ACTAVIS PHARMA COMPANY",IRBESARTAN/HCT,,,100,,Discontinued,,,,2018-02-28,,"Business reasons",2018-10-19,2018-10-19,No
104304,02274191,Discontinuation,"ACT LEVETIRACETAM","TEVA CANADA LIMITED","ACT-LEVETIRACETAM 500MG FC TAB",LEVETIRACETAM,500MG,100,ORAL,Discontinued,TABLET,N03AX,ANTIEPILEPTICS,2019-12-05,,"Business reasons",2020-01-24,2020-01-24,No
266377,02315424,Discontinuation,"ACT LEVOFLOXACIN","TEVA CANADA LIMITED","LEVOFLOXACIN 250MG",LEVOFLOXACIN,250MG,50,"ORAL; ORAL",Discontinued,TABLET,J01MA,"QUINOLONE ANTIBACTERIALS",2025-08-28,,"Business reasons",2025-09-02,2025-09-02,No
266380,02315432,Discontinuation,"ACT LEVOFLOXACIN","TEVA CANADA LIMITED","LEVOFLOXACIN 500MG",LEVOFLOXACIN,500MG,100,"ORAL; ORAL",Discontinued,TABLET,J01MA,"QUINOLONE ANTIBACTERIALS",2025-08-28,,"Business reasons",2025-09-02,2025-09-02,No
266383,02315440,Discontinuation,"ACT LEVOFLOXACIN","TEVA CANADA LIMITED","LEVOFLOXACIN 750MG",LEVOFLOXACIN,750MG,50,"ORAL; ORAL",Discontinued,TABLET,J01MA,"QUINOLONE ANTIBACTERIALS",2025-08-28,,"Business reasons",2025-09-02,2025-09-02,No
65121,02271451,Discontinuation,"ACT LISINOPRIL","ACTAVIS PHARMA COMPANY",LISINOPRIL,,,100,,Discontinued,,,,2018-02-28,,"Business reasons",2018-10-22,2018-10-22,No
65124,02271478,Discontinuation,"ACT LISINOPRIL","ACTAVIS PHARMA COMPANY",LISINOPRIL,,,100,,Discontinued,,,,2018-02-28,,"Business reasons",2018-10-22,2018-10-22,No
65127,02271443,Discontinuation,"ACT LISINOPRIL","ACTAVIS PHARMA COMPANY",LISINOPRIL,,,100,,Discontinued,,,,2018-02-28,,"Business reasons",2018-10-22,2018-10-22,No
65130,02354845,Discontinuation,"ACT LOSARTAN","ACTAVIS PHARMA COMPANY",LOSARTAN,"LOSARTAN POTASSIUM",100MG,30,ORAL,Discontinued,TABLET,C09CA,"ANGIOTENSIN II ANTAGONISTS, PLAIN",2018-02-28,,"Business reasons",2018-10-22,2018-10-22,No
65133,02354829,Discontinuation,"ACT LOSARTAN","ACTAVIS PHARMA COMPANY",LOSARTAN,"LOSARTAN POTASSIUM",25MG,100,ORAL,Discontinued,TABLET,C09CA,"ANGIOTENSIN II ANTAGONISTS, PLAIN",2018-02-28,,"Business reasons",2018-10-22,2018-10-22,No
65136,02354829,Discontinuation,"ACT LOSARTAN","ACTAVIS PHARMA COMPANY",LOSARTAN,"LOSARTAN POTASSIUM",25MG,30,ORAL,Discontinued,TABLET,C09CA,"ANGIOTENSIN II ANTAGONISTS, PLAIN",2018-02-28,,"Business reasons",2018-10-22,2018-10-22,No
65312,02354845,Discontinuation,"ACT LOSARTAN","ACTAVIS PHARMA COMPANY",LOSARTAN,"LOSARTAN POTASSIUM",100MG,100,ORAL,Discontinued,TABLET,C09CA,"ANGIOTENSIN II ANTAGONISTS, PLAIN",2018-07-31,,"Business reasons",2018-10-22,2018-10-22,No
65315,02354837,Discontinuation,"ACT LOSARTAN","ACTAVIS PHARMA COMPANY",LOSARTAN,"LOSARTAN POTASSIUM",50MG,100,ORAL,Discontinued,TABLET,C09CA,"ANGIOTENSIN II ANTAGONISTS, PLAIN",2018-07-31,,"Business reasons",2018-10-22,2018-10-22,No
65319,02354837,Discontinuation,"ACT LOSARTAN","ACTAVIS PHARMA COMPANY",LOSARTAN,"LOSARTAN POTASSIUM",50MG,30,ORAL,Discontinued,TABLET,C09CA,"ANGIOTENSIN II ANTAGONISTS, PLAIN",2018-07-31,,"Business reasons",2018-10-22,2018-10-22,No
97581,02393603,Discontinuation,"ACT NABILONE","ACTAVIS PHARMA COMPANY","NABILONE 1MG CAPSULES",NABILONE,1MG,"50's &100's",ORAL,Discontinued,CAPSULE,A04AD,"ANTIEMETICS AND ANTINAUSEANTS",2019-10-31,2019-10-31,"Business reasons",2019-10-31,2019-11-01,No
126452,02393581,Discontinuation,"ACT NABILONE","TEVA CANADA LIMITED","ACT-NABILONE 0.5 MG CAPS",NABILONE,0.5MG,100,"ORAL; ORAL",Discontinued,CAPSULE,A04AD,"ANTIEMETICS AND ANTINAUSEANTS",2020-08-21,2020-08-21,"Business reasons",2020-10-15,2020-10-15,No
146066,02393581,Discontinuation,"ACT NABILONE","TEVA CANADA LIMITED","NABILONE 0.5MG CAPSULES",NABILONE,0.5MG,50,"ORAL; ORAL",Discontinued,CAPSULE,A04AD,"ANTIEMETICS AND ANTINAUSEANTS",2021-09-10,,"Business reasons",2021-09-23,2021-09-23,No
97256,02327562,Discontinuation,"ACT OLANZAPINE ODT","TEVA CANADA LIMITED","OLANZAPINE 5MG ODT",OLANZAPINE,5MG,30,ORAL,Discontinued,"TABLET (ORALLY DISINTEGRATING)",N05AH,ANTIPSYCHOTICS,2019-10-25,,"Business reasons",2019-10-25,2019-10-26,No
104277,02327589,Discontinuation,"ACT OLANZAPINE ODT","TEVA CANADA LIMITED","OLANZAPINE 15MG OD TABLETS",OLANZAPINE,15MG,30UD,ORAL,Discontinued,"TABLET (ORALLY DISINTEGRATING)",N05AH,ANTIPSYCHOTICS,2019-12-05,,"Business reasons",2020-01-24,2020-01-24,No
117497,02442191,Discontinuation,"ACT OLMESARTAN","TEVA CANADA LIMITED","OLMESARTAN 20MG FC TAB","OLMESARTAN MEDOXOMIL",20MG,"100's and 30's","ORAL; ORAL",Discontinued,TABLET,C09CA,"ANGIOTENSIN II ANTAGONISTS, PLAIN",2020-06-08,,"Business reasons",2020-06-11,2020-06-11,No
117500,02442205,Discontinuation,"ACT OLMESARTAN","TEVA CANADA LIMITED","OLMESARTAN 40MG FC TAB","OLMESARTAN MEDOXOMIL",40MG,"100's and 30's","ORAL; ORAL",Discontinued,TABLET,C09CA,"ANGIOTENSIN II ANTAGONISTS, PLAIN",2020-06-08,,"Business reasons",2020-06-11,2020-06-11,No
117513,02443112,Discontinuation,"ACT OLMESARTAN HCT","TEVA CANADA LIMITED","OLMESARTAN/HCTZ 20/12.5MG FC TAB","OLMESARTAN MEDOXOMIL; HYDROCHLOROTHIAZIDE","20MG; 12.5MG","30's and 100's","ORAL; ORAL",Discontinued,TABLET,C09DA,"ANGIOTENSIN II ANTAGONISTS, COMBINATIONS",2020-06-08,,"Business reasons",2020-06-11,2020-06-11,No
117516,02443120,Discontinuation,"ACT OLMESARTAN HCT","TEVA CANADA LIMITED","OLMESARTAN/HCTZ 40/12.5MG FC TABLET","OLMESARTAN MEDOXOMIL; HYDROCHLOROTHIAZIDE","40MG; 12.5MG","30's and 100's","ORAL; ORAL",Discontinued,TABLET,C09DA,"ANGIOTENSIN II ANTAGONISTS, COMBINATIONS",2020-06-08,,"Business reasons",2020-06-11,2020-06-11,No
117519,02443139,Discontinuation,"ACT OLMESARTAN HCT","TEVA CANADA LIMITED","OLMESARTAN/HCTZ 40/25MG FC TABLETS","OLMESARTAN MEDOXOMIL; HYDROCHLOROTHIAZIDE","40MG; 25MG","100's and 30's","ORAL; ORAL",Discontinued,TABLET,C09DA,"ANGIOTENSIN II ANTAGONISTS, COMBINATIONS",2020-06-08,,"Business reasons",2020-06-11,2020-06-11,No
63983,02394189,Discontinuation,"ACT OXYCODONE CR","ACTAVIS PHARMA COMPANY",OXYCODONE,"OXYCODONE HYDROCHLORIDE",10MG,100,ORAL,Discontinued,"TABLET (EXTENDED-RELEASE)",N02AA,OPIOIDS,2018-06-30,,"Business reasons",2018-10-12,2018-10-12,No
63986,02394197,Discontinuation,"ACT OXYCODONE CR","ACTAVIS PHARMA COMPANY",OXYCODONE,"OXYCODONE HYDROCHLORIDE",20MG,100,ORAL,Discontinued,"TABLET (EXTENDED-RELEASE)",N02AA,OPIOIDS,2018-06-30,,"Business reasons",2018-10-12,2018-10-12,No
63989,02394200,Discontinuation,"ACT OXYCODONE CR","ACTAVIS PHARMA COMPANY",OXYCODONE,"OXYCODONE HYDROCHLORIDE",40MG,100,ORAL,Discontinued,"TABLET (EXTENDED-RELEASE)",N02AA,OPIOIDS,2018-06-30,,"Business reasons",2018-10-12,2018-10-12,No
63992,02394219,Discontinuation,"ACT OXYCODONE CR","ACTAVIS PHARMA COMPANY",OXYCODONE,"OXYCODONE HYDROCHLORIDE",80MG,100,ORAL,Discontinued,"TABLET (EXTENDED-RELEASE)",N02AA,OPIOIDS,2018-06-30,,"Business reasons",2018-10-12,2018-10-12,No
65328,02394170,Discontinuation,"ACT OXYCODONE CR","ACTAVIS PHARMA COMPANY",OXYCODONE,"OXYCODONE HYDROCHLORIDE",5MG,100,ORAL,Discontinued,"TABLET (EXTENDED-RELEASE)",N02AA,OPIOIDS,2018-08-30,,"Business reasons",2018-10-22,2018-10-22,No
65057,02262762,Discontinuation,"ACT PAROXETINE","ACTAVIS PHARMA COMPANY",PAROXETINE,PAROXETINE,30MG,100,ORAL,Discontinued,TABLET,N06AB,ANTIDEPRESSANTS,2018-01-31,,"Business reasons",2018-10-19,2018-10-19,No
65061,02262746,Discontinuation,"ACT PAROXETINE","ACTAVIS PHARMA COMPANY",PAROXETINE,PAROXETINE,10MG,100,ORAL,Discontinued,TABLET,N06AB,ANTIDEPRESSANTS,2018-01-31,,"Business reasons",2018-10-19,2018-10-19,No
104300,02262754,Discontinuation,"ACT PAROXETINE","ACTAVIS PHARMA COMPANY","PAROXETINE TABLETS",PAROXETINE,20MG,500,ORAL,Discontinued,TABLET,N06AB,ANTIDEPRESSANTS,2020-01-23,,"Business reasons",2020-01-24,2020-01-24,No
65210,02402920,Discontinuation,"ACT PREGABALIN","ACTAVIS PHARMA COMPANY",PREGABALIN,PREGABALIN,50MG,100,ORAL,Discontinued,CAPSULE,N03AX,ANTIEPILEPTICS,2018-04-30,,"Business reasons",2018-10-22,2018-10-22,No
65224,02402955,Discontinuation,"ACT PREGABALIN","ACTAVIS PHARMA COMPANY",PREGABALIN,PREGABALIN,150MG,100,ORAL,Discontinued,CAPSULE,N03AX,ANTIEPILEPTICS,2018-04-30,,"Business reasons",2018-10-22,2018-10-22,No
65227,02402912,Discontinuation,"ACT PREGABALIN","ACTAVIS PHARMA COMPANY",PREGABALIN,PREGABALIN,25MG,100,ORAL,Discontinued,CAPSULE,N03AX,ANTIEPILEPTICS,2018-04-30,,"Business reasons",2018-10-22,2018-10-22,No
65232,02402998,Discontinuation,"ACT PREGABALIN","ACTAVIS PHARMA COMPANY",PREGABALIN,PREGABALIN,300MG,100,ORAL,Discontinued,CAPSULE,N03AX,ANTIEPILEPTICS,2018-04-30,,"Business reasons",2018-10-22,2018-10-22,No
65236,02402939,Discontinuation,"ACT PREGABALIN","ACTAVIS PHARMA COMPANY",PREGABALIN,PREGABALIN,75MG,100,ORAL,Discontinued,CAPSULE,N03AX,ANTIEPILEPTICS,2018-04-30,,"Business reasons",2018-10-22,2018-10-22,No
65239,02402971,Discontinuation,"ACT PREGABALIN","ACTAVIS PHARMA COMPANY",PREGABALIN,PREGABALIN,225MG,100,ORAL,Discontinued,CAPSULE,N03AX,ANTIEPILEPTICS,2018-04-30,,"Business reasons",2018-10-22,2018-10-22,No
65242,02402920,Discontinuation,"ACT PREGABALIN","ACTAVIS PHARMA COMPANY",PREGABALIN,PREGABALIN,50MG,500,ORAL,Discontinued,CAPSULE,N03AX,ANTIEPILEPTICS,2018-04-30,,"Business reasons",2018-10-22,2018-10-22,No
65245,02402912,Discontinuation,"ACT PREGABALIN","ACTAVIS PHARMA COMPANY",PREGABALIN,PREGABALIN,25MG,500,ORAL,Discontinued,CAPSULE,N03AX,ANTIEPILEPTICS,2018-04-30,,"Business reasons",2018-10-22,2018-10-22,No
65248,02402939,Discontinuation,"ACT PREGABALIN","ACTAVIS PHARMA COMPANY",PREGABALIN,PREGABALIN,75MG,500,ORAL,Discontinued,CAPSULE,N03AX,ANTIEPILEPTICS,2018-04-30,,"Business reasons",2018-10-22,2018-10-22,No
65251,02402955,Discontinuation,"ACT PREGABALIN","ACTAVIS PHARMA COMPANY",PREGABALIN,PREGABALIN,150MG,500,ORAL,Discontinued,CAPSULE,N03AX,ANTIEPILEPTICS,2018-04-30,,"Business reasons",2018-10-22,2018-10-22,No
256082,02446820,Discontinuation,"ACT PROGESTERONE INJECTION","TEVA CANADA LIMITED","PROGESTERONE INJECTION 500MG/10ML",PROGESTERONE,50MG,1,"INTRAMUSCULAR; INTRAMUSCULAR",Discontinued,SOLUTION,G03DA,PROGESTOGENS,2025-04-07,,"Business reasons",2025-04-29,2025-04-29,No
258417,02446820,Discontinuation,"ACT PROGESTERONE INJECTION","TEVA CANADA LIMITED","ACT PROGESTERONE INJECTION",PROGESTERONE,50MG,INJ,"INTRAMUSCULAR; INTRAMUSCULAR",Discontinued,SOLUTION,G03DA,PROGESTOGENS,2025-04-07,,"Business reasons",2025-05-28,2025-05-28,No
258643,02316129,Discontinuation,"ACT QUETIAPINE","TEVA CANADA LIMITED","ACT QUETIAPINE",QUETIAPINE,300MG,500,"ORAL; ORAL",Discontinued,TABLET,N05AH,ANTIPSYCHOTICS,2017-01-19,,"Business reasons",2025-05-28,2025-05-28,No
258648,02316110,Discontinuation,"ACT QUETIAPINE","TEVA CANADA LIMITED","ACT QUETIAPINE",QUETIAPINE,200MG,500,"ORAL; ORAL",Discontinued,TABLET,N05AH,ANTIPSYCHOTICS,2017-01-19,,"Business reasons",2025-05-28,2025-05-28,No
63995,02295482,Discontinuation,"ACT RAMIPRIL","ACTAVIS PHARMA COMPANY",RAMIPRIL,RAMIPRIL,1.25MG,100,ORAL,Discontinued,CAPSULE,C09AA,"ACE INHIBITORS, PLAIN",2018-06-30,,"Business reasons",2018-10-12,2018-10-12,No
65139,02295504,Discontinuation,"ACT RAMIPRIL","ACTAVIS PHARMA COMPANY",RAMIPRIL,RAMIPRIL,5MG,500,ORAL,Discontinued,CAPSULE,C09AA,"ACE INHIBITORS, PLAIN",2018-02-28,,"Business reasons",2018-10-22,2018-10-22,No
65143,02295504,Discontinuation,"ACT RAMIPRIL","ACTAVIS PHARMA COMPANY",RAMIPRIL,RAMIPRIL,5MG,100,ORAL,Discontinued,CAPSULE,C09AA,"ACE INHIBITORS, PLAIN",2018-02-28,,"Business reasons",2018-10-22,2018-10-22,No
65146,02295504,Discontinuation,"ACT RAMIPRIL","ACTAVIS PHARMA COMPANY",RAMIPRIL,RAMIPRIL,5MG,30,ORAL,Discontinued,CAPSULE,C09AA,"ACE INHIBITORS, PLAIN",2018-02-28,,"Business reasons",2018-10-22,2018-10-22,No
115079,02248570,Discontinuation,"ACT RANITIDINE","TEVA CANADA LIMITED","RANITIDINE 150MG TAB",RANITIDINE,150MG,"60 Bot, 60 U/D, 100, 500","ORAL; ORAL",Discontinued,TABLET,A02BA,"DRUGS FOR PEPTIC ULCER AND GASTROESOPHAGEAL REFLUX DISEASE (GERD)",2020-05-08,2020-05-08,"Business reasons",2020-05-14,2020-05-14,No
115082,02248571,Discontinuation,"ACT RANITIDINE","TEVA CANADA LIMITED","RANITIDINE 300MG TAB",RANITIDINE,300MG,100,"ORAL; ORAL",Discontinued,TABLET,A02BA,"DRUGS FOR PEPTIC ULCER AND GASTROESOPHAGEAL REFLUX DISEASE (GERD)",2020-05-08,2020-05-08,"Business reasons",2020-05-14,2020-05-14,No
142912,02381702,Discontinuation,"ACT RIZATRIPTAN","TEVA CANADA LIMITED","ACT RIZATRIPTAN 10 MG TABLETS",RIZATRIPTAN,10MG,"6's and 12's","ORAL; ORAL",Discontinued,TABLET,N02CC,"ANTIMIGRAINE PREPARATIONS",2021-07-15,,"Business reasons",2021-07-22,2021-07-22,No
65182,02374749,Discontinuation,"ACT RIZATRIPTAN ODT","ACTAVIS PHARMA COMPANY","RIZATRIPTAN OD",RIZATRIPTAN,10MG,6,ORAL,Discontinued,"TABLET (ORALLY DISINTEGRATING)",N02CC,"ANTIMIGRAINE PREPARATIONS",2018-03-30,,"Business reasons",2018-10-22,2018-10-22,No
65185,02374730,Discontinuation,"ACT RIZATRIPTAN ODT","ACTAVIS PHARMA COMPANY","RIZATRIPTAN OD",RIZATRIPTAN,5MG,6,ORAL,Discontinued,"TABLET (ORALLY DISINTEGRATING)",N02CC,"ANTIMIGRAINE PREPARATIONS",2018-03-30,,"Business reasons",2018-10-22,2018-10-22,No
65188,02374730,Discontinuation,"ACT RIZATRIPTAN ODT","ACTAVIS PHARMA COMPANY","RIZATRIPTAN OD",RIZATRIPTAN,5MG,12,ORAL,Discontinued,"TABLET (ORALLY DISINTEGRATING)",N02CC,"ANTIMIGRAINE PREPARATIONS",2018-03-30,,"Business reasons",2018-10-22,2018-10-22,No
65193,02374749,Discontinuation,"ACT RIZATRIPTAN ODT","ACTAVIS PHARMA COMPANY","RIZATRIPTAN OD",RIZATRIPTAN,10MG,12,ORAL,Discontinued,"TABLET (ORALLY DISINTEGRATING)",N02CC,"ANTIMIGRAINE PREPARATIONS",2018-03-30,,"Business reasons",2018-10-22,2018-10-22,No
65149,02339803,Discontinuation,"ACT ROSUVASTATIN","ACTAVIS PHARMA COMPANY",ROSUVASTATIN,ROSUVASTATIN,40MG,100,ORAL,Discontinued,TABLET,C10AA,"LIPID MODIFYING AGENTS, PLAIN",2018-02-28,,"Business reasons",2018-10-22,2018-10-22,No
65152,02339773,Discontinuation,"ACT ROSUVASTATIN","ACTAVIS PHARMA COMPANY",ROSUVASTATIN,ROSUVASTATIN,10MG,30,ORAL,Discontinued,TABLET,C10AA,"LIPID MODIFYING AGENTS, PLAIN",2018-02-28,,"Business reasons",2018-10-22,2018-10-22,No
65157,02339773,Discontinuation,"ACT ROSUVASTATIN","ACTAVIS PHARMA COMPANY",ROSUVASTATIN,ROSUVASTATIN,10MG,100,ORAL,Discontinued,TABLET,C10AA,"LIPID MODIFYING AGENTS, PLAIN",2018-02-28,,"Business reasons",2018-10-22,2018-10-22,No
65160,02339781,Discontinuation,"ACT ROSUVASTATIN","ACTAVIS PHARMA COMPANY",ROSUVASTATIN,ROSUVASTATIN,20MG,100,ORAL,Discontinued,TABLET,C10AA,"LIPID MODIFYING AGENTS, PLAIN",2018-02-28,,"Business reasons",2018-10-22,2018-10-22,No
65165,02339781,Discontinuation,"ACT ROSUVASTATIN","ACTAVIS PHARMA COMPANY",ROSUVASTATIN,ROSUVASTATIN,20MG,30,ORAL,Discontinued,TABLET,C10AA,"LIPID MODIFYING AGENTS, PLAIN",2018-02-28,,"Business reasons",2018-10-22,2018-10-22,No
65168,02339803,Discontinuation,"ACT ROSUVASTATIN","ACTAVIS PHARMA COMPANY",ROSUVASTATIN,ROSUVASTATIN,40MG,30,ORAL,Discontinued,TABLET,C10AA,"LIPID MODIFYING AGENTS, PLAIN",2018-02-28,,"Business reasons",2018-10-22,2018-10-22,No
65258,02339765,Discontinuation,"ACT ROSUVASTATIN","ACTAVIS PHARMA COMPANY",ROSUVASTATIN,ROSUVASTATIN,5MG,500,ORAL,Discontinued,TABLET,C10AA,"LIPID MODIFYING AGENTS, PLAIN",2018-05-31,,"Business reasons",2018-10-22,2018-10-22,No
65261,02339765,Discontinuation,"ACT ROSUVASTATIN","ACTAVIS PHARMA COMPANY",ROSUVASTATIN,ROSUVASTATIN,5MG,100,ORAL,Discontinued,TABLET,C10AA,"LIPID MODIFYING AGENTS, PLAIN",2018-05-31,,"Business reasons",2018-10-22,2018-10-22,No
65275,02339803,Discontinuation,"ACT ROSUVASTATIN","ACTAVIS PHARMA COMPANY",ROSUVASTATIN,ROSUVASTATIN,40MG,500,ORAL,Discontinued,TABLET,C10AA,"LIPID MODIFYING AGENTS, PLAIN",2018-05-31,,"Business reasons",2018-10-22,2018-10-22,No
65308,02339765,Discontinuation,"ACT ROSUVASTATIN","ACTAVIS PHARMA COMPANY",ROSUVASTATIN,ROSUVASTATIN,5MG,30,ORAL,Discontinued,TABLET,C10AA,"LIPID MODIFYING AGENTS, PLAIN",2017-07-31,,"Business reasons",2018-10-22,2018-10-22,No
65322,02339773,Discontinuation,"ACT ROSUVASTATIN","ACTAVIS PHARMA COMPANY",ROSUVASTATIN,ROSUVASTATIN,10MG,500,ORAL,Discontinued,TABLET,C10AA,"LIPID MODIFYING AGENTS, PLAIN",2018-07-31,,"Business reasons",2018-10-22,2018-10-22,No
65325,02339781,Discontinuation,"ACT ROSUVASTATIN","ACTAVIS PHARMA COMPANY",ROSUVASTATIN,ROSUVASTATIN,20MG,500,ORAL,Discontinued,TABLET,C10AA,"LIPID MODIFYING AGENTS, PLAIN",2018-07-31,,"Business reasons",2018-10-22,2018-10-22,No
65284,02428652,Discontinuation,"ACT TADALAFIL","ACTAVIS PHARMA COMPANY",TADALAFIL,,,30,,Discontinued,,,,2018-05-31,,"Business reasons",2018-10-22,2018-10-22,No
65289,02428652,Discontinuation,"ACT TADALAFIL","ACTAVIS PHARMA COMPANY",TADALAFIL,,,4,,Discontinued,,,,2018-05-31,,"Business reasons",2018-10-22,2018-10-22,No
65264,02337509,Discontinuation,"ACT VALSARTAN","ACTAVIS PHARMA COMPANY",VALSARTAN,VALSARTAN,160MG,100,ORAL,Discontinued,TABLET,C09CA,"ANGIOTENSIN II ANTAGONISTS, PLAIN",2018-05-31,,"Business reasons",2018-10-22,2018-10-22,No
65267,02337517,Discontinuation,"ACT VALSARTAN","ACTAVIS PHARMA COMPANY",VALSARTAN,VALSARTAN,320MG,100,ORAL,Discontinued,TABLET,C09CA,"ANGIOTENSIN II ANTAGONISTS, PLAIN",2018-05-31,,"Business reasons",2018-10-22,2018-10-22,No
65272,02337487,Discontinuation,"ACT VALSARTAN","ACTAVIS PHARMA COMPANY",VALSARTAN,VALSARTAN,40MG,100,ORAL,Discontinued,TABLET,C09CA,"ANGIOTENSIN II ANTAGONISTS, PLAIN",2018-05-31,,"Business reasons",2018-10-22,2018-10-22,No
65278,02337495,Discontinuation,"ACT VALSARTAN","ACTAVIS PHARMA COMPANY",VALSARTAN,VALSARTAN,80MG,100,ORAL,Discontinued,TABLET,C09CA,"ANGIOTENSIN II ANTAGONISTS, PLAIN",2018-05-31,,"Business reasons",2018-10-22,2018-12-07,No
65292,02304325,Discontinuation,"ACT VENLAFAXINE XR","ACTAVIS PHARMA COMPANY","VENLAFAXINE XR",VENLAFAXINE,75.0MG,500,ORAL,Discontinued,"CAPSULE (EXTENDED RELEASE)",N06AX,ANTIDEPRESSANTS,2018-06-30,,"Business reasons",2018-10-22,2018-10-22,No
65295,02304325,Discontinuation,"ACT VENLAFAXINE XR","ACTAVIS PHARMA COMPANY","VENLAFAXINE XR",VENLAFAXINE,75.0MG,100,ORAL,Discontinued,"CAPSULE (EXTENDED RELEASE)",N06AX,ANTIDEPRESSANTS,2018-06-30,,"Business reasons",2018-10-22,2018-10-22,No
65298,02304317,Discontinuation,"ACT VENLAFAXINE XR","ACTAVIS PHARMA COMPANY","VENLAFAXINE XR",VENLAFAXINE,37.5MG,500,ORAL,Discontinued,"CAPSULE (EXTENDED RELEASE)",N06AX,ANTIDEPRESSANTS,2018-06-30,,"Business reasons",2018-10-22,2018-10-22,No
65305,02304333,Discontinuation,"ACT VENLAFAXINE XR","ACTAVIS PHARMA COMPANY","VENLAFAXINE XR",VENLAFAXINE,150.0MG,500,ORAL,Discontinued,"CAPSULE (EXTENDED RELEASE)",N06AX,ANTIDEPRESSANTS,2018-06-30,,"Business reasons",2018-10-22,2018-10-22,No
65191,02271931,Discontinuation,"ACT ZOPICLONE","ACTAVIS PHARMA COMPANY",ZOPICLONE,ZOPICLONE,5MG,100,ORAL,Discontinued,TABLET,N05CF,"HYPNOTICS AND SEDATIVES",2018-04-30,,"Business reasons",2018-10-22,2018-10-22,No
65213,02271958,Discontinuation,"ACT ZOPICLONE","ACTAVIS PHARMA COMPANY",ZOPICLONE,ZOPICLONE,7.5MG,100,ORAL,Discontinued,TABLET,N05CF,"HYPNOTICS AND SEDATIVES",2018-04-30,,"Business reasons",2018-10-22,2018-10-22,No
65218,02271958,Discontinuation,"ACT ZOPICLONE","ACTAVIS PHARMA COMPANY",ZOPICLONE,ZOPICLONE,7.5MG,100,ORAL,Discontinued,TABLET,N05CF,"HYPNOTICS AND SEDATIVES",2018-04-30,,"Business reasons",2018-10-22,2018-10-22,No
67747,02242518,Discontinuation,ACTONEL,"ALLERGAN PHARMA CO.","ACTONEL 5MG TAB 28 CA","RISEDRONATE SODIUM",5MG,"5MG TAB 28",ORAL,Discontinued,TABLET,M05BA,"DRUGS AFFECTING BONE STRUCTURE AND MINERALIZATION",2018-10-10,,"Other (Please describe in comments)",2018-11-28,2018-11-28,No
67753,02239146,Discontinuation,ACTONEL,"ALLERGAN PHARMA CO.","ACTONEL 30MG TAB 30 CA","RISEDRONATE SODIUM",30MG,"30MG TAB 30",ORAL,Discontinued,TABLET,M05BA,"DRUGS AFFECTING BONE STRUCTURE AND MINERALIZATION",2017-01-20,,"Other (Please describe in comments)",2018-11-28,2018-11-28,No
44428,02242572,Discontinuation,"ACTOS (15MG)","TAKEDA CANADA INC","Pioglitazone (pioglitazone hydrochloride)",PIOGLITAZONE,15MG,"Bottle 90 ct",ORAL,Discontinued,TABLET,A10BG,"BLOOD GLUCOSE LOWERING DRUGS, EXCL. INSULINS",2018-03-30,2018-04-30,"Business reasons",2018-04-02,2018-04-02,No
44433,02242573,Discontinuation,"ACTOS (30MG)","TAKEDA CANADA INC","Pioglitazone (pioglitazone hydrochloride)",PIOGLITAZONE,30MG,"Bottle 90 ct",ORAL,Discontinued,TABLET,A10BG,"BLOOD GLUCOSE LOWERING DRUGS, EXCL. INSULINS",2018-03-30,2018-04-30,"Business reasons",2018-04-02,2018-04-02,No
44438,02242574,Discontinuation,"ACTOS (45MG)","TAKEDA CANADA INC","Pioglitazone (pioglitazone hydrochloride)",PIOGLITAZONE,45MG,"Bottle 90 ct",ORAL,Discontinued,TABLET,A10BG,"BLOOD GLUCOSE LOWERING DRUGS, EXCL. INSULINS",2018-03-30,2018-04-30,"Business reasons",2018-04-02,2018-04-02,No
248365,02248722,Discontinuation,"ACULAR LS","ABBVIE CORPORATION","ketorolac tromethamine ophthalmic solution 0.4% w/v","KETOROLAC TROMETHAMINE",0.4%,"5 mL","OPHTHALMIC; OPHTHALMIC",Discontinued,SOLUTION,S01BC,"ANTIINFLAMMATORY AGENTS",2025-07-18,,"Business reasons",2025-01-23,2025-07-19,No
4942,02286564,Discontinuation,ACYCLOVIR,"SANIS HEALTH INC","ACYCLOVIR TABS",ACYCLOVIR,400MG,100,ORAL,Discontinued,TABLET,J05AB,"DIRECT ACTING ANTIVIRALS",2013-08-26,,"Business reasons",2017-03-31,2017-03-31,No
183828,02240255,Discontinuation,ADACEL,"SANOFI PASTEUR LIMITED",Adacel,"FIMBRIAE TYPES 2 AND 3; TETANUS TOXOID; DIPHTHERIA TOXOID; PERTACTIN; PERTUSSIS TOXOID; FILAMENTOUS HAEMAGGLUTININ","5MCG; 5LF; 2LF; 3MCG; 2.5MCG; 5MCG",1x1,"INTRAMUSCULAR; INTRAMUSCULAR",Reversed,SUSPENSION,J07AJ,"BACTERIAL VACCINES",,2023-03-10,"Business reasons",2023-02-07,2023-02-14,No
129958,02237618,Discontinuation,"ADALAT XL - SRT 20MG","BAYER INC",nifedipine,NIFEDIPINE,20MG,"28's, 98's","ORAL; ORAL",Discontinued,"TABLET (EXTENDED-RELEASE)",C08CA,"SELECTIVE CALC.CHANNEL BLOCK. W/MAINLY VASC. EFF.",2020-12-09,,"Business reasons",2020-12-10,2020-12-10,No
129961,02155990,Discontinuation,"ADALAT XL - SRT 60MG","BAYER INC",nifedipine,NIFEDIPINE,60MG,"28's and 98's","ORAL; ORAL",Discontinued,"TABLET (EXTENDED-RELEASE)",C08CA,"SELECTIVE CALC.CHANNEL BLOCK. W/MAINLY VASC. EFF.",2020-12-09,,"Business reasons",2020-12-10,2020-12-10,No
277590,02338327,Discontinuation,ADCIRCA,"ELI LILLY CANADA INC","tadalafil tablets",TADALAFIL,20MG,"Carton containing 56 tablets in blister packaging","ORAL; ORAL",Discontinued,TABLET,G04BE,"OTHER UROLOGICALS, INCL ANTISPASMODICS",2026-05-29,2026-05-29,"Business reasons",2026-02-06,2026-06-01,No
34494,02145820,Discontinuation,"ADENOCARD INJECTION -PRE-FILLED SYRINGE","ASTELLAS PHARMA CANADA INC","Adenosine Injection USP",ADENOSINE,3MG,"6 mg/2mL and 12 mg/4mL pre-filled syringes",INTRAVENOUS,Discontinued,SOLUTION,C01EB,"OTHER CARDIAC PREPARATIONS",2019-08-30,2019-01-31,"Business reasons",2018-01-02,2019-09-13,No
157803,02145820,Discontinuation,"ADENOCARD INJECTION -PRE-FILLED SYRINGE","ASTELLAS PHARMA CANADA INC","Adenosine injection USP",ADENOSINE,3MG,"6mg/2ml and 12mg/4ml pre-filled syringes","INTRAVENOUS; INTRAVENOUS",Discontinued,SOLUTION,C01EB,"OTHER CARDIAC PREPARATIONS",2022-03-25,,"Business reasons",2022-04-01,2022-04-01,No
75803,02464349,Discontinuation,ADLYXINE,"SANOFI-AVENTIS CANADA INC",Adlyxine,"LIXISENATIDE; LIXISENATIDE","0.05MG; 0.1MG",2,SUBCUTANEOUS,Discontinued,"SOLUTION; KIT",A10BJ,,2019-01-07,2019-01-07,"Business reasons",2019-02-15,2019-02-15,No
192514,02464276,Discontinuation,ADLYXINE,"SANOFI-AVENTIS CANADA INC",ADLYXINE,LIXISENATIDE,10MCG,1,"SUBCUTANEOUS; SUBCUTANEOUS",Discontinued,SOLUTION,A10BJ,,2023-05-15,,"Other (Please describe in comments)",2023-05-15,2023-05-16,No
193877,02464284,Discontinuation,ADLYXINE,"SANOFI-AVENTIS CANADA INC",ADLYXINE,LIXISENATIDE,20MCG,2,"SUBCUTANEOUS; SUBCUTANEOUS",Discontinued,SOLUTION,A10BJ,,2023-09-15,2023-09-05,"Business reasons",2023-06-08,2023-09-19,No
242101,02467895,Discontinuation,"AERMONY RESPICLICK","TEVA CANADA LIMITED","AERMONY RESPICLICK","FLUTICASONE PROPIONATE",55MCG,1,INHALATION,Discontinued,"POWDER (METERED DOSE)",R03BA,"OTHER DRUGS FOR OBSTRUCTIVE AIRWAY DISEASES, INHALANTS",2024-11-01,2024-11-01,"Business reasons",2024-11-05,2024-11-05,No
258571,02467909,Discontinuation,"AERMONY RESPICLICK","TEVA CANADA LIMITED","AERMONY RESPICLICK","FLUTICASONE PROPIONATE",113MCG,1,INHALATION,Discontinued,"POWDER (METERED DOSE)",R03BA,"OTHER DRUGS FOR OBSTRUCTIVE AIRWAY DISEASES, INHALANTS",2024-06-28,,"Business reasons",2025-05-28,2025-05-28,No
266350,02467917,Discontinuation,"AERMONY RESPICLICK","TEVA CANADA LIMITED","AERMONY RESPICLICK 232MCG","FLUTICASONE PROPIONATE",232MCG,60,INHALATION,Discontinued,"POWDER (METERED DOSE)",R03BA,"OTHER DRUGS FOR OBSTRUCTIVE AIRWAY DISEASES, INHALANTS",2025-08-28,,"Business reasons",2025-09-02,2025-09-02,No
54891,02450267,Discontinuation,AFINITOR,"NOVARTIS PHARMACEUTICALS CANADA INC","AFINITOR 7.5MG TAB (4X7)",EVEROLIMUS,7.5MG,"4 X 7",ORAL,Discontinued,TABLET,L01XE,"OTHER ANTINEOPLASTIC AGENTS",2018-07-09,,"Business reasons",2018-07-09,2018-07-10,No
80326,02242119,Discontinuation,AGGRENOX,"BOEHRINGER INGELHEIM (CANADA) LTD LTEE","Aggrenox 200/25mg","ACETYLSALICYLIC ACID; DIPYRIDAMOLE","25MG; 200MG",60's,ORAL,Discontinued,"CAPSULE (IMMEDIATE AND EXTENDED RELEASE)",B01AC,"ANTITHROMBOTIC AGENTS",2020-02-24,2019-08-30,"Business reasons",2019-04-02,2020-02-25,No
210182,02236859,Discontinuation,AGRYLIN,"TAKEDA CANADA INC","Anagrelide hydrochloride capsules",ANAGRELIDE,0.5MG,"Bottles of 100 capsules","ORAL; ORAL",Discontinued,CAPSULE,L01XX,"OTHER ANTINEOPLASTIC AGENTS",2024-02-29,2024-02-28,"Business reasons",2023-11-15,2024-03-01,No
211859,02232570,Discontinuation,AIROMIR,"BAUSCH HEALTH, CANADA INC.",AIROMIR,SALBUTAMOL,100MCG,"200 dose","INHALATION; INHALATION",Discontinued,"METERED-DOSE AEROSOL",R03AC,"ADRENERGICS, INHALANTS",2023-01-04,2022-12-21,"Business reasons",2023-11-29,2023-11-29,No
95153,00180408,Discontinuation,"ALDACTAZIDE 25","PFIZER CANADA ULC","Aldactazide 25","HYDROCHLOROTHIAZIDE; SPIRONOLACTONE","25MG; 25MG","1 x 100s",ORAL,Discontinued,TABLET,C03EA,"DIURETICS AND POTASSIUM-SPARING AGENTS IN COMB",2020-04-01,2020-04-01,"Business reasons",2019-10-01,2020-04-13,No
95156,00594377,Discontinuation,"ALDACTAZIDE 50","PFIZER CANADA ULC","Aldactazide 50","HYDROCHLOROTHIAZIDE; SPIRONOLACTONE","50MG; 50MG","1 x 100s",ORAL,Discontinued,TABLET,C03EA,"DIURETICS AND POTASSIUM-SPARING AGENTS IN COMB",2020-04-01,2020-04-01,"Business reasons",2019-10-01,2020-04-13,No
289480,00285455,Discontinuation,"ALDACTONE 100 MG","PFIZER CANADA ULC",ALDACTONE,SPIRONOLACTONE,100MG,1x100,"ORAL; ORAL",Discontinued,TABLET,C03DA,"POTASSIUM-SPARING AGENTS",2026-07-17,2026-07-17,"Business reasons",2026-07-17,2026-09-10,No
289483,00028606,Discontinuation,"ALDACTONE 25 MG","PFIZER CANADA ULC",ALDACTONE,SPIRONOLACTONE,25MG,1x100,"ORAL; ORAL",Discontinued,TABLET,C03DA,"POTASSIUM-SPARING AGENTS",2026-07-17,2026-07-17,"Business reasons",2026-07-17,2026-09-10,No
53369,02299712,Discontinuation,ALENDRONATE,"SIVEM PHARMACEUTICALS ULC",ALENDRONATE,"ALENDRONIC ACID",70MG,100,ORAL,Discontinued,TABLET,M05BA,"DRUGS AFFECTING BONE STRUCTURE AND MINERALIZATION",2018-07-20,2018-07-20,"Business reasons",2018-06-29,2018-07-31,No
258777,02239665,Discontinuation,ALERTEC,"TEVA CANADA LIMITED",ALERTEC,MODAFINIL,100MG,30,"ORAL; ORAL",Discontinued,TABLET,N06BA,"PSYCHOSTIMULANTS AND NOOTROPICS",2023-06-14,,"Business reasons",2025-05-28,2025-05-28,No
96999,02103052,Discontinuation,ALERTONIC,"ODAN LABORATORIES LTD","pipradol-vitamin compound","VITAMIN B2; INOSITOL; PYRIDOXINE HYDROCHLORIDE; NICOTINAMIDE; THIAMINE HYDROCHLORIDE; CHOLINE; PIPRADROL HYDROCHLORIDE","0.111MG; 2.222MG; 0.042MG; 1.111MG; 0.222MG; 2.222MG; 0.044MG","500 mL",ORAL,Discontinued,ELIXIR,A13A,TONICS,2019-10-22,,"Raw material availability",2019-10-22,2019-10-23,No
96610,02248181,Discontinuation,"ALFENTANIL INJECTION USP","SANDOZ CANADA INCORPORATED",ALFENTANIL,,,10,,Discontinued,,,,2013-06-03,,"Business reasons",2019-10-15,2019-10-15,No
68282,02414759,Discontinuation,ALFUZOSIN,"PRO DOC LIMITEE",ALFUZOSIN,"ALFUZOSIN HYDROCHLORIDE",10MG,100,ORAL,Discontinued,"TABLET (EXTENDED-RELEASE)",G04CA,"DRUGS USED IN BENIGN PROSTATIC HYPERTROPHY",2018-11-30,,"Business reasons",2018-11-30,2018-12-01,No
136207,02253437,Discontinuation,ALIMTA,"ELI LILLY CANADA INC","PEMETREXED DISODIUM FOR INJECTION",PEMETREXED,500MG,"500mg /50mL vial","INTRAVENOUS; INTRAVENOUS",Discontinued,"POWDER FOR SOLUTION",L01BA,ANTIMETABOLITES,2021-09-17,2021-09-17,"Business reasons",2021-03-24,2021-09-18,No
257313,02306433,Discontinuation,ALIMTA,"ELI LILLY CANADA INC","pemetrexed disodium for injection",PEMETREXED,100MG,"Carton package containing one 10 mL vial","INTRAVENOUS; INTRAVENOUS",Discontinued,"POWDER FOR SOLUTION",L01BA,ANTIMETABOLITES,2026-01-29,2026-02-02,"Business reasons",2025-05-14,2026-02-02,No
258595,02097583,Discontinuation,ALLERNIX,"TEVA CANADA LIMITED","ALLERNIX 25MG CAPLETS BLST 12","DIPHENHYDRAMINE HYDROCHLORIDE",25MG,12,"ORAL; ORAL",Discontinued,TABLET,R06AA,"ANTIHISTAMINES FOR SYSTEMIC USE",2019-07-31,,"Business reasons",2025-05-28,2025-05-28,No
258562,02097575,Discontinuation,"ALLERNIX EXTRA STRENGTH","TEVA CANADA LIMITED","ALLERNIX EXTRA-FORTE 50MG CAPLET BLST 12","DIPHENHYDRAMINE HYDROCHLORIDE",50MG,12,"ORAL; ORAL",Discontinued,TABLET,R06AA,"ANTIHISTAMINES FOR SYSTEMIC USE",2019-07-31,,"Business reasons",2025-05-28,2025-05-28,No
67803,02241407,Discontinuation,ALOCRIL,"ALLERGAN INC",Alocril,"NEDOCROMIL SODIUM",2%,"5ml bottle",OPHTHALMIC,Discontinued,LIQUID,S01GX,"DECONGESTANTS AND ANTIALLERGICS",2019-04-01,2019-04-01,"Raw material availability",2018-11-28,2019-04-02,No
12727,02381710,Discontinuation,ALOXI,"PURDUE PHARMA",Aloxi,PALONOSETRON,0.25MG,"0.25 mg/5 mL",INTRAVENOUS,Reversed,SOLUTION,A04AA,"ANTIEMETICS AND ANTINAUSEANTS",2017-06-13,2017-06-13,"Other (Please describe in comments)",2017-06-13,2017-09-21,No
150885,02236876,Discontinuation,ALPHAGAN,"ALLERGAN INC","ALPHAGAN 0.2% Ophthalmic Solution brimonidine tartrate","BRIMONIDINE TARTRATE",0.2%,10mL,"OPHTHALMIC; OPHTHALMIC",Reversed,LIQUID,S01EA,"ANTIGLAUCOMA PREPARATIONS AND MIOTICS",,2022-06-01,"Business reasons",2021-12-10,2023-12-14,No
144035,02349191,Discontinuation,ALPRAZOLAM,"SANIS HEALTH INC",ALPRAZOLAM,ALPRAZOLAM,0.25MG,100,"ORAL; ORAL",Discontinued,TABLET,N05BA,ANXIOLYTICS,2022-02-05,,"Business reasons",2021-08-12,2022-02-06,No
144038,02349205,Discontinuation,ALPRAZOLAM,"SANIS HEALTH INC",ALPRAZOLAM,ALPRAZOLAM,0.50MG,100,"ORAL; ORAL",Discontinued,TABLET,N05BA,ANXIOLYTICS,2021-12-16,,"Business reasons",2021-08-12,2021-12-17,No
144041,02349205,Discontinuation,ALPRAZOLAM,"SANIS HEALTH INC",ALPRAZOLAM,ALPRAZOLAM,0.50MG,1000,"ORAL; ORAL",Discontinued,TABLET,N05BA,ANXIOLYTICS,2021-02-01,,"Business reasons",2021-08-12,2021-08-12,No
214011,02283131,Discontinuation,"ALTACE HCT","BAUSCH HEALTH, CANADA INC.","ALTACE HCT","HYDROCHLOROTHIAZIDE; RAMIPRIL","12.5MG; 2.5MG",n/a,"ORAL; ORAL",Discontinued,TABLET,C09BA,"ACE INHIBITORS, COMBINATIONS",2024-01-08,2023-01-31,"Manufacturing issues",2023-12-21,2024-01-09,No
214014,02283158,Discontinuation,"ALTACE HCT","BAUSCH HEALTH, CANADA INC.","ALTACE HCT","HYDROCHLOROTHIAZIDE; RAMIPRIL","12.5MG; 5MG",n/a,"ORAL; ORAL",Discontinued,TABLET,C09BA,"ACE INHIBITORS, COMBINATIONS",2024-01-08,2023-01-31,"Manufacturing issues",2023-12-21,2024-01-09,No
214017,02283174,Discontinuation,"ALTACE HCT","BAUSCH HEALTH, CANADA INC.","ALTACE HCT","HYDROCHLOROTHIAZIDE; RAMIPRIL","25MG; 5MG",n/a,"ORAL; ORAL",Discontinued,TABLET,C09BA,"ACE INHIBITORS, COMBINATIONS",2024-01-08,2023-01-31,"Manufacturing issues",2023-12-21,2024-01-09,No
214024,02283166,Discontinuation,"ALTACE HCT","BAUSCH HEALTH, CANADA INC.","ALTACE HCT","HYDROCHLOROTHIAZIDE; RAMIPRIL","12.5MG; 10MG",n/a,"ORAL; ORAL",Discontinued,TABLET,C09BA,"ACE INHIBITORS, COMBINATIONS",2024-01-08,2023-09-30,"Manufacturing issues",2023-12-21,2024-01-09,No
214027,02283182,Discontinuation,"ALTACE HCT","BAUSCH HEALTH, CANADA INC.","ALTACE HCT","HYDROCHLOROTHIAZIDE; RAMIPRIL","25MG; 10MG",n/a,"ORAL; ORAL",Discontinued,TABLET,C09BA,"ACE INHIBITORS, COMBINATIONS",2024-01-08,2023-01-31,"Manufacturing issues",2023-12-21,2024-01-09,No
51269,02245274,Discontinuation,AMARYL,"SANOFI-AVENTIS CANADA INC","Amaryl 4mg",GLIMEPIRIDE,4MG,30,ORAL,Discontinued,TABLET,A10BB,"BLOOD GLUCOSE LOWERING DRUGS, EXCL. INSULINS",2018-06-07,2018-06-01,"Business reasons",2018-06-04,2018-06-12,No
51376,02245272,Discontinuation,AMARYL,"SANOFI-AVENTIS CANADA INC","Amaryl 1mg",GLIMEPIRIDE,1MG,30,ORAL,Discontinued,TABLET,A10BB,"BLOOD GLUCOSE LOWERING DRUGS, EXCL. INSULINS",2018-07-31,2018-07-31,"Business reasons",2018-06-05,2018-09-07,No
51379,02245273,Discontinuation,AMARYL,"SANOFI-AVENTIS CANADA INC","Amaryl 2mg",GLIMEPIRIDE,2MG,30,ORAL,Discontinued,TABLET,A10BB,"BLOOD GLUCOSE LOWERING DRUGS, EXCL. INSULINS",2018-07-10,2018-08-31,"Business reasons",2018-06-05,2018-09-07,No
148427,02237820,Discontinuation,AMERGE,"GLAXOSMITHKLINE INC","Naratriptan Tablets",NARATRIPTAN,1MG,"All pack sizes/  Tous les formats","ORAL; ORAL",Discontinued,TABLET,N02CC,"ANTIMIGRAINE PREPARATIONS",2022-08-05,,"Business reasons",2021-10-28,2022-08-09,No
148430,02237821,Discontinuation,AMERGE,"GLAXOSMITHKLINE INC","Naratriptan Tablets",NARATRIPTAN,2.5MG,"All pack sizes / Tous les formats","ORAL; ORAL",Discontinued,TABLET,N02CC,"ANTIMIGRAINE PREPARATIONS",2022-12-01,,"Business reasons",2021-10-28,2022-12-02,No
9475,00870943,Discontinuation,"AMI-HYDRO TAB","PRO DOC LIMITEE",AMI-HYDRO,"HYDROCHLOROTHIAZIDE; AMILORIDE HYDROCHLORIDE","50MG; 5MG",100,ORAL,Discontinued,TABLET,C03EA,"DIURETICS AND POTASSIUM-SPARING AGENTS IN COMB",2017-05-05,,"Business reasons",2017-05-08,2017-05-08,No
19869,00582654,Discontinuation,"AMINOPHYLLINE INJ 50MG/ML","OMEGA LABORATORIES LTD","AMINOPHYLLINE INJ 50MG/ML",AMINOPHYLLINE,50MG,"10 X 10mL vial",INTRAVENOUS,Reversed,SOLUTION,R03DA,"OTHER SYSTEMIC DRUGS FOR OBSTRUCTIVE AIRWAY DISEASES",2018-08-03,2017-10-31,"Business reasons",2017-08-18,2018-08-06,No
77145,00497193,Discontinuation,"AMINOPHYLLINE INJECTION USP","PFIZER CANADA ULC",Aminophylline,AMINOPHYLLINE,25MG,"20mL AMP",INTRAVENOUS,Discontinued,SOLUTION,R03DA,"OTHER SYSTEMIC DRUGS FOR OBSTRUCTIVE AIRWAY DISEASES",2019-02-26,,"Manufacturing issues",2019-02-28,2019-02-28,No
192828,00497193,Discontinuation,"AMINOPHYLLINE INJECTION USP","PFIZER CANADA ULC","AMINOPHYLLINE INJECTION USP",AMINOPHYLLINE,25MG,"25 x 10mL amp","INTRAVENOUS; INTRAVENOUS",Discontinued,SOLUTION,R03DA,"OTHER SYSTEMIC DRUGS FOR OBSTRUCTIVE AIRWAY DISEASES",2023-05-18,,"Business reasons",2023-05-19,2023-05-19,No
20265,00454907,Discontinuation,"AMINOSYN 10%","HOSPIRA HEALTHCARE CORPORATION",Aminosyn,"HISTIDINE; TRYPTOPHAN; L-LYSINE; L-ALANINE; METHIONINE; GLYCINE; L-TYROSINE; L-PROLINE; L-ARGININE; L-VALINE; L-THREONINE; L-PHENYLALANINE; L-LEUCINE; L-ISOLEUCINE; SERINE","300MG; 160MG; 720MG; 1.28G; 400MG; 1.28G; 44MG; 860MG; 980MG; 800MG; 520MG; 440MG; 940MG; 720MG; 420MG","500 ML Bag",INTRAVENOUS,Discontinued,SOLUTION,B05BA,"I.V. SOLUTIONS",2017-03-31,2017-03-31,"Manufacturing issues",2017-08-24,2017-08-24,No
67966,02126745,Discontinuation,"AMINOSYN II","ICU MEDICAL CANADA INC","Aminosyn™ II 15% Amino Acid for Injection (Sulfite-free)",,,2000ML,,Discontinued,,,,2018-10-31,2018-10-23,"Business reasons",2018-11-29,2018-11-29,No
20268,00742619,Discontinuation,"AMINOSYN II 10%","HOSPIRA HEALTHCARE CORPORATION","Aminosyn II","HISTIDINE; TRYPTOPHAN; L-LYSINE; L-ALANINE; METHIONINE; GLYCINE; L-PROLINE; L-ARGININE; L-VALINE; L-THREONINE; L-ISOLEUCINE; SERINE; N-ACETYL-L-TYROSINE; GLUTAMIC ACID; L-ASPARTIC ACID; L-PHENYLALANINE; L-LEUCINE","300MG; 200MG; 1.05G; 993MG; 172MG; 500MG; 722MG; 1.018G; 500MG; 400MG; 1G; 660MG; 530MG; 270MG; 738MG; 700MG; 298MG; 1G","1000ML & 2000ML",INTRAVENOUS,Discontinued,SOLUTION,B05BA,"I.V. SOLUTIONS",2017-05-01,2017-05-01,"Business reasons",2017-08-24,2017-08-24,No
66489,02451786,Discontinuation,AMITRIPTYLINE,"SIVEM PHARMACEUTICALS ULC",AMITRIPTYLINE,"AMITRIPTYLINE HYDROCHLORIDE",10MG,1000,ORAL,Discontinued,TABLET,N06AA,ANTIDEPRESSANTS,2019-01-07,2019-01-07,"Business reasons",2018-11-09,2019-09-18,No
66492,02451786,Discontinuation,AMITRIPTYLINE,"SIVEM PHARMACEUTICALS ULC",AMITRIPTYLINE,"AMITRIPTYLINE HYDROCHLORIDE",10MG,100,ORAL,Discontinued,TABLET,N06AA,ANTIDEPRESSANTS,2019-01-07,2019-01-07,"Business reasons",2018-11-09,2019-09-18,No
66495,02451794,Discontinuation,AMITRIPTYLINE,"SIVEM PHARMACEUTICALS ULC",AMITRIPTYLINE,"AMITRIPTYLINE HYDROCHLORIDE",25MG,1000,ORAL,Discontinued,TABLET,N06AA,ANTIDEPRESSANTS,2019-01-07,2019-01-07,"Business reasons",2018-11-09,2019-09-18,No
66498,02451794,Discontinuation,AMITRIPTYLINE,"SIVEM PHARMACEUTICALS ULC",AMITRIPTYLINE,"AMITRIPTYLINE HYDROCHLORIDE",25MG,100,ORAL,Discontinued,TABLET,N06AA,ANTIDEPRESSANTS,2019-01-07,2019-01-07,"Business reasons",2018-11-09,2019-09-18,No
66501,02451808,Discontinuation,AMITRIPTYLINE,"SIVEM PHARMACEUTICALS ULC",AMITRIPTYLINE,"AMITRIPTYLINE HYDROCHLORIDE",50MG,100,ORAL,Discontinued,TABLET,N06AA,ANTIDEPRESSANTS,2019-01-07,2019-01-07,"Other (Please describe in comments)",2018-11-09,2019-09-18,No
37195,02326515,Discontinuation,AMOXI-CLAV,"PRO DOC LIMITEE",AMOXI-CLAV,"AMOXICILLIN; CLAVULANIC ACID","500MG; 125MG",100,ORAL,Discontinued,TABLET,J01CR,"BETA-LACTAM ANTIBACTERIALS, PENICILLINS",2018-01-23,,"Business reasons",2018-01-25,2018-01-25,No
47253,02326523,Discontinuation,AMOXI-CLAV,"PRO DOC LIMITEE",AMOXI-CLAV,"AMOXICILLIN; CLAVULANIC ACID","875MG; 125MG",100,ORAL,Discontinued,TABLET,J01CR,"BETA-LACTAM ANTIBACTERIALS, PENICILLINS",2018-04-26,,"Business reasons",2018-04-26,2018-04-27,No
4933,02352745,Discontinuation,AMOXICILLIN,"SANIS HEALTH INC","AMOXICILLIN SUSP",AMOXICILLIN,125MG,"75ML, 100ML, 150ML",ORAL,Discontinued,"GRANULES FOR SUSPENSION",J01CA,"BETA-LACTAM ANTIBACTERIALS, PENICILLINS",2011-08-01,,"Business reasons",2017-03-31,2017-03-31,No
4939,02352761,Discontinuation,AMOXICILLIN,"SANIS HEALTH INC","AMOXICILLIN SUSP LOW SUGAR",AMOXICILLIN,125MG,"100ML, 150ML",ORAL,Discontinued,"GRANULES FOR SUSPENSION",J01CA,"BETA-LACTAM ANTIBACTERIALS, PENICILLINS",2011-08-26,,"Business reasons",2017-03-31,2017-03-31,No
52192,02401495,Discontinuation,AMOXICILLIN,"SIVEM PHARMACEUTICALS ULC",AMOXICILLIN,AMOXICILLIN,250MG,100,ORAL,Discontinued,CAPSULE,J01CA,"BETA-LACTAM ANTIBACTERIALS, PENICILLINS",2018-09-10,2018-09-19,"Business reasons",2018-06-12,2018-09-11,No
12028,02401541,Discontinuation,"AMOXICILLIN GRANULES FOR ORAL SUSPENSION","SIVEM PHARMACEUTICALS ULC",AMOXICILLIN,AMOXICILLIN,250MG,75,ORAL,Discontinued,"GRANULES FOR SUSPENSION",J01CA,"BETA-LACTAM ANTIBACTERIALS, PENICILLINS",2017-06-06,,"Business reasons",2017-06-06,2017-06-07,No
12022,02401576,Discontinuation,"AMOXICILLIN SUGAR-REDUCED GRANULES FOR ORAL SUSPENSION","SIVEM PHARMACEUTICALS ULC",AMOXICILLIN,AMOXICILLIN,250MG,100,ORAL,Discontinued,"GRANULES FOR SUSPENSION",J01CA,"BETA-LACTAM ANTIBACTERIALS, PENICILLINS",2017-06-06,,"Business reasons",2017-06-06,2017-06-07,No
12025,02401576,Discontinuation,"AMOXICILLIN SUGAR-REDUCED GRANULES FOR ORAL SUSPENSION","SIVEM PHARMACEUTICALS ULC",AMOXICILLIN,AMOXICILLIN,250MG,150,ORAL,Discontinued,"GRANULES FOR SUSPENSION",J01CA,"BETA-LACTAM ANTIBACTERIALS, PENICILLINS",2017-06-06,,"Business reasons",2017-06-06,2017-06-07,No
189549,02332450,Discontinuation,ANACIN,"PALADIN LABS INC.",Anacin,"CAFFEINE; ACETYLSALICYLIC ACID","32MG; 325MG","200 tablets","ORAL; ORAL","To be discontinued",TABLET,N02BA,"OTHER ANALGESICS AND ANTIPYRETICS",,2023-04-15,"Manufacturing issues",2023-04-13,2023-08-02,No
85519,02332469,Discontinuation,"ANACIN EXTRA STRENGTH","PALADIN LABS INC","ANACIN EXTRA STRENGTH","ACETYLSALICYLIC ACID; CAFFEINE","500MG; 32MG","50 TABS",ORAL,Discontinued,TABLET,N02BA,"OTHER ANALGESICS AND ANTIPYRETICS",2019-05-29,,"Business reasons",2019-06-04,2019-06-04,No
228155,02221861,Discontinuation,ANANDRON,"CHEPLAPHARM ARZNEIMITTEL GMBH",Nilutamide,NILUTAMIDE,50MG,"90 tablets (3x30)","ORAL; ORAL",Reversed,TABLET,L02BB,"HORMONE ANTAGONISTS AND RELATED AGENTS",,,"Manufacturing issues",2024-05-16,2024-07-10,No
38155,00782327,Discontinuation,ANDRIOL,"MERCK CANADA INC","testosterone undecanoate capsules",,,60cap,,Discontinued,,,,2018-01-29,,"Business reasons",2018-02-02,2018-02-02,No
150081,02245972,Discontinuation,ANDRODERM,"ALLERGAN INC","Testosterone Transdermal Patch,",TESTOSTERONE,5MG,30s,"TRANSDERMAL; TRANSDERMAL",Discontinued,PATCH,G03BA,ANDROGENS,2021-11-25,,"Business reasons",2021-11-26,2021-11-26,No
156691,02239653,Discontinuation,ANDRODERM,"ALLERGAN INC","Testosterone Transdermal Patch,",TESTOSTERONE,2.5MG,30s,"TRANSDERMAL; TRANSDERMAL",Discontinued,PATCH,G03BA,ANDROGENS,2022-03-10,,"Business reasons",2022-03-14,2022-03-14,No
280590,02246533,Discontinuation,ANGIOMAX,"SANDOZ CANADA INCORPORATED",02246533,BIVALIRUDIN,250MG,10LYVI,"INTRAVENOUS; INTRAVENOUS",Discontinued,"POWDER FOR SOLUTION",B01AE,"ANTITHROMBOTIC AGENTS",2026-03-16,,"Business reasons",2026-03-16,2026-03-19,No
40841,02377179,Discontinuation,ANTI-NAUSEANT,"APOTEX INC",DIMENHYDRINATE,DIMENHYDRINATE,50MG,"100 BTL",ORAL,Discontinued,TABLET,R06AA,"ANTIHISTAMINES FOR SYSTEMIC USE",2018-09-07,2018-07-06,"Business reasons",2018-02-23,2018-09-12,No
40844,02377179,Discontinuation,ANTI-NAUSEANT,"APOTEX INC",DIMENHYDRINATE,DIMENHYDRINATE,50MG,"30 BLS",ORAL,Discontinued,TABLET,R06AA,"ANTIHISTAMINES FOR SYSTEMIC USE",2018-10-22,2018-10-26,"Business reasons",2018-02-23,2018-10-25,No
63845,00544981,Discontinuation,"APO ACETAMINOPHEN TAB 325MG","APOTEX INC","ACETAMINOPHEN TAB 325MG",ACETAMINOPHEN,325MG,"100 BTL",ORAL,Discontinued,TABLET,N02BE,"OTHER ANALGESICS AND ANTIPYRETICS",2018-10-08,,"Business reasons",2018-10-11,2018-10-11,No
70802,00545007,Discontinuation,"APO ACETAMINOPHEN TAB 500MG","APOTEX INC","ACETAMINOPHEN TAB 500MG",ACETAMINOPHEN,500MG,"100 BTL",ORAL,Discontinued,TABLET,N02BE,"OTHER ANALGESICS AND ANTIPYRETICS",2019-02-18,,"Business reasons",2019-01-02,2019-02-21,No
70805,00545007,Discontinuation,"APO ACETAMINOPHEN TAB 500MG","APOTEX INC","ACETAMINOPHEN TAB 500MG",ACETAMINOPHEN,500MG,"1000 BTL",ORAL,Discontinued,TABLET,N02BE,"OTHER ANALGESICS AND ANTIPYRETICS",2019-07-12,2019-06-15,"Business reasons",2019-01-02,2019-07-13,No
70807,00545007,Discontinuation,"APO ACETAMINOPHEN TAB 500MG","APOTEX INC","ACETAMINOPHEN TAB 500MG",ACETAMINOPHEN,500MG,"1000 BTL",ORAL,Discontinued,TABLET,N02BE,"OTHER ANALGESICS AND ANTIPYRETICS",2019-08-06,2019-06-15,"Business reasons",2019-01-02,2019-08-08,No
106679,00402699,Discontinuation,"APO CARBAMAZEPINE TAB 200MG","APOTEX INC",CARBAMAZEPINE,,,"100s and 500s",,Discontinued,,,,2016-08-01,,"Business reasons",2020-02-19,2020-02-19,No
1196,00399302,Discontinuation,"APO CHLORPROPAMIDE TAB 100MG","APOTEX INC",CHLORPROPAMIDE,CHLORPROPAMIDE,100MG,"100 BTL",ORAL,Discontinued,TABLET,A10BB,"BLOOD GLUCOSE LOWERING DRUGS, EXCL. INSULINS",2017-03-02,,"Business reasons",2017-03-13,2017-03-13,No
1235,00312711,Discontinuation,"APO CHLORPROPAMIDE TAB 250MG","APOTEX INC",CHLORPROPAMIDE,CHLORPROPAMIDE,"250 mg","100 BTL",oral,Discontinued,tablet,A10BB,"BLOOD GLUCOSE LOWERING DRUGS, EXCL. INSULINS",2017-06-01,2017-06-01,"Business reasons",2017-03-13,2018-02-05,No
70796,00487872,Discontinuation,"APO CIMETIDINE TAB 300MG","APOTEX INC",CIMETIDINE,CIMETIDINE,300MG,"1000 BTL",ORAL,"To be discontinued",TABLET,A02BA,"DRUGS FOR PEPTIC ULCER AND GASTROESOPHAGEAL REFLUX DISEASE (GERD)",,2021-09-18,"Business reasons",2019-01-02,2019-01-02,No
60376,00600067,Discontinuation,"APO CIMETIDINE TAB 600MG","APOTEX INC",CIMETIDINE,CIMETIDINE,600MG,"500 BTL",ORAL,Discontinued,TABLET,A02BA,"DRUGS FOR PEPTIC ULCER AND GASTROESOPHAGEAL REFLUX DISEASE (GERD)",2018-09-14,,"Business reasons",2018-09-07,2018-09-15,No
60417,00405337,Discontinuation,"APO DIAZEPAM TAB 10MG","APOTEX INC",DIAZEPAM,DIAZEPAM,10MG,"1000 BTL",ORAL,Discontinued,TABLET,N05BA,ANXIOLYTICS,2018-10-03,2018-09-28,"Business reasons",2018-09-07,2018-10-05,No
60411,00405329,Discontinuation,"APO DIAZEPAM TAB 2MG","APOTEX INC",DIAZEPAM,DIAZEPAM,2MG,"1000 BTL",ORAL,Discontinued,TABLET,N05BA,ANXIOLYTICS,2018-09-14,,"Business reasons",2018-09-07,2018-09-15,No
60414,00362158,Discontinuation,"APO DIAZEPAM TAB 5MG","APOTEX INC",DIAZEPAM,DIAZEPAM,5MG,"1000 BTL",ORAL,Discontinued,TABLET,N05BA,ANXIOLYTICS,2018-09-14,,"Business reasons",2018-09-07,2018-09-15,No
60429,00771376,Discontinuation,"APO DILTIAZ TAB 30MG","APOTEX INC",DILTIAZEM,"DILTIAZEM HYDROCHLORIDE",30MG,"500 BTL",ORAL,Discontinued,TABLET,C08DB,"SELECTIVE CALC.CHANNEL BLOCK. W/DIRECT CARDIAC EFF",2019-07-12,2019-07-04,"Business reasons",2018-09-07,2019-07-13,No
40835,00363766,Discontinuation,"APO DIMENHYDRINATE TAB 50MG","APOTEX INC",DIMENHYDRINATE,DIMENHYDRINATE,50MG,"1000 BTL",ORAL,Discontinued,TABLET,R06AA,"ANTIHISTAMINES FOR SYSTEMIC USE",2018-02-23,2018-02-23,"Business reasons",2018-02-23,2018-02-28,No
40838,00363766,Discontinuation,"APO DIMENHYDRINATE TAB 50MG","APOTEX INC",DIMENHYDRINATE,DIMENHYDRINATE,50MG,"100 BTL",ORAL,Discontinued,TABLET,R06AA,"ANTIHISTAMINES FOR SYSTEMIC USE",2018-04-24,2018-04-19,"Business reasons",2018-02-23,2018-05-07,No
60435,00363766,Discontinuation,"APO DIMENHYDRINATE TAB 50MG","APOTEX INC",DIMENHYDRINATE,DIMENHYDRINATE,50MG,"100 BTL",ORAL,Discontinued,TABLET,R06AA,"ANTIHISTAMINES FOR SYSTEMIC USE",2018-09-14,,"Business reasons",2018-09-07,2018-09-15,No
70787,00363766,Discontinuation,"APO DIMENHYDRINATE TAB 50MG","APOTEX INC",DIMENHYDRINATE,DIMENHYDRINATE,50MG,"100 BLS",ORAL,Discontinued,TABLET,R06AA,"ANTIHISTAMINES FOR SYSTEMIC USE",2018-04-24,,"Business reasons",2019-01-02,2019-01-02,No
60506,00396788,Discontinuation,"APO FUROSEMIDE TAB 20MG","APOTEX INC",FUROSEMIDE,FUROSEMIDE,20MG,"100 BTL",ORAL,Discontinued,TABLET,C03CA,"HIGH-CEILING DIURETICS",2018-09-14,,"Business reasons",2018-09-08,2018-09-15,No
60509,00362166,Discontinuation,"APO FUROSEMIDE TAB 40MG","APOTEX INC",FUROSEMIDE,FUROSEMIDE,40MG,"100 BTL",ORAL,Discontinued,TABLET,C03CA,"HIGH-CEILING DIURETICS",2018-09-14,,"Business reasons",2018-09-08,2018-09-15,No
4719,00707570,Discontinuation,"APO FUROSEMIDE TAB 80MG","APOTEX INC",FUROSEMIDE,FUROSEMIDE,80MG,"500 BTL",ORAL,Discontinued,TABLET,C03CA,"HIGH-CEILING DIURETICS",2017-05-31,2017-05-31,"Business reasons",2017-03-30,2018-02-05,No
60515,01913654,Discontinuation,"APO GLYBURIDE TAB 2.5MG","APOTEX INC",GLYBURIDE,GLYBURIDE,2.5MG,"100 BTL",ORAL,Discontinued,TABLET,A10BB,"BLOOD GLUCOSE LOWERING DRUGS, EXCL. INSULINS",2019-06-28,2019-05-03,"Business reasons",2018-09-08,2019-07-04,No
60518,01913662,Discontinuation,"APO GLYBURIDE TAB 5MG","APOTEX INC",GLYBURIDE,GLYBURIDE,5MG,"100 BTL",ORAL,Discontinued,TABLET,A10BB,"BLOOD GLUCOSE LOWERING DRUGS, EXCL. INSULINS",2018-12-11,2018-12-16,"Business reasons",2018-09-08,2018-12-14,No
99653,00644552,Discontinuation,"APO HYDRO TAB 100MG","APOTEX INC",HYDROCHLOROTHIAZIDE,,,100BTL,,Discontinued,,,,2019-05-06,,"Business reasons",2019-11-26,2019-11-26,No
60521,00312800,Discontinuation,"APO HYDRO TAB 50MG","APOTEX INC",HYDROCHLOROTHIAZIDE,HYDROCHLOROTHIAZIDE,50MG,"1000 BTL",ORAL,Discontinued,TABLET,C03AA,"LOW-CEILING DIURETICS, THIAZIDES",2019-02-08,,"Business reasons",2018-09-08,2019-02-13,No
60527,00441651,Discontinuation,"APO IBUPROFEN TAB 300MG","APOTEX INC",IBUPROFEN,IBUPROFEN,300MG,"100 BTL",ORAL,Discontinued,TABLET,M01AE,"ANTIINFLAMMATORY/ANTIRHEUMATIC PROD.,NON-STEROIDS",2018-09-14,,"Business reasons",2018-09-08,2018-09-15,No
70793,00441651,Discontinuation,"APO IBUPROFEN TAB 300MG","APOTEX INC",IBUPROFEN,IBUPROFEN,300MG,"100 BLS",ORAL,Discontinued,TABLET,M01AE,"ANTIINFLAMMATORY/ANTIRHEUMATIC PROD.,NON-STEROIDS",2018-12-12,,"Business reasons",2019-01-02,2019-01-02,No
60530,00506052,Discontinuation,"APO IBUPROFEN TAB 400MG","APOTEX INC",IBUPROFEN,IBUPROFEN,400MG,"100 BTL",ORAL,Discontinued,TABLET,M01AE,"ANTIINFLAMMATORY/ANTIRHEUMATIC PROD.,NON-STEROIDS",2018-09-14,,"Business reasons",2018-09-08,2018-09-15,No
70799,00506052,Discontinuation,"APO IBUPROFEN TAB 400MG","APOTEX INC",IBUPROFEN,IBUPROFEN,400MG,"100 BLS",ORAL,Discontinued,TABLET,M01AE,"ANTIINFLAMMATORY/ANTIRHEUMATIC PROD.,NON-STEROIDS",2018-09-27,,"Business reasons",2019-01-02,2019-01-02,No
60634,00749354,Discontinuation,"APO METOPROLOL (TYPE L) TAB 50MG","APOTEX INC",METOPROLOL,"METOPROLOL TARTRATE",50MG,"100 BTL",ORAL,Discontinued,TABLET,C07AB,"BETA BLOCKING AGENTS",2019-02-01,,"Business reasons",2018-09-08,2019-02-02,No
60631,00618632,Discontinuation,"APO METOPROLOL TAB 50MG","APOTEX INC",METOPROLOL,"METOPROLOL TARTRATE",50MG,"100 BTL",ORAL,Discontinued,TABLET,C07AB,"BETA BLOCKING AGENTS",2019-01-07,,"Business reasons",2018-09-08,2019-01-09,No
60663,00522678,Discontinuation,"APO NAPROXEN TAB 125MG","APOTEX INC",NAPROXEN,NAPROXEN,125MG,"100 BTL",ORAL,Discontinued,TABLET,M01AE,"ANTIINFLAMMATORY/ANTIRHEUMATIC PROD.,NON-STEROIDS",2019-08-05,2019-08-04,"Business reasons",2018-09-08,2019-08-08,No
4734,00522651,Discontinuation,"APO NAPROXEN TAB 250MG","APOTEX INC",NAPROXEN,NAPROXEN,250MG,"1000 BTL",ORAL,Discontinued,TABLET,M01AE,"ANTIINFLAMMATORY/ANTIRHEUMATIC PROD.,NON-STEROIDS",2017-05-31,2017-05-31,"Business reasons",2017-03-30,2018-02-05,No
60675,00402680,Discontinuation,"APO OXAZEPAM TAB 10MG","APOTEX INC",OXAZEPAM,OXAZEPAM,10MG,"100 BTL",ORAL,Discontinued,TABLET,N05BA,ANXIOLYTICS,2019-08-29,2019-04-14,"Business reasons",2018-09-08,2019-08-30,No
60678,00402745,Discontinuation,"APO OXAZEPAM TAB 15MG","APOTEX INC",OXAZEPAM,OXAZEPAM,15MG,"100 BTL",ORAL,"To be discontinued",TABLET,N05BA,ANXIOLYTICS,,2019-02-10,"Business reasons",2018-09-08,2018-09-08,No
60681,00402737,Discontinuation,"APO OXAZEPAM TAB 30MG","APOTEX INC",OXAZEPAM,OXAZEPAM,30MG,"100 BTL",ORAL,Discontinued,TABLET,N05BA,ANXIOLYTICS,2019-06-10,2019-03-18,"Business reasons",2018-09-08,2019-06-12,No
78141,00642223,Discontinuation,"APO PEN VK","APOTEX INC","PEN VK",,,"100 ML",,Discontinued,,,,2019-03-04,,"Business reasons",2019-03-08,2019-03-08,No
78144,00642231,Discontinuation,"APO PEN VK","APOTEX INC","PEN VK",,,"100 mL",,Discontinued,,,,2019-03-04,,"Business reasons",2019-03-08,2019-03-08,No
1056,00598194,Discontinuation,"APO PREDNISONE TAB 1MG USP","APOTEX INC",PREDNISONE,PREDNISONE,1MG,"100 BTL",ORAL,Discontinued,TABLET,H02AB,"CORTICOSTEROIDS FOR SYSTEMIC USE, PLAIN",2013-10-30,,"Business reasons",2017-03-13,2017-03-13,No
60699,00312770,Discontinuation,"APO PREDNISONE TAB 5MG","APOTEX INC",PREDNISONE,PREDNISONE,5MG,"100 BTL",ORAL,Discontinued,TABLET,H02AB,"CORTICOSTEROIDS FOR SYSTEMIC USE, PLAIN",2018-12-27,,"Business reasons",2018-09-08,2018-12-28,No
61039,00445282,Discontinuation,"APO SULFATRIM DS TAB","APOTEX INC",SULFATRIM,"SULFAMETHOXAZOLE; TRIMETHOPRIM","800MG; 160MG","100 BTL",ORAL,Discontinued,TABLET,J01EE,"SULFONAMIDES AND TRIMETHOPRIM",2018-09-14,,"Business reasons",2018-09-10,2018-09-15,No
61036,00445274,Discontinuation,"APO SULFATRIM TAB","APOTEX INC",SULFATRIM,"SULFAMETHOXAZOLE; TRIMETHOPRIM","400MG; 80MG","1000 BTL",ORAL,Discontinued,TABLET,J01EE,"SULFONAMIDES AND TRIMETHOPRIM",2018-11-05,2018-11-10,"Business reasons",2018-09-10,2018-11-09,No
60837,00441775,Discontinuation,"APO TRIAZIDE","APOTEX INC",TRIAZIDE,"TRIAMTERENE; HYDROCHLOROTHIAZIDE","50MG; 25MG","100 BTL",ORAL,Discontinued,TABLET,C03EA,"DIURETICS AND POTASSIUM-SPARING AGENTS IN COMB",2019-02-07,,"Business reasons",2018-09-08,2019-02-13,No
177953,02416255,Discontinuation,APO-ABACAVIR-LAMIVUDINE-ZIDOVUDINE,"APOTEX INC","ZIDOVUDINE LAMIVUDINE ABACAVIR","ZIDOVUDINE; LAMIVUDINE; ABACAVIR","300MG; 150MG; 300MG","60 BTL",ORAL,Discontinued,TABLET,J05AR,"DIRECT ACTING ANTIVIRALS",2022-12-02,,"Business reasons",2022-12-12,2022-12-12,No
4965,02147629,Discontinuation,APO-ACEBUTOLOL,"APOTEX INC",ACEBUTOLOL,ACEBUTOLOL,400MG,"500 BTL",ORAL,Discontinued,TABLET,C07AB,"BETA BLOCKING AGENTS",2017-06-30,2017-04-30,"Business reasons",2017-03-31,2018-02-05,No
60157,02229977,Discontinuation,"APO-ACETAMINOPHEN CAPLETS 500MG","APOTEX INC",ACETAMINOPHEN,ACETAMINOPHEN,500MG,"100 BTL",ORAL,Discontinued,TABLET,N02BE,"OTHER ANALGESICS AND ANTIPYRETICS",2018-09-07,,"Business reasons",2018-09-07,2018-09-08,No
60163,02248728,Discontinuation,APO-ALENDRONATE,"APOTEX INC",ALENDRONATE,"ALENDRONIC ACID",10MG,"30 BLS",ORAL,"To be discontinued",TABLET,M05BA,"DRUGS AFFECTING BONE STRUCTURE AND MINERALIZATION",,2020-05-31,"Business reasons",2018-09-07,2019-12-20,No
71023,02248727,Discontinuation,APO-ALENDRONATE,"APOTEX INC","ALENDRONATE TAB 5MG","ALENDRONIC ACID",5MG,"100 BTL & 30 BLS",ORAL,Discontinued,TABLET,M05BA,"DRUGS AFFECTING BONE STRUCTURE AND MINERALIZATION",2019-12-20,2019-04-15,"Business reasons",2019-01-03,2019-12-21,No
71026,02248728,Discontinuation,APO-ALENDRONATE,"APOTEX INC","ALENDRONATE TAB 10MG","ALENDRONIC ACID",10MG,"100 BTL",ORAL,"To be discontinued",TABLET,M05BA,"DRUGS AFFECTING BONE STRUCTURE AND MINERALIZATION",,2020-02-28,"Business reasons",2019-01-03,2019-12-20,No
83971,02405792,Discontinuation,APO-ALMOTRIPTAN,"APOTEX INC",ALMOTRIPTAN,,,"6 BLS",,Discontinued,,,,2019-05-06,,"Business reasons",2019-05-13,2019-05-13,No
83976,02405806,Discontinuation,APO-ALMOTRIPTAN,"APOTEX INC",ALMOTRIPTAN,,,"6 BLS",,Discontinued,,,,2019-05-06,,"Business reasons",2019-05-13,2019-05-13,No
60166,00784400,Discontinuation,"APO-AMILZIDE TAB","APOTEX INC",AMILIZIDE,"HYDROCHLOROTHIAZIDE; AMILORIDE HYDROCHLORIDE","50MG; 5MG","100 BTL",ORAL,Discontinued,TABLET,C03EA,"DIURETICS AND POTASSIUM-SPARING AGENTS IN COMB",2018-09-14,2018-09-07,"Business reasons",2018-09-07,2018-09-15,No
71348,02403137,Discontinuation,APO-AMITRIPTYLINE,"APOTEX INC","AMITRIPTYLINE TAB 10MG 100BTL","AMITRIPTYLINE HYDROCHLORIDE",10MG,"100 BTL",ORAL,Discontinued,TABLET,N06AA,ANTIDEPRESSANTS,2018-12-20,,"Business reasons",2019-01-04,2019-01-04,No
71351,02403145,Discontinuation,APO-AMITRIPTYLINE,"APOTEX INC","AMITRIPTYLINE TAB 25MG","AMITRIPTYLINE HYDROCHLORIDE",25MG,"100 BTL",ORAL,Discontinued,TABLET,N06AA,ANTIDEPRESSANTS,2019-02-11,,"Business reasons",2019-01-04,2019-02-13,No
71354,02403153,Discontinuation,APO-AMITRIPTYLINE,"APOTEX INC","AMITRIPTYLINE TAB 50MG","AMITRIPTYLINE HYDROCHLORIDE",50MG,"1000 BTL",ORAL,"To be discontinued",TABLET,N06AA,ANTIDEPRESSANTS,,2019-04-24,"Business reasons",2019-01-04,2021-06-05,No
247462,02403137,Discontinuation,APO-AMITRIPTYLINE,"APOTEX INC",AMITRIPTYLINE,"AMITRIPTYLINE HYDROCHLORIDE",10MG,"1000 BTL","ORAL; ORAL",Discontinued,TABLET,N06AA,ANTIDEPRESSANTS,2025-01-10,,"Business reasons",2025-01-10,2025-01-11,No
247466,02403145,Discontinuation,APO-AMITRIPTYLINE,"APOTEX INC",AMITRIPTYLINE,"AMITRIPTYLINE HYDROCHLORIDE",25MG,"1000 BTL","ORAL; ORAL",Discontinued,TABLET,N06AA,ANTIDEPRESSANTS,2025-01-10,,"Business reasons",2025-01-10,2025-01-11,No
247469,02403153,Discontinuation,APO-AMITRIPTYLINE,"APOTEX INC",AMITRIPTYLINE,"AMITRIPTYLINE HYDROCHLORIDE",50MG,"100 BTL","ORAL; ORAL","To be discontinued",TABLET,N06AA,ANTIDEPRESSANTS,,2025-01-31,"Business reasons",2025-01-10,2025-01-27,No
247472,02403161,Discontinuation,APO-AMITRIPTYLINE,"APOTEX INC",AMITRIPTYLINE,"AMITRIPTYLINE HYDROCHLORIDE",75MG,"100 BTL","ORAL; ORAL","To be discontinued",TABLET,N06AA,ANTIDEPRESSANTS,,2025-03-07,"Business reasons",2025-01-10,2025-01-10,No
60171,00628115,Discontinuation,"APO-AMOXI CAP 250MG","APOTEX INC",AMOXICILLIN,AMOXICILLIN,250MG,"1000 BTL",ORAL,Discontinued,CAPSULE,J01CA,"BETA-LACTAM ANTIBACTERIALS, PENICILLINS",2019-02-11,,"Business reasons",2018-09-07,2019-02-13,No
60174,00628123,Discontinuation,"APO-AMOXI CAP 500MG","APOTEX INC",AMOXICILLIN,AMOXICILLIN,500MG,"100 BTL",ORAL,Discontinued,CAPSULE,J01CA,"BETA-LACTAM ANTIBACTERIALS, PENICILLINS",2018-11-07,2018-12-05,"Business reasons",2018-09-07,2018-11-09,No
84392,02288559,Discontinuation,"APO-AMOXI CLAV","APOTEX INC",AMOXI-CLAV,,,70mL,,Discontinued,,,,2019-05-17,,"Business reasons",2019-05-17,2019-05-18,No
4903,02243986,Discontinuation,"APO-AMOXI CLAV 125MG/31.25MG PER 5ML","APOTEX INC",AMOXICILLIN,"AMOXICILLIN; CLAVULANIC ACID","125MG; 31.25MG","150 ML",ORAL,Discontinued,"POWDER FOR SUSPENSION",J01CR,"BETA-LACTAM ANTIBACTERIALS, PENICILLINS",2016-04-15,,"Business reasons",2017-03-31,2017-03-31,No
60241,02243986,Discontinuation,"APO-AMOXI CLAV 125MG/31.25MG PER 5ML","APOTEX INC",AMOXICILLIN,,,"100 ml",,Discontinued,,,,2018-09-14,,"Business reasons",2018-09-07,2018-09-15,No
70347,02243986,Discontinuation,"APO-AMOXI CLAV 125MG/31.25MG PER 5ML","APOTEX INC","AMOXI-CLAV 125MG/31.25mg per 5ML",,,100ML,,Discontinued,,,,2018-12-17,,"Business reasons",2018-12-21,2018-12-24,No
4906,02243987,Discontinuation,"APO-AMOXI CLAV 250MG/62.5MG PER 5ML","APOTEX INC",AMOXICILLIN,"AMOXICILLIN; CLAVULANIC ACID","250MG; 62.5MG","150 ML",ORAL,Discontinued,"POWDER FOR SUSPENSION",J01CR,"BETA-LACTAM ANTIBACTERIALS, PENICILLINS",2016-04-15,,"Business reasons",2017-03-31,2017-03-31,No
83981,02243987,Discontinuation,"APO-AMOXI CLAV 250MG/62.5MG PER 5ML","APOTEX INC","AMOXI CLAV",,,100mL,,Discontinued,,,,2019-05-06,,"Business reasons",2019-05-13,2019-05-13,No
60246,02230879,Discontinuation,"APO-AMOXI SUGAR FREE","APOTEX INC",AMOXICILLIN,AMOXICILLIN,125MG,"100 ml",ORAL,Discontinued,"POWDER FOR SUSPENSION",J01CA,"BETA-LACTAM ANTIBACTERIALS, PENICILLINS",2018-09-14,,"Business reasons",2018-09-07,2018-09-15,No
60249,02230879,Discontinuation,"APO-AMOXI SUGAR FREE","APOTEX INC",AMOXICILLIN,AMOXICILLIN,125MG,"150 ml",ORAL,Discontinued,"POWDER FOR SUSPENSION",J01CA,"BETA-LACTAM ANTIBACTERIALS, PENICILLINS",2018-09-14,,"Business reasons",2018-09-07,2018-09-15,No
118526,02230880,Discontinuation,"APO-AMOXI SUGAR FREE","APOTEX INC","AMOXI SUGAR FREE",AMOXICILLIN,250MG,"100mL and 150mL BTL","ORAL; ORAL",Discontinued,"POWDER FOR SUSPENSION",J01CA,"BETA-LACTAM ANTIBACTERIALS, PENICILLINS",2020-04-28,,"Business reasons",2020-06-22,2020-06-22,No
60252,02461471,Discontinuation,"APO-ASA LD","APOTEX INC",ASPIRIN,"ACETYLSALICYLIC ACID",81MG,"1000 BTL",ORAL,Discontinued,"TABLET (DELAYED-RELEASE)",B01AC,"ANTITHROMBOTIC AGENTS",2018-09-14,,"Business reasons",2018-09-07,2018-09-15,No
4698,02248764,Discontinuation,APO-ATENIDONE,"APOTEX INC",ATENIDONE,"CHLORTHALIDONE; ATENOLOL","25MG; 100MG","30 BLS",ORAL,Discontinued,TABLET,C07CB,"BETA BLOCKING AGENTS AND OTHER DIURETICS",2017-07-31,2017-05-31,"Business reasons",2017-03-30,2018-02-05,No
4702,02248763,Discontinuation,APO-ATENIDONE,"APOTEX INC",ATENIDONE,"CHLORTHALIDONE; ATENOLOL","25MG; 50MG","30 BLS",ORAL,Discontinued,TABLET,C07CB,"BETA BLOCKING AGENTS AND OTHER DIURETICS",2017-05-31,2017-05-31,"Business reasons",2017-03-30,2018-02-05,No
60261,00773697,Discontinuation,"APO-ATENOL TAB 100MG","APOTEX INC",ATENOLOL,ATENOLOL,100MG,"500 BTL",ORAL,Discontinued,TABLET,C07AB,"BETA BLOCKING AGENTS",2018-09-14,,"Business reasons",2018-09-07,2018-09-15,No
60267,00773689,Discontinuation,"APO-ATENOL TAB 50MG","APOTEX INC",ATENOLOL,ATENOLOL,50MG,"100 BTL",ORAL,Discontinued,TABLET,C07AB,"BETA BLOCKING AGENTS",2018-09-14,,"Business reasons",2018-09-07,2018-09-15,No
60273,02318067,Discontinuation,APO-ATOMOXETINE,"APOTEX INC","ATOMOXETINE HCL",ATOMOXETINE,60MG,"100 BTL",ORAL,Discontinued,CAPSULE,N06BA,"PSYCHOSTIMULANTS AND NOOTROPICS",2018-09-14,,"Business reasons",2018-09-07,2018-09-15,No
60276,02295261,Discontinuation,APO-ATORVASTATIN,"APOTEX INC",ATORVASTATIN,ATORVASTATIN,10MG,"90 BTL",ORAL,"To be discontinued",TABLET,C10AA,"LIPID MODIFYING AGENTS, PLAIN",,2019-03-17,"Business reasons",2018-09-07,2018-09-07,No
60279,02295288,Discontinuation,APO-ATORVASTATIN,"APOTEX INC",ATORVASTATIN,ATORVASTATIN,20MG,"90 BTL",ORAL,Discontinued,TABLET,C10AA,"LIPID MODIFYING AGENTS, PLAIN",2019-02-11,,"Business reasons",2018-09-07,2019-02-13,No
60282,02295296,Discontinuation,APO-ATORVASTATIN,"APOTEX INC",ATORVASTATIN,ATORVASTATIN,40MG,"90 BTL",ORAL,Discontinued,TABLET,C10AA,"LIPID MODIFYING AGENTS, PLAIN",2018-11-07,2018-11-05,"Business reasons",2018-09-07,2018-11-09,No
60285,02295318,Discontinuation,APO-ATORVASTATIN,"APOTEX INC",ATORVASTATIN,ATORVASTATIN,80MG,"90 BTL",ORAL,Discontinued,TABLET,C10AA,"LIPID MODIFYING AGENTS, PLAIN",2018-12-28,,"Business reasons",2018-09-07,2018-12-29,No
157376,02296063,Discontinuation,APO-BICALUTAMIDE,"APOTEX INC",BICALUTAMIDE,BICALUTAMIDE,50MG,"30 BLS","ORAL; ORAL",Discontinued,TABLET,L02BB,"HORMONE ANTAGONISTS AND RELATED AGENTS",2022-05-12,2022-04-29,"Business reasons",2022-03-25,2022-05-13,No
60288,00545023,Discontinuation,APO-BISACODYL,"APOTEX INC",BISACODYL,BISACODYL,5MG,"1000 BTL",ORAL,Discontinued,"TABLET (DELAYED-RELEASE)",A06AB,"DRUGS FOR CONSTIPATION",2018-09-14,,"Business reasons",2018-09-07,2018-09-15,No
60291,02399210,Discontinuation,APO-BOSENTAN,"APOTEX INC",BOSENTAN,BOSENTAN,125.0MG,"100 BTL",ORAL,Discontinued,TABLET,C02KX,"OTHER ANTIHYPERTENSIVES",2018-10-30,2018-11-01,"Business reasons",2018-09-07,2018-10-31,No
71339,02399202,Discontinuation,APO-BOSENTAN,"APOTEX INC","BOSENTAB TAB 62.5MG",BOSENTAN,62.5MG,"56 BLS",ORAL,Discontinued,TABLET,C02KX,"OTHER ANTIHYPERTENSIVES",2018-12-17,,"Business reasons",2019-01-04,2019-01-04,No
71342,02399210,Discontinuation,APO-BOSENTAN,"APOTEX INC","BOSENTAB TAB 125MG",BOSENTAN,125.0MG,"56 BLS",ORAL,Discontinued,TABLET,C02KX,"OTHER ANTIHYPERTENSIVES",2018-12-17,,"Business reasons",2019-01-04,2019-01-04,No
60294,02260077,Discontinuation,APO-BRIMONIDINE,"APOTEX INC",BRIMONIDINE,"BRIMONIDINE TARTRATE",0.2%,"10 ml",OPHTHALMIC,"To be discontinued",SOLUTION,S01EA,"ANTIGLAUCOMA PREPARATIONS AND MIOTICS",,2019-06-02,"Business reasons",2018-09-07,2018-09-07,No
60301,02260077,Discontinuation,APO-BRIMONIDINE,"APOTEX INC",BRIMONIDINE,"BRIMONIDINE TARTRATE",0.2%,"5 ml",OPHTHALMIC,Discontinued,SOLUTION,S01EA,"ANTIGLAUCOMA PREPARATIONS AND MIOTICS",2018-12-17,,"Business reasons",2018-09-07,2018-12-28,No
128438,02260077,Discontinuation,APO-BRIMONIDINE,"APOTEX INC",APO-BRIMONIDINE,"BRIMONIDINE TARTRATE",0.2%,"10mL and 5mL","OPHTHALMIC; OPHTHALMIC",Discontinued,SOLUTION,S01EA,"ANTIGLAUCOMA PREPARATIONS AND MIOTICS",2020-04-17,,"Business reasons",2020-11-16,2020-11-16,No
60304,02177153,Discontinuation,"APO-BROMAZEPAM - TAB 1.5MG","APOTEX INC",BROMAZEPAM,BROMAZEPAM,1.5MG,"100 BTL",ORAL,"To be discontinued",TABLET,N05BA,ANXIOLYTICS,,2019-06-27,"Business reasons",2018-09-07,2018-09-07,No
60307,02177161,Discontinuation,"APO-BROMAZEPAM - TAB 3MG","APOTEX INC",BROMAZEPAM,BROMAZEPAM,3MG,"500 BTL",ORAL,Discontinued,TABLET,N05BA,ANXIOLYTICS,2019-06-10,2019-06-03,"Business reasons",2018-09-07,2019-06-12,No
60310,02177188,Discontinuation,"APO-BROMAZEPAM - TAB 6MG","APOTEX INC",BROMAZEPAM,BROMAZEPAM,6MG,"500 BTL",ORAL,Discontinued,TABLET,N05BA,ANXIOLYTICS,2018-10-17,2018-10-20,"Business reasons",2018-09-07,2018-10-19,No
60313,02365367,Discontinuation,APO-CANDESARTAN,"APOTEX INC",CANDESARTAN,"CANDESARTAN CILEXETIL",16MG,"30 BLS",ORAL,Discontinued,TABLET,C09CA,"ANGIOTENSIN II ANTAGONISTS, PLAIN",2018-09-14,,"Business reasons",2018-09-07,2018-09-15,No
60316,02365367,Discontinuation,APO-CANDESARTAN,"APOTEX INC",CANDESARTAN,"CANDESARTAN CILEXETIL",16MG,"500 BTL",ORAL,Discontinued,TABLET,C09CA,"ANGIOTENSIN II ANTAGONISTS, PLAIN",2018-09-14,,"Business reasons",2018-09-07,2018-09-15,No
60319,02365340,Discontinuation,APO-CANDESARTAN,"APOTEX INC",CANDESARTAN,"CANDESARTAN CILEXETIL",4MG,"30 BLS",ORAL,Discontinued,TABLET,C09CA,"ANGIOTENSIN II ANTAGONISTS, PLAIN",2018-09-14,,"Business reasons",2018-09-07,2018-09-15,No
60322,02365359,Discontinuation,APO-CANDESARTAN,"APOTEX INC",CANDESARTAN,"CANDESARTAN CILEXETIL",8MG,"30 BLS",ORAL,Discontinued,TABLET,C09CA,"ANGIOTENSIN II ANTAGONISTS, PLAIN",2018-09-14,,"Business reasons",2018-09-07,2018-09-15,No
60325,02365359,Discontinuation,APO-CANDESARTAN,"APOTEX INC",CANDESARTAN,"CANDESARTAN CILEXETIL",8MG,"500 BTL",ORAL,Discontinued,TABLET,C09CA,"ANGIOTENSIN II ANTAGONISTS, PLAIN",2018-09-14,,"Business reasons",2018-09-07,2018-09-15,No
60328,02399105,Discontinuation,APO-CANDESARTAN,"APOTEX INC",CANDESARTAN,"CANDESARTAN CILEXETIL",32MG,"30 BLS",ORAL,Discontinued,TABLET,C09CA,"ANGIOTENSIN II ANTAGONISTS, PLAIN",2018-09-14,,"Business reasons",2018-09-07,2018-09-15,No
41011,02395134,Discontinuation,APO-CANDESARTAN/HCTZ,"APOTEX INC",CANDESARTAN/HCTZ,"HYDROCHLOROTHIAZIDE; CANDESARTAN CILEXETIL","25MG; 32MG","100 BTL & 30 BLS",ORAL,Discontinued,TABLET,C09DA,"ANGIOTENSIN II ANTAGONISTS, COMBINATIONS",2018-02-23,,"Business reasons",2018-02-26,2018-05-03,No
41020,02395126,Discontinuation,APO-CANDESARTAN/HCTZ,"APOTEX INC",CANDESARTAN/HCTZ,"HYDROCHLOROTHIAZIDE; CANDESARTAN CILEXETIL","12.5MG; 32MG","100 BTL & 30 BLS",ORAL,Discontinued,TABLET,C09DA,"ANGIOTENSIN II ANTAGONISTS, COMBINATIONS",2018-02-23,,"Business reasons",2018-02-26,2018-02-26,No
41047,02367866,Discontinuation,APO-CANDESARTAN/HCTZ,"APOTEX INC",CANDESARTAN/HCTZ,"HYDROCHLOROTHIAZIDE; CANDESARTAN CILEXETIL","12.5MG; 16.0MG","all pack sizes",ORAL,Discontinued,TABLET,C09DA,"ANGIOTENSIN II ANTAGONISTS, COMBINATIONS",2018-02-23,,"Business reasons",2018-02-26,2018-02-26,No
60331,02367866,Discontinuation,APO-CANDESARTAN/HCTZ,"APOTEX INC","CANDESARTAN + HCTZ","HYDROCHLOROTHIAZIDE; CANDESARTAN CILEXETIL","12.5MG; 16.0MG","100 BTL",ORAL,Discontinued,TABLET,C09DA,"ANGIOTENSIN II ANTAGONISTS, COMBINATIONS",2018-09-14,,"Business reasons",2018-09-07,2018-09-15,No
60335,02367866,Discontinuation,APO-CANDESARTAN/HCTZ,"APOTEX INC","CANDESARTAN + HCTZ","HYDROCHLOROTHIAZIDE; CANDESARTAN CILEXETIL","12.5MG; 16.0MG","30 BLS",ORAL,Discontinued,TABLET,C09DA,"ANGIOTENSIN II ANTAGONISTS, COMBINATIONS",2018-09-14,,"Business reasons",2018-09-07,2018-09-15,No
60339,01999559,Discontinuation,"APO-CAPTO TAB 6.25MG","APOTEX INC",CAPTOPRIL,CAPTOPRIL,6.25MG,"100 BTL",ORAL,Discontinued,TABLET,C09AA,"ACE INHIBITORS, PLAIN",2019-06-10,2019-06-03,"Business reasons",2018-09-07,2019-06-12,No
217493,02247935,Discontinuation,APO-CARVEDILOL,"APOTEX INC",CARVEDILOL,CARVEDILOL,12.5MG,"100 BTL","ORAL; ORAL","To be discontinued",TABLET,C07AG,"BETA BLOCKING AGENTS",,2025-05-30,"Business reasons",2024-01-26,2024-08-06,No
217496,02247933,Discontinuation,APO-CARVEDILOL,"APOTEX INC",CARVEDILOL,CARVEDILOL,3.125MG,"100 BTL","ORAL; ORAL","To be discontinued",TABLET,C07AG,"BETA BLOCKING AGENTS",,2024-08-01,"Business reasons",2024-01-26,2024-01-26,No
217499,02247934,Discontinuation,APO-CARVEDILOL,"APOTEX INC",CARVEDILOL,CARVEDILOL,6.25MG,"100 BTL","ORAL; ORAL","To be discontinued",TABLET,C07AG,"BETA BLOCKING AGENTS",,2024-12-01,"Business reasons",2024-01-26,2024-01-26,No
217504,02247936,Discontinuation,APO-CARVEDILOL,"APOTEX INC",CARVEDILOL,CARVEDILOL,25MG,"100 BTL","ORAL; ORAL",Discontinued,TABLET,C07AG,"BETA BLOCKING AGENTS",2024-01-26,,"Business reasons",2024-01-26,2024-01-27,No
44945,02293005,Discontinuation,APO-CEFPROZIL,"APOTEX INC",CEFPROZIL,CEFPROZIL,500MG,"100 BTL",ORAL,Discontinued,TABLET,J01DC,"OTHER BETA-LACTAM ANTIBACTERIALS",2018-10-03,2018-10-06,"Business reasons",2018-04-04,2018-10-05,No
71195,02292998,Discontinuation,APO-CEFPROZIL,"APOTEX INC","CEFPROZIL TAB 250MG",CEFPROZIL,250MG,"100 BTL",ORAL,Discontinued,TABLET,J01DC,"OTHER BETA-LACTAM ANTIBACTERIALS",2019-02-18,,"Business reasons",2019-01-04,2019-02-21,No
84396,02293943,Discontinuation,APO-CEFPROZIL,"APOTEX INC",CEFPROZIL,,,"75mL and 100mL",,Discontinued,,,,2019-05-17,,"Business reasons",2019-05-17,2019-05-18,No
86542,02293951,Discontinuation,APO-CEFPROZIL,"APOTEX INC",CEFPROZIL,,,"75mL and 100ML",,Discontinued,,,,2019-06-03,2019-06-03,"Business reasons",2019-06-12,2019-06-12,No
60363,02418932,Discontinuation,APO-CELECOXIB,"APOTEX INC",CELECOXIB,CELECOXIB,100MG,"500 BTL",ORAL,"To be discontinued",CAPSULE,M01AH,"ANTIINFLAMMATORY/ANTIRHEUMATIC PROD.,NON-STEROIDS",,2019-03-22,"Business reasons",2018-09-07,2018-12-11,No
60366,02418940,Discontinuation,APO-CELECOXIB,"APOTEX INC",CELECOXIB,CELECOXIB,200MG,"500 BTL",ORAL,Discontinued,CAPSULE,M01AH,"ANTIINFLAMMATORY/ANTIRHEUMATIC PROD.,NON-STEROIDS",2019-08-02,2019-08-04,"Business reasons",2018-09-07,2021-01-21,No
60370,00768723,Discontinuation,APO-CEPHALEX,"APOTEX INC",CEPHALEXIN,CEPHALEXIN,250MG,"1000 BTL",ORAL,Discontinued,TABLET,J01DB,"OTHER BETA-LACTAM ANTIBACTERIALS",2019-02-20,,"Business reasons",2018-09-07,2019-02-21,No
50998,02240910,Discontinuation,APO-CETIRIZINE,"APOTEX INC",CETIRIZINE,,,"10/15 BLS",,Discontinued,,,,2018-05-30,,"Business reasons",2018-05-31,2018-05-31,No
70250,02417316,Discontinuation,APO-CICLESONIDE,"APOTEX INC",CICLESONIDE,CICLESONIDE,50MCG,"120 Doses",NASAL,Discontinued,"SPRAY, METERED DOSE",R01AD,"DECONGESTANTS AND OTHER NASAL PREP.FOR TOPICAL USE",2018-12-17,,"Business reasons",2018-12-20,2018-12-21,No
60373,02291134,Discontinuation,APO-CILAZAPRIL,"APOTEX INC",CILAZAPRIL,CILAZAPRIL,1MG,"100 BTL",ORAL,"To be discontinued",TABLET,C09AA,"ACE INHIBITORS, PLAIN",,2019-11-29,"Business reasons",2018-09-07,2018-12-28,No
1061,00749494,Discontinuation,"APO-CIMETIDINE TAB 800MG","APOTEX INC",CIMETIDINE,CIMETIDINE,800MG,"100 BTL",ORAL,Discontinued,TABLET,A02BA,"DRUGS FOR PEPTIC ULCER AND GASTROESOPHAGEAL REFLUX DISEASE (GERD)",2012-06-13,,"Business reasons",2017-03-13,2018-09-21,No
60379,02229521,Discontinuation,APO-CIPROFLOX,"APOTEX INC",CIPROFLOX,CIPROFLOXACIN,250MG,"100 BTL",ORAL,Discontinued,TABLET,J01MA,"QUINOLONE ANTIBACTERIALS",2018-09-14,,"Business reasons",2018-09-07,2018-09-15,No
60382,02229522,Discontinuation,APO-CIPROFLOX,"APOTEX INC",CIPROFLOX,CIPROFLOXACIN,500MG,"100 BTL",ORAL,Discontinued,TABLET,J01MA,"QUINOLONE ANTIBACTERIALS",2018-09-14,,"Business reasons",2018-09-07,2018-09-15,No
60385,02229522,Discontinuation,APO-CIPROFLOX,"APOTEX INC",CIPROFLOX,CIPROFLOXACIN,500MG,"100 BTL",ORAL,Discontinued,TABLET,J01MA,"QUINOLONE ANTIBACTERIALS",2018-09-14,,"Business reasons",2018-09-07,2018-09-15,No
60388,02229523,Discontinuation,APO-CIPROFLOX,"APOTEX INC",CIPROFLOX,CIPROFLOXACIN,750MG,"100 BTL",ORAL,Discontinued,TABLET,J01MA,"QUINOLONE ANTIBACTERIALS",2018-12-17,,"Business reasons",2018-09-07,2018-12-28,No
86547,02263130,Discontinuation,APO-CIPROFLOX,"APOTEX INC",CIPROFLOX,,,5mL,,Discontinued,,,,2019-06-03,2019-06-03,"Business reasons",2019-06-12,2019-06-12,No
60393,02246056,Discontinuation,APO-CITALOPRAM,"APOTEX INC",CITALOPRAM,CITALOPRAM,20MG,"100 BTL",ORAL,Discontinued,TABLET,N06AB,ANTIDEPRESSANTS,2019-02-11,,"Business reasons",2018-09-07,2019-02-13,No
60396,02245232,Discontinuation,APO-CLINDAMYCIN,"APOTEX INC",CLINDAMYCIN,CLINDAMYCIN,150MG,"100 BTL",ORAL,"To be discontinued",CAPSULE,J01FF,"MACROLIDES, LINCOSAMIDES AND STREPTOGRAMINS",,2019-07-26,"Business reasons",2018-09-07,2018-12-28,No
60399,02245233,Discontinuation,APO-CLINDAMYCIN,"APOTEX INC",CLINDAMYCIN,CLINDAMYCIN,300MG,"100 BTL",ORAL,Discontinued,CAPSULE,J01FF,"MACROLIDES, LINCOSAMIDES AND STREPTOGRAMINS",2019-07-12,2019-02-28,"Business reasons",2018-09-07,2019-07-13,No
98363,02245232,Discontinuation,APO-CLINDAMYCIN,"APOTEX INC",CLINDAMYCIN,CLINDAMYCIN,150MG,"100 BTL",ORAL,Discontinued,CAPSULE,J01FF,"MACROLIDES, LINCOSAMIDES AND STREPTOGRAMINS",2019-05-21,2019-05-21,"Business reasons",2019-11-11,2019-11-11,No
168648,02475162,Discontinuation,"APO-CLOBETASOL SPRAY","APOTEX INC","Clobetasol Propionate","CLOBETASOL PROPIONATE",0.05%,"59 mL","TOPICAL; TOPICAL",Discontinued,SPRAY,D07AD,"CORTICOSTEROIDS, PLAIN",2022-09-01,,"Business reasons",2022-09-06,2022-09-06,No
60402,02177889,Discontinuation,"APO-CLONAZEPAM - TAB 0.5MG","APOTEX INC",CLONAZEPAM,CLONAZEPAM,.5MG,"100 BTL",ORAL,Discontinued,TABLET,N03AE,ANTIEPILEPTICS,2018-09-14,,"Business reasons",2018-09-07,2018-09-15,No
60405,02177145,Discontinuation,APO-CYCLOBENZAPRINE,"APOTEX INC",CYCLOBENZAPRINE,"CYCLOBENZAPRINE HYDROCHLORIDE",10MG,"100 BTL",ORAL,Discontinued,TABLET,M03BX,"MUSCLE RELAXANTS, CENTRALLY ACTING AGENTS",2018-09-14,,"Business reasons",2018-09-07,2018-09-15,No
60408,02244324,Discontinuation,"APO-CYCLOSPORINE ORAL SOLUTION","APOTEX INC",CYCLOSPORINE,,,"50 ml",,Discontinued,,,,2018-09-14,,"Business reasons",2018-09-07,2018-09-15,No
60420,00839183,Discontinuation,APO-DICLO,"APOTEX INC",DICLOFENAC,"DICLOFENAC SODIUM",50MG,"500 BTL",ORAL,Discontinued,"TABLET (ENTERIC-COATED)",M01AB,"ANTIINFLAMMATORY/ANTIRHEUMATIC PROD.,NON-STEROIDS",2019-08-06,2019-12-02,"Business reasons",2018-09-07,2019-08-08,No
91117,00839183,Discontinuation,APO-DICLO,"APOTEX INC",DICLO,"DICLOFENAC SODIUM",50MG,"500 BTL",ORAL,Discontinued,"TABLET (ENTERIC-COATED)",M01AB,"ANTIINFLAMMATORY/ANTIRHEUMATIC PROD.,NON-STEROIDS",2019-08-06,,"Business reasons",2019-08-07,2019-08-07,No
60423,02243433,Discontinuation,"APO-DICLO RAPIDE 50 MG TABLETS","APOTEX INC",DICLOFENAC,"DICLOFENAC POTASSIUM",50MG,"100 BTL",ORAL,"To be discontinued",TABLET,M01AB,"ANTIINFLAMMATORY/ANTIRHEUMATIC PROD.,NON-STEROIDS",,2019-06-28,"Business reasons",2018-09-07,2018-11-02,No
4909,02091194,Discontinuation,"APO-DICLO SR","APOTEX INC",DICLOFENAC,"DICLOFENAC SODIUM",100MG,"250 BTL",ORAL,Discontinued,"TABLET (EXTENDED-RELEASE)",M01AB,"ANTIINFLAMMATORY/ANTIRHEUMATIC PROD.,NON-STEROIDS",2016-07-26,,"Business reasons",2017-03-31,2017-03-31,No
4915,02162814,Discontinuation,"APO-DICLO SR","APOTEX INC",DICLOFENAC,"DICLOFENAC SODIUM",75MG,"500 BTL",ORAL,Discontinued,"TABLET (EXTENDED-RELEASE)",M01AB,"ANTIINFLAMMATORY/ANTIRHEUMATIC PROD.,NON-STEROIDS",2016-07-26,,"Business reasons",2017-03-31,2017-03-31,No
60426,02441020,Discontinuation,"APO-DICLOFENAC OPHTHALMIC","APOTEX INC",DICLOFENAC,"DICLOFENAC SODIUM",0.1%,"10 ml",OPHTHALMIC,Discontinued,SOLUTION,S01BC,"ANTIINFLAMMATORY AGENTS",2019-02-11,,"Business reasons",2018-09-07,2019-02-13,No
74366,02229526,Discontinuation,"APO-DILTIAZ CD","APOTEX INC","DILTIAZ CD","DILTIAZEM HYDROCHLORIDE",300MG,"500 BTL",ORAL,Discontinued,"CAPSULE (CONTROLLED-DELIVERY)",C08DB,"SELECTIVE CALC.CHANNEL BLOCK. W/DIRECT CARDIAC EFF",2019-02-01,2019-02-01,"Business reasons",2019-02-01,2019-02-02,No
1064,02291037,Discontinuation,"APO-DILTIAZ TZ","APOTEX INC","DILTIAZEM HYDROCHLORIDE","DILTIAZEM HYDROCHLORIDE",120MG,"100 BTL",ORAL,Discontinued,"CAPSULE (EXTENDED RELEASE)",C08DB,"SELECTIVE CALC.CHANNEL BLOCK. W/DIRECT CARDIAC EFF",2014-10-09,,"Business reasons",2017-03-13,2017-03-13,No
1069,02291045,Discontinuation,"APO-DILTIAZ TZ","APOTEX INC","DILTIAZEM HYDROCHLORIDE","DILTIAZEM HYDROCHLORIDE",180MG,"100 BTL",ORAL,Discontinued,"CAPSULE (EXTENDED RELEASE)",C08DB,"SELECTIVE CALC.CHANNEL BLOCK. W/DIRECT CARDIAC EFF",2014-10-09,,"Business reasons",2017-03-13,2017-03-13,No
1072,02291053,Discontinuation,"APO-DILTIAZ TZ","APOTEX INC","DILTIAZEM HYDROCHLORIDE","DILTIAZEM HYDROCHLORIDE",240MG,"100 BTL",ORAL,Discontinued,"CAPSULE (EXTENDED RELEASE)",C08DB,"SELECTIVE CALC.CHANNEL BLOCK. W/DIRECT CARDIAC EFF",2014-10-09,,"Business reasons",2017-03-13,2017-03-13,No
1075,02291061,Discontinuation,"APO-DILTIAZ TZ","APOTEX INC","DILTIAZEM HYDROCHLORIDE","DILTIAZEM HYDROCHLORIDE",300MG,"100 BTL",ORAL,Discontinued,"CAPSULE (EXTENDED RELEASE)",C08DB,"SELECTIVE CALC.CHANNEL BLOCK. W/DIRECT CARDIAC EFF",2014-10-09,,"Business reasons",2017-03-13,2017-03-13,No
1078,02291088,Discontinuation,"APO-DILTIAZ TZ","APOTEX INC","DILTIAZEM HYDROCHLORIDE","DILTIAZEM HYDROCHLORIDE",360MG,"100 BTL",ORAL,Discontinued,"CAPSULE (EXTENDED RELEASE)",C08DB,"SELECTIVE CALC.CHANNEL BLOCK. W/DIRECT CARDIAC EFF",2014-10-09,,"Business reasons",2017-03-13,2017-03-13,No
101888,00895644,Discontinuation,"APO-DIPYRIDAMOLE-FC TAB 25MG","APOTEX INC",DIPYRADAMOLE,DIPYRIDAMOLE,25MG,"100 BTL",ORAL,Discontinued,TABLET,B01AC,"ANTITHROMBOTIC AGENTS",2020-07-29,2020-06-30,"Business reasons",2019-12-20,2020-07-30,No
101891,00895652,Discontinuation,"APO-DIPYRIDAMOLE-FC TAB 50MG","APOTEX INC",DIPYRADAMOLE,DIPYRIDAMOLE,50MG,"100 BTL",ORAL,Discontinued,TABLET,B01AC,"ANTITHROMBOTIC AGENTS",2020-07-29,2020-06-30,"Business reasons",2019-12-20,2020-07-30,No
101880,00895660,Discontinuation,"APO-DIPYRIDAMOLE-FC TAB 75MG","APOTEX INC",DIPYRADAMOLE,DIPYRIDAMOLE,75MG,"100 BTL",ORAL,Discontinued,TABLET,B01AC,"ANTITHROMBOTIC AGENTS",2019-12-20,,"Business reasons",2019-12-20,2019-12-21,No
60438,02239699,Discontinuation,APO-DIVALPROEX,"APOTEX INC",DIVALPROEX,"VALPROIC ACID",250MG,"500 BTL",ORAL,Discontinued,"TABLET (ENTERIC-COATED)",N03AG,ANTIEPILEPTICS,2018-09-14,,"Business reasons",2018-09-07,2018-09-15,No
40733,02245079,Discontinuation,"APO-DOCUSATE SODIUM","APOTEX INC",DOCUSATE,"DOCUSATE SODIUM",100MG,"1000 BTL",ORAL,Discontinued,CAPSULE,A06AA,"DRUGS FOR CONSTIPATION",2019-03-25,,"Business reasons",2018-02-23,2019-03-29,No
60443,02362279,Discontinuation,APO-DONEPEZIL,"APOTEX INC",DONEPEZIL,"DONEPEZIL HYDROCHLORIDE",10MG,"30 BLS",ORAL,Discontinued,TABLET,N06DA,"ANTI-DEMENTIA DRUGS",2018-09-14,,"Business reasons",2018-09-07,2018-09-15,No
60447,02362279,Discontinuation,APO-DONEPEZIL,"APOTEX INC",DONEPEZIL,"DONEPEZIL HYDROCHLORIDE",10MG,"500 BTL",ORAL,Discontinued,TABLET,N06DA,"ANTI-DEMENTIA DRUGS",2018-09-14,,"Business reasons",2018-09-07,2018-09-15,No
60450,02362260,Discontinuation,APO-DONEPEZIL,"APOTEX INC",DONEPEZIL,"DONEPEZIL HYDROCHLORIDE",5MG,"30 BLS",ORAL,Discontinued,TABLET,N06DA,"ANTI-DEMENTIA DRUGS",2018-10-11,2018-10-13,"Business reasons",2018-09-07,2018-10-12,No
60453,02362260,Discontinuation,APO-DONEPEZIL,"APOTEX INC",DONEPEZIL,"DONEPEZIL HYDROCHLORIDE",5MG,"500 BTL",ORAL,Discontinued,TABLET,N06DA,"ANTI-DEMENTIA DRUGS",2019-02-08,,"Business reasons",2018-09-07,2019-02-13,No
60459,00740713,Discontinuation,"APO-DOXY CAP 100MG","APOTEX INC",DOXYCYCLINE,DOXYCYCLINE,100MG,"250 BTL",ORAL,Discontinued,CAPSULE,J01AA,TETRACYCLINES,2018-09-28,,"Business reasons",2018-09-07,2018-09-29,No
4707,00874256,Discontinuation,"APO-DOXY TABS 100MG","APOTEX INC",DOXYCYCLINE,DOXYCYCLINE,100MG,"250 BTL",ORAL,Discontinued,TABLET,J01AA,TETRACYCLINES,2017-05-31,2017-05-31,"Business reasons",2017-03-30,2018-02-05,No
60462,02019892,Discontinuation,"APO-ENALAPRIL TAB 10MG","APOTEX INC",ENALAPRIL,"ENALAPRIL MALEATE",10MG,"500 BTL",ORAL,Discontinued,TABLET,C09AA,"ACE INHIBITORS, PLAIN",2018-12-03,2018-12-04,"Business reasons",2018-09-07,2018-12-05,No
60465,02019906,Discontinuation,"APO-ENALAPRIL TAB 20MG","APOTEX INC",ENALAPRIL,"ENALAPRIL MALEATE",20MG,"500 BTL",ORAL,Discontinued,TABLET,C09AA,"ACE INHIBITORS, PLAIN",2018-11-16,2018-11-20,"Business reasons",2018-09-07,2018-11-19,No
60468,02019884,Discontinuation,"APO-ENALAPRIL TAB 5MG","APOTEX INC",ENALAPRIL,"ENALAPRIL MALEATE",5MG,"500 BTL",ORAL,Discontinued,TABLET,C09AA,"ACE INHIBITORS, PLAIN",2018-11-01,2018-11-03,"Business reasons",2018-09-07,2018-11-02,No
60471,02295024,Discontinuation,APO-ESCITALOPRAM,"APOTEX INC",ESCITALOPRAM,ESCITALOPRAM,20MG,"500 BTL",ORAL,Discontinued,TABLET,N06AB,ANTIDEPRESSANTS,2018-09-14,,"Business reasons",2018-09-07,2018-09-15,No
60474,02295016,Discontinuation,APO-ESCITALOPRAM,"APOTEX INC",ESCITALOPRAM,ESCITALOPRAM,10MG,"500 BTL",ORAL,Discontinued,TABLET,N06AB,ANTIDEPRESSANTS,2018-11-14,2018-11-18,"Business reasons",2018-09-07,2018-11-16,No
86552,02419726,Discontinuation,APO-EXEMESTANE,"APOTEX INC",EXEMASTANE,,,"30 BLS",,Discontinued,,,,2019-06-03,2019-06-03,"Business reasons",2019-06-12,2019-06-12,No
60477,01953842,Discontinuation,"APO-FAMOTIDINE TAB 20MG USP","APOTEX INC",FAMOTIDINE,,,"100 BTL",,Discontinued,,,,2018-09-14,,"Business reasons",2018-09-07,2018-09-15,No
60480,01953834,Discontinuation,"APO-FAMOTIDINE TAB 40MG USP","APOTEX INC",FAMOTIDINE,,,"100 BTL",,Discontinued,,,,2018-09-14,,"Business reasons",2018-09-07,2018-09-15,No
60483,02239864,Discontinuation,APO-FENO-MICRO,"APOTEX INC",FENOFIBRATE,FENOFIBRATE,200MG,"30 BLS",ORAL,Discontinued,CAPSULE,C10AB,"LIPID MODIFYING AGENTS, PLAIN",2019-02-11,,"Business reasons",2018-09-07,2019-02-13,No
4710,02246859,Discontinuation,APO-FENO-SUPER,"APOTEX INC",FENOFIBRATE,FENOFIBRATE,100MG,"30 BLS",ORAL,Discontinued,TABLET,C10AB,"LIPID MODIFYING AGENTS, PLAIN",2017-05-31,2017-05-31,"Business reasons",2017-03-30,2018-02-05,No
60486,02246860,Discontinuation,APO-FENO-SUPER,"APOTEX INC",FENOFIBRATE,FENOFIBRATE,160MG,"30 BLS",ORAL,Discontinued,TABLET,C10AB,"LIPID MODIFYING AGENTS, PLAIN",2018-09-14,,"Business reasons",2018-09-07,2018-09-15,No
70900,02225980,Discontinuation,APO-FENOFIBRATE,"APOTEX INC","FENOFIBRATE CAP 100MG",,,"100 BTL",,Discontinued,,,,2018-08-24,,"Business reasons",2019-01-03,2019-01-03,No
40741,02314665,Discontinuation,"APO-FENTANYL MATRIX","APOTEX INC",FENTANYL,FENTANYL,100MCG,"5 POUCH",TRANSDERMAL,Discontinued,PATCH,N02AB,OPIOIDS,2018-07-12,,"Business reasons",2018-02-23,2018-12-28,No
60489,02314630,Discontinuation,"APO-FENTANYL MATRIX","APOTEX INC",FENTANYL,FENTANYL,25MCG,"5 POUCH",TRANSDERMAL,Discontinued,PATCH,N02AB,OPIOIDS,2018-09-14,,"Business reasons",2018-09-07,2018-09-15,No
60494,02314649,Discontinuation,"APO-FENTANYL MATRIX","APOTEX INC",FENTANYL,,,"5 POUCH",,Discontinued,,,,2018-09-14,,"Business reasons",2018-09-08,2018-09-15,No
60497,02314657,Discontinuation,"APO-FENTANYL MATRIX","APOTEX INC",FENTANYL,FENTANYL,75MCG,"5 POUCH",TRANSDERMAL,Discontinued,PATCH,N02AB,OPIOIDS,2018-09-14,,"Business reasons",2018-09-08,2018-09-15,No
40965,02239288,Discontinuation,"APO-FLUNISOLIDE NASAL SPRAY","APOTEX INC",FLUNISOLIDE,FLUNISOLIDE,0.25MG,"25 ML",NASAL,Discontinued,"METERED-DOSE PUMP",R01AD,"DECONGESTANTS AND OTHER NASAL PREP.FOR TOPICAL USE",2018-02-23,,"Business reasons",2018-02-26,2018-02-26,No
4713,02231330,Discontinuation,"APO-FLUVOXAMINE TABLETS","APOTEX INC",FLUVOXAMINE,"FLUVOXAMINE MALEATE",100MG,"250 BTL",ORAL,Discontinued,TABLET,N06AB,ANTIDEPRESSANTS,2017-05-31,2017-05-31,"Business reasons",2017-03-30,2018-02-05,No
4716,02231329,Discontinuation,"APO-FLUVOXAMINE TABLETS","APOTEX INC",FLUVOXAMINE,"FLUVOXAMINE MALEATE",50MG,"250 BTL",ORAL,Discontinued,TABLET,N06AB,ANTIDEPRESSANTS,2017-07-31,2017-05-31,"Business reasons",2017-03-30,2018-02-05,No
40997,00885754,Discontinuation,"APO-GAIN LIQ 20MG/ML","APOTEX INC",MINOXIDIL,MINOXIDIL,20MG,"60 ML",TOPICAL,Discontinued,SOLUTION,D11AX,"OTHER DERMATOLOGICAL PREPARATIONS",2018-02-23,,"Business reasons",2018-02-26,2018-02-26,No
70815,00885754,Discontinuation,"APO-GAIN LIQ 20MG/ML","APOTEX INC","MINOXIDIL SOLUTION 2%",MINOXIDIL,20MG,"2 x 60ML REFILL",TOPICAL,Discontinued,SOLUTION,D11AX,"OTHER DERMATOLOGICAL PREPARATIONS",2018-02-20,,"Business reasons",2019-01-02,2019-01-02,No
4927,01979582,Discontinuation,APO-GEMFIBROZIL,"APOTEX INC",GEMFIBROZIL,GEMFIBROZIL,600MG,"500 BTL",ORAL,Discontinued,TABLET,C10AB,"LIPID MODIFYING AGENTS, PLAIN",2016-04-15,,"Business reasons",2017-03-31,2017-03-31,No
4920,01979574,Discontinuation,"APO-GEMFIBROZIL CAP 300MG USP","APOTEX INC",GEMFIBROZIL,GEMFIBROZIL,300MG,"500 BTL",ORAL,Discontinued,CAPSULE,C10AB,"LIPID MODIFYING AGENTS, PLAIN",2016-04-15,,"Business reasons",2017-03-31,2018-12-07,No
86557,01979574,Discontinuation,"APO-GEMFIBROZIL CAP 300MG USP","APOTEX INC",GEMFIBROZIL,,,"100 BTL",,Discontinued,,,,2019-06-03,,"Business reasons",2019-06-12,2019-06-12,No
60512,02245247,Discontinuation,APO-GLICLAZIDE,"APOTEX INC",GLICLAZIDE,GLICLAZIDE,80MG,"60 bls",ORAL,Discontinued,TABLET,A10BB,"BLOOD GLUCOSE LOWERING DRUGS, EXCL. INSULINS",2018-09-14,,"Business reasons",2018-09-08,2018-09-15,No
94446,02295377,Discontinuation,APO-GLIMEPIRIDE,"APOTEX INC",APO-GLIMEPIRIDE,,,"100 BTL",,Discontinued,,,,2019-09-13,,"Business reasons",2019-09-20,2019-09-20,No
94449,02295385,Discontinuation,APO-GLIMEPIRIDE,"APOTEX INC",GLIMEPIRIDE,,,"100 BTL",,Discontinued,,,,2019-09-13,,"Business reasons",2019-09-20,2019-09-20,No
94452,02295393,Discontinuation,APO-GLIMEPIRIDE,"APOTEX INC",GLIMEPIRIDE,,,"100 BTL",,Discontinued,,,,2019-09-13,,"Business reasons",2019-09-20,2019-09-20,No
1084,00396826,Discontinuation,"APO-HALOPERIDOL TAB 2MG","APOTEX INC",HALOPERIDOL,HALOPERIDOL,2MG,"100 BTL & 1000 BTL",ORAL,Discontinued,TABLET,N05AD,ANTIPSYCHOTICS,2013-12-12,,"Business reasons",2017-03-13,2017-03-13,No
1087,00396834,Discontinuation,"APO-HALOPERIDOL TAB 5MG","APOTEX INC",HALOPERIDOL,HALOPERIDOL,5MG,"100 BTL & 1000 BTL",ORAL,Discontinued,TABLET,N05AD,ANTIPSYCHOTICS,2013-12-12,,"Business reasons",2017-03-13,2017-03-13,No
110956,02476614,Discontinuation,"APO-HYDROMORPHONE CR","APOTEX INC","HYDROMORPHONE CR","HYDROMORPHONE HYDROCHLORIDE",3MG,"60 btl","ORAL; ORAL",Discontinued,"CAPSULE (EXTENDED RELEASE)",N02AA,OPIOIDS,2019-12-30,,"Business reasons",2020-04-05,2020-04-04,No
110959,02476630,Discontinuation,"APO-HYDROMORPHONE CR","APOTEX INC","HYDROMORPHONE CR","HYDROMORPHONE HYDROCHLORIDE",6MG,"60 BTL","ORAL; ORAL",Discontinued,"CAPSULE (EXTENDED RELEASE)",N02AA,OPIOIDS,2019-12-30,,"Business reasons",2020-04-05,2020-04-04,No
110962,02476657,Discontinuation,"APO-HYDROMORPHONE CR","APOTEX INC","HYDROMORPHONE CR","HYDROMORPHONE HYDROCHLORIDE",12MG,"60 BTL","ORAL; ORAL",Discontinued,"CAPSULE (EXTENDED RELEASE)",N02AA,OPIOIDS,2019-12-30,,"Business reasons",2020-04-05,2020-04-04,No
110965,02476665,Discontinuation,"APO-HYDROMORPHONE CR","APOTEX INC","HYDROMORPHONE CR","HYDROMORPHONE HYDROCHLORIDE",18MG,"60 BTL","ORAL; ORAL",Discontinued,"CAPSULE (EXTENDED RELEASE)",N02AA,OPIOIDS,2019-12-30,,"Business reasons",2020-04-05,2020-04-04,No
110968,02476673,Discontinuation,"APO-HYDROMORPHONE CR","APOTEX INC","HYDROMORPHONE CR","HYDROMORPHONE HYDROCHLORIDE",24MG,"60 BTL","ORAL; ORAL",Discontinued,"CAPSULE (EXTENDED RELEASE)",N02AA,OPIOIDS,2019-12-30,,"Business reasons",2020-04-05,2020-04-04,No
110971,02476681,Discontinuation,"APO-HYDROMORPHONE CR","APOTEX INC","HYDROMORPHONE CR","HYDROMORPHONE HYDROCHLORIDE",30MG,"60 BTL","ORAL; ORAL",Discontinued,"CAPSULE (EXTENDED RELEASE)",N02AA,OPIOIDS,2019-12-30,,"Business reasons",2020-04-05,2020-04-04,No
110974,02476622,Discontinuation,"APO-HYDROMORPHONE CR","APOTEX INC","HYDROMORPHONE CR","HYDROMORPHONE HYDROCHLORIDE",4.5MG,"60 BTL","ORAL; ORAL",Discontinued,"CAPSULE (EXTENDED RELEASE)",N02AA,OPIOIDS,2019-12-30,,"Business reasons",2020-04-05,2020-04-04,No
110977,02476649,Discontinuation,"APO-HYDROMORPHONE CR","APOTEX INC","HYDROMORPHONE CR","HYDROMORPHONE HYDROCHLORIDE",9MG,"60 BTL","ORAL; ORAL",Discontinued,"CAPSULE (EXTENDED RELEASE)",N02AA,OPIOIDS,2019-12-30,,"Business reasons",2020-04-05,2020-04-04,No
60524,02246691,Discontinuation,APO-HYDROXYQUINE,"APOTEX INC",HYDROXYQUINE,"HYDROXYCHLOROQUINE SULFATE",200MG,"500 BTL",ORAL,Discontinued,TABLET,P01BA,ANTIMALARIALS,2018-10-01,2018-09-28,"Business reasons",2018-09-08,2018-10-05,No
99672,02407825,Discontinuation,APO-IMIQUIMOD,"APOTEX INC",IMIQUIMOD,,,"24x0.25g packet",,Discontinued,,,,2019-05-03,,"Business reasons",2019-11-26,2019-11-26,No
60536,02386976,Discontinuation,APO-IRBESARTAN,"APOTEX INC",IRBESARTAN,IRBESARTAN,150MG,"100 BTL",ORAL,Discontinued,TABLET,C09CA,"ANGIOTENSIN II ANTAGONISTS, PLAIN",2018-12-17,,"Business reasons",2018-09-08,2018-12-28,No
60539,02386984,Discontinuation,APO-IRBESARTAN,"APOTEX INC",IRBESARTAN,IRBESARTAN,300MG,"100 BTL",ORAL,Discontinued,TABLET,C09CA,"ANGIOTENSIN II ANTAGONISTS, PLAIN",2018-09-14,,"Business reasons",2018-09-08,2018-09-15,No
71231,02386968,Discontinuation,APO-IRBESARTAN,"APOTEX INC","IRBESARTAN TAB 75MG",IRBESARTAN,75MG,"100 BTL",ORAL,Discontinued,TABLET,C09CA,"ANGIOTENSIN II ANTAGONISTS, PLAIN",2018-12-17,,"Business reasons",2019-01-04,2019-01-04,No
71234,02386976,Discontinuation,APO-IRBESARTAN,"APOTEX INC","IRBESARTAN TAB 150MG",IRBESARTAN,150MG,"500 BTL",ORAL,Discontinued,TABLET,C09CA,"ANGIOTENSIN II ANTAGONISTS, PLAIN",2018-12-27,,"Business reasons",2019-01-04,2019-01-04,No
71237,02386984,Discontinuation,APO-IRBESARTAN,"APOTEX INC","IRBESARTAN TAB 300MG",IRBESARTAN,300MG,"500 BTL",ORAL,Discontinued,TABLET,C09CA,"ANGIOTENSIN II ANTAGONISTS, PLAIN",2018-12-18,,"Business reasons",2019-01-04,2019-01-04,No
40757,02387646,Discontinuation,APO-IRBESARTAN/HCTZ,"APOTEX INC",IRBESARTAN/HCTZ,"HYDROCHLOROTHIAZIDE; IRBESARTAN","12.5MG; 150MG","100 BTL",ORAL,Discontinued,TABLET,C09DA,"ANGIOTENSIN II ANTAGONISTS, COMBINATIONS",2018-02-22,,"Business reasons",2018-02-23,2018-02-23,No
40760,02387646,Discontinuation,APO-IRBESARTAN/HCTZ,"APOTEX INC",IRBESARTAN/HCTZ,"HYDROCHLOROTHIAZIDE; IRBESARTAN","12.5MG; 150MG","500 BTL",ORAL,Discontinued,TABLET,C09DA,"ANGIOTENSIN II ANTAGONISTS, COMBINATIONS",2018-07-12,2018-06-03,"Business reasons",2018-02-23,2018-07-17,No
40763,02387654,Discontinuation,APO-IRBESARTAN/HCTZ,"APOTEX INC",IRBESARTAN/HCTZ,,,"100 BTL & 500 BTL",,Discontinued,,,,2018-07-12,2018-06-03,"Business reasons",2018-02-23,2018-07-17,No
40766,02387662,Discontinuation,APO-IRBESARTAN/HCTZ,"APOTEX INC",IRBESARTAN/HCTZ,"HYDROCHLOROTHIAZIDE; IRBESARTAN","25MG; 300MG","100 BTL",ORAL,Discontinued,TABLET,C09DA,"ANGIOTENSIN II ANTAGONISTS, COMBINATIONS",2018-09-14,2018-08-12,"Business reasons",2018-02-23,2018-09-15,No
40769,02387662,Discontinuation,APO-IRBESARTAN/HCTZ,"APOTEX INC",IRBESARTAN/HCTZ,"HYDROCHLOROTHIAZIDE; IRBESARTAN","25MG; 300MG","500 BTL",ORAL,Discontinued,TABLET,C09DA,"ANGIOTENSIN II ANTAGONISTS, COMBINATIONS",2018-09-14,2018-06-03,"Business reasons",2018-02-23,2018-09-15,No
60548,02387654,Discontinuation,APO-IRBESARTAN/HCTZ,"APOTEX INC",IRBESARTAN/HCTZ,,,"500 BTL",,Discontinued,,,,2018-09-14,,"Business reasons",2018-09-08,2018-09-15,No
40772,02242814,Discontinuation,APO-LACTULOSE,"APOTEX INC",LACTULOSE,LACTULOSE,667MG,"500 ML",ORAL,Discontinued,SOLUTION,A06AD,"DRUGS FOR CONSTIPATION",2018-07-12,2018-05-05,"Business reasons",2018-02-23,2018-07-17,No
40775,02242814,Discontinuation,APO-LACTULOSE,"APOTEX INC",LACTULOSE,LACTULOSE,667MG,"1 L",ORAL,Discontinued,SOLUTION,A06AD,"DRUGS FOR CONSTIPATION",2018-09-14,2018-07-09,"Business reasons",2018-02-23,2018-09-15,No
60557,02369052,Discontinuation,APO-LAMIVUDINE,"APOTEX INC",LAMIVUDINE,LAMIVUDINE,150MG,"100 BTL",ORAL,Discontinued,TABLET,J05AF,"DIRECT ACTING ANTIVIRALS",2019-07-12,2019-05-31,"Business reasons",2018-09-08,2019-07-13,No
60560,02369060,Discontinuation,APO-LAMIVUDINE,"APOTEX INC",LAMIVUDINE,LAMIVUDINE,300MG,"100 BTL",ORAL,Discontinued,TABLET,J05AF,"DIRECT ACTING ANTIVIRALS",2019-07-12,2019-07-04,"Business reasons",2018-09-08,2019-07-13,No
60563,02393239,Discontinuation,"APO-LAMIVUDINE HBV","APOTEX INC",LAMIVUDINE,LAMIVUDINE,100MG,"60 BTL",ORAL,Discontinued,TABLET,J05AF,"DIRECT ACTING ANTIVIRALS",2019-12-20,2019-07-04,"Business reasons",2018-09-08,2019-12-21,No
60572,02414155,Discontinuation,APO-LATANOPROST-TIMOP,"APOTEX INC","LATANOPROST-TIMOLOL MALEATE",,,"2.5 ml",,Discontinued,,,,2018-09-14,,"Business reasons",2018-09-08,2018-09-15,No
60576,02195968,Discontinuation,"APO-LEVOCARB - TAB 25MG/250MG","APOTEX INC",LEVOCARB,"CARBIDOPA; LEVODOPA","25MG; 250MG","500 BTL",ORAL,Discontinued,TABLET,N04BA,"DOPAMINERGIC AGENTS",2019-02-04,2019-01-31,"Business reasons",2018-09-08,2019-02-07,No
60579,02217503,Discontinuation,"APO-LISINOPRIL TABLET 10 MG","APOTEX INC",LISINOPRIL,LISINOPRIL,10MG,"500 BTL",ORAL,Discontinued,TABLET,C09AA,"ACE INHIBITORS, PLAIN",2019-02-01,,"Business reasons",2018-09-08,2019-02-02,No
60582,02217511,Discontinuation,"APO-LISINOPRIL TABLET 20 MG","APOTEX INC",LISINOPRIL,LISINOPRIL,20MG,"500 BTL",ORAL,Discontinued,TABLET,C09AA,"ACE INHIBITORS, PLAIN",2018-11-23,2018-11-28,"Business reasons",2018-09-08,2018-11-26,No
60585,02217481,Discontinuation,"APO-LISINOPRIL TABLET 5 MG","APOTEX INC",LISINOPRIL,LISINOPRIL,5MG,"500 BTL",ORAL,Discontinued,TABLET,C09AA,"ACE INHIBITORS, PLAIN",2019-02-08,,"Business reasons",2018-09-08,2019-02-13,No
1090,02261987,Discontinuation,APO-LISINOPRIL/HCTZ,"APOTEX INC","LISINOPRIL HCTZ","HYDROCHLOROTHIAZIDE; LISINOPRIL","12.5MG; 20MG","100 BTL",ORAL,Discontinued,TABLET,C09BA,"ACE INHIBITORS, COMBINATIONS",2014-12-16,,"Business reasons",2017-03-13,2017-03-13,No
1093,02261979,Discontinuation,APO-LISINOPRIL/HCTZ,"APOTEX INC","LISINOPRIL HCTZ","HYDROCHLOROTHIAZIDE; LISINOPRIL","12.5MG; 10MG","100 BTL",ORAL,Discontinued,TABLET,C09BA,"ACE INHIBITORS, COMBINATIONS",2013-12-12,,"Business reasons",2017-03-13,2017-03-13,No
1096,02261995,Discontinuation,APO-LISINOPRIL/HCTZ,"APOTEX INC","LISINOPRIL HCTZ","HYDROCHLOROTHIAZIDE; LISINOPRIL","25MG; 20MG","100 BTL",ORAL,Discontinued,TABLET,C09BA,"ACE INHIBITORS, COMBINATIONS",2014-12-12,,"Business reasons",2017-03-13,2017-03-13,No
60588,02242838,Discontinuation,"APO-LITHIUM CARBONATE","APOTEX INC","LITHIUM CARBONATE","LITHIUM CARBONATE",300MG,"1000 BTL",ORAL,Discontinued,CAPSULE,N05AN,ANTIPSYCHOTICS,2018-09-14,,"Business reasons",2018-09-08,2018-09-15,No
4930,02212005,Discontinuation,"APO-LOPERAMIDE - TAB 2MG","APOTEX INC",LOPERAMIDE,"LOPERAMIDE HYDROCHLORIDE",2MG,"500 BTL",ORAL,Discontinued,TABLET,A07DA,ANTIPROPULSIVES,2016-04-15,,"Business reasons",2017-03-31,2017-03-31,No
60591,00655740,Discontinuation,"APO-LORAZEPAM TAB 0.5MG","APOTEX INC",LORAZEPAM,LORAZEPAM,0.5MG,"100 BTL",ORAL,Discontinued,TABLET,N05BA,ANXIOLYTICS,2018-12-27,,"Business reasons",2018-09-08,2018-12-28,No
60594,00655759,Discontinuation,"APO-LORAZEPAM TAB 1MG","APOTEX INC",LORAZEPAM,LORAZEPAM,1MG,"100 BTL",ORAL,Discontinued,TABLET,N05BA,ANXIOLYTICS,2018-10-03,2018-09-28,"Business reasons",2018-09-08,2018-10-05,No
60987,02353504,Discontinuation,APO-LOSARTAN,"APOTEX INC",LOSARTAN,"LOSARTAN POTASSIUM",50MG,"500 BTL",ORAL,Discontinued,TABLET,C09CA,"ANGIOTENSIN II ANTAGONISTS, PLAIN",2018-09-14,,"Business reasons",2018-09-10,2018-09-15,No
71213,02353512,Discontinuation,APO-LOSARTAN,"APOTEX INC","LOSARTAN TAB 100MG","LOSARTAN POTASSIUM",100MG,"500 BTL",ORAL,Discontinued,TABLET,C09CA,"ANGIOTENSIN II ANTAGONISTS, PLAIN",2018-09-27,,"Business reasons",2019-01-04,2019-01-04,No
74376,02379058,Discontinuation,APO-LOSARTAN,"APOTEX INC",LOSARTAN,"LOSARTAN POTASSIUM",25MG,"30 BLS",ORAL,Discontinued,TABLET,C09CA,"ANGIOTENSIN II ANTAGONISTS, PLAIN",2019-02-01,,"Business reasons",2019-02-01,2019-02-02,No
60597,02371243,Discontinuation,APO-LOSARTAN/HCTZ,"APOTEX INC",LOSARTAN/HCTZ,"HYDROCHLOROTHIAZIDE; LOSARTAN POTASSIUM","12.5MG; 100MG","30 BLS",ORAL,Discontinued,TABLET,C09DA,"ANGIOTENSIN II ANTAGONISTS, COMBINATIONS",2018-10-29,2018-10-31,"Business reasons",2018-09-08,2018-11-02,No
60600,02371251,Discontinuation,APO-LOSARTAN/HCTZ,"APOTEX INC",LOSARTAN/HCTZ,"HYDROCHLOROTHIAZIDE; LOSARTAN POTASSIUM","25MG; 100MG","100 BTL",ORAL,Discontinued,TABLET,C09DA,"ANGIOTENSIN II ANTAGONISTS, COMBINATIONS",2018-12-27,,"Business reasons",2018-09-08,2018-12-28,No
60603,02371235,Discontinuation,APO-LOSARTAN/HCTZ,"APOTEX INC",LOSARTAN/HCTZ,"HYDROCHLOROTHIAZIDE; LOSARTAN POTASSIUM","12.5MG; 50MG","100 BTL",ORAL,Discontinued,TABLET,C09DA,"ANGIOTENSIN II ANTAGONISTS, COMBINATIONS",2018-12-27,,"Business reasons",2018-09-08,2018-12-28,No
60997,02371251,Discontinuation,APO-LOSARTAN/HCTZ,"APOTEX INC",LOSARTAN/HCTZ,"HYDROCHLOROTHIAZIDE; LOSARTAN POTASSIUM","25MG; 100MG","30 BLS",ORAL,Discontinued,TABLET,C09DA,"ANGIOTENSIN II ANTAGONISTS, COMBINATIONS",2018-12-27,,"Business reasons",2018-09-10,2018-12-28,No
67146,02371243,Discontinuation,APO-LOSARTAN/HCTZ,"APOTEX INC",LOSARTAN/HCTZ,"HYDROCHLOROTHIAZIDE; LOSARTAN POTASSIUM","12.5MG; 100MG",100BTL,ORAL,Discontinued,TABLET,C09DA,"ANGIOTENSIN II ANTAGONISTS, COMBINATIONS",2018-11-15,2018-11-01,"Business reasons",2018-11-20,2018-11-19,No
71101,02371235,Discontinuation,APO-LOSARTAN/HCTZ,"APOTEX INC","LOSARTAN/HCTZ 50/12.5MG","HYDROCHLOROTHIAZIDE; LOSARTAN POTASSIUM","12.5MG; 50MG","30 BLS",ORAL,Discontinued,TABLET,C09DA,"ANGIOTENSIN II ANTAGONISTS, COMBINATIONS",2018-11-19,,"Business reasons",2019-01-03,2019-01-03,No
60606,02220172,Discontinuation,"APO-LOVASTATIN - TAB 20MG","APOTEX INC",LOVASTATIN,LOVASTATIN,20MG,"500 BTL",ORAL,Discontinued,TABLET,C10AA,"LIPID MODIFYING AGENTS, PLAIN",2018-09-14,,"Business reasons",2018-09-08,2018-09-15,No
60609,02244726,Discontinuation,"APO-MEDROXY TABLETS","APOTEX INC",MEDROXYPROGESTERONE,"MEDROXYPROGESTERONE ACETATE",2.5MG,"500 BTL",ORAL,Discontinued,TABLET,G03DA,PROGESTOGENS,2018-09-14,,"Business reasons",2018-09-08,2018-09-15,No
60612,02248973,Discontinuation,APO-MELOXICAM,"APOTEX INC",MELOXICAM,MELOXICAM,7.5MG,"500 BTL",ORAL,Discontinued,TABLET,M01AC,"ANTIINFLAMMATORY/ANTIRHEUMATIC PROD.,NON-STEROIDS",2018-09-14,,"Business reasons",2018-09-08,2018-09-15,No
60615,02366487,Discontinuation,APO-MEMANTINE,"APOTEX INC",MEMANTINE,"MEMANTINE HYDROCHLORIDE",10MG,"30 BLS",ORAL,Discontinued,TABLET,N06DX,"ANTI-DEMENTIA DRUGS",2018-09-14,,"Business reasons",2018-09-08,2018-09-15,No
40781,02167786,Discontinuation,"APO-METFORMIN - TAB 500MG","APOTEX INC",METFORMIN,"METFORMIN HYDROCHLORIDE",500MG,"500 BTL",ORAL,"To be discontinued",TABLET,A10BA,"BLOOD GLUCOSE LOWERING DRUGS, EXCL. INSULINS",,2019-02-15,"Business reasons",2018-02-23,2018-12-28,No
40784,02167786,Discontinuation,"APO-METFORMIN - TAB 500MG","APOTEX INC",METFORMIN,"METFORMIN HYDROCHLORIDE",500MG,"360 BTL",ORAL,"To be discontinued",TABLET,A10BA,"BLOOD GLUCOSE LOWERING DRUGS, EXCL. INSULINS",,2019-06-03,"Business reasons",2018-02-23,2018-12-28,No
40790,02167786,Discontinuation,"APO-METFORMIN - TAB 500MG","APOTEX INC",METFORMIN,"METFORMIN HYDROCHLORIDE",500MG,"100 BTL",ORAL,Discontinued,TABLET,A10BA,"BLOOD GLUCOSE LOWERING DRUGS, EXCL. INSULINS",2018-11-22,2018-11-28,"Business reasons",2018-02-23,2018-11-26,No
40778,02229785,Discontinuation,"APO-METFORMIN 850 MG TABLETS","APOTEX INC",METFORMIN,"METFORMIN HYDROCHLORIDE",850MG,"500 BTL",ORAL,Discontinued,TABLET,A10BA,"BLOOD GLUCOSE LOWERING DRUGS, EXCL. INSULINS",2019-06-10,2019-06-03,"Business reasons",2018-02-23,2019-06-12,No
40796,02229785,Discontinuation,"APO-METFORMIN 850 MG TABLETS","APOTEX INC",METFORMIN,"METFORMIN HYDROCHLORIDE",850MG,"100 BTL",ORAL,Discontinued,TABLET,A10BA,"BLOOD GLUCOSE LOWERING DRUGS, EXCL. INSULINS",2018-09-14,2018-07-16,"Business reasons",2018-02-23,2018-09-15,No
71207,02305062,Discontinuation,"APO-METFORMIN ER","APOTEX INC","METFORMIN ER TAB 500MG","METFORMIN HYDROCHLORIDE",500MG,"100 BTL",ORAL,Discontinued,"TABLET (EXTENDED-RELEASE)",A10BA,"BLOOD GLUCOSE LOWERING DRUGS, EXCL. INSULINS",2018-09-27,,"Business reasons",2019-01-04,2019-01-04,No
1101,00842834,Discontinuation,"APO-METOCLOP TAB 10MG","APOTEX INC",METOCLOPRAMIDE,"METOCLOPRAMIDE HYDROCHLORIDE",10MG,"100 BTL & 500 BTL",ORAL,Discontinued,TABLET,A03FA,PROPULSIVES,2012-03-01,,"Business reasons",2017-03-13,2017-03-13,No
1105,00842826,Discontinuation,"APO-METOCLOP TAB 5MG","APOTEX INC",METOCLOPRAMIDE,METOCLOPRAMIDE,5mg,"100 BTL & 500 BTL",oral,Discontinued,tablet,A03FA,PROPULSIVES,2012-03-01,,"Business reasons",2017-03-13,2017-03-13,No
60628,02246010,Discontinuation,APO-METOPROLOL,"APOTEX INC",METOPROLOL,"METOPROLOL TARTRATE",25MG,"100 BTL",ORAL,"To be discontinued",TABLET,C07AB,"BETA BLOCKING AGENTS",,2019-06-03,"Business reasons",2018-09-08,2021-06-03,No
4728,02084104,Discontinuation,"APO-MINOCYCLINE CAP 100MG","APOTEX INC",MINOCYCLINE,MINOCYCLINE,100MG,"250 BTL",ORAL,Discontinued,CAPSULE,J01AA,TETRACYCLINES,2017-05-31,2017-05-31,"Business reasons",2017-03-30,2018-02-05,No
4731,02084090,Discontinuation,"APO-MINOCYCLINE CAP 50MG","APOTEX INC",MINOCYCLINE,MINOCYCLINE,50MG,"250 BTL",ORAL,Discontinued,CAPSULE,J01AA,TETRACYCLINES,2017-05-31,2017-05-31,"Business reasons",2017-03-30,2018-02-05,No
60637,02352559,Discontinuation,APO-MYCOPHENOLATE,"APOTEX INC",MYCOPHENOLATE,"MYCOPHENOLATE MOFETIL",250MG,"100 BTL",ORAL,Discontinued,CAPSULE,L04AA,IMMUNOSUPPRESSANTS,2018-09-14,,"Business reasons",2018-09-08,2018-09-15,No
60640,02352567,Discontinuation,APO-MYCOPHENOLATE,"APOTEX INC",MYCOPHENOLATE,"MYCOPHENOLATE MOFETIL",500MG,"100 BTL",ORAL,Discontinued,TABLET,L04AA,IMMUNOSUPPRESSANTS,2018-10-09,2018-10-14,"Business reasons",2018-09-08,2018-10-12,No
60657,00784354,Discontinuation,APO-NAPRO-NA,"APOTEX INC",NAPROXEN,"NAPROXEN SODIUM",275MG,"500 BTL",ORAL,Discontinued,TABLET,M01AE,"ANTIINFLAMMATORY/ANTIRHEUMATIC PROD.,NON-STEROIDS",2018-09-14,,"Business reasons",2018-09-08,2018-09-15,No
60660,01940309,Discontinuation,"APO-NAPRO-NA DS","APOTEX INC",NAPROXEN,"NAPROXEN SODIUM",550MG,"500 BTL",ORAL,Discontinued,TABLET,M01AE,"ANTIINFLAMMATORY/ANTIRHEUMATIC PROD.,NON-STEROIDS",2018-09-14,2018-09-14,"Business reasons",2018-09-08,2018-09-15,No
60666,00522651,Discontinuation,APO-NAPROXEN,"APOTEX INC",NAPROXEN,NAPROXEN,250MG,"500 BTL",ORAL,Discontinued,TABLET,M01AE,"ANTIINFLAMMATORY/ANTIRHEUMATIC PROD.,NON-STEROIDS",2018-09-14,,"Business reasons",2018-09-08,2018-09-15,No
78257,02427931,Discontinuation,"APO-NEVIRAPINE XR","APOTEX INC",NEVIRAPINE,NEVIRAPINE,400MG,"30 BLS",ORAL,Discontinued,"TABLET (EXTENDED-RELEASE)",J05AG,"DIRECT ACTING ANTIVIRALS",2019-03-08,,"Business reasons",2019-03-11,2019-03-11,No
1110,02245230,Discontinuation,"APO-NITRAZEPAM TABLETS BP","APOTEX INC",NITRAZEPAM,NITRAZEPAM,5MG,"100 BTL",ORAL,Discontinued,TABLET,N05CD,"HYPNOTICS AND SEDATIVES",2014-05-02,,"Business reasons",2017-03-13,2018-12-07,No
1117,02245231,Discontinuation,"APO-NITRAZEPAM TABLETS BP","APOTEX INC",NITRAZEPAM,NITRAZEPAM,10MG,"100 BTL",ORAL,Discontinued,TABLET,N05CD,"HYPNOTICS AND SEDATIVES",2014-05-02,,"Business reasons",2017-03-13,2018-12-07,No
40947,02393433,Discontinuation,APO-NITROGLYCERIN,"APOTEX INC",NITROGLYCERIN,NITROGLYCERIN,0.4MG,"200 METERED DOSES",SUBLINGUAL,Discontinued,"METERED-DOSE PUMP",C01DA,"VASODILATORS USED IN CARDIAC DISEASES",2018-02-23,,"Business reasons",2018-02-26,2018-02-26,No
71189,02393433,Discontinuation,APO-NITROGLYCERIN,"APOTEX INC","NITROGLYCERIN SPRAY 0.4MG",NITROGLYCERIN,0.4MG,"200 MD",SUBLINGUAL,Discontinued,"METERED-DOSE PUMP",C01DA,"VASODILATORS USED IN CARDIAC DISEASES",2018-01-26,,"Business reasons",2019-01-04,2019-01-04,No
1127,02220156,Discontinuation,APO-NIZATIDINE,"APOTEX INC",NIZATIDINE,NIZATIDINE,150MG,"100 BTL & 500 BTL",ORAL,Discontinued,CAPSULE,A02BA,"DRUGS FOR PEPTIC ULCER AND GASTROESOPHAGEAL REFLUX DISEASE (GERD)",2014-04-17,,"Business reasons",2017-03-13,2017-03-13,No
1135,02220164,Discontinuation,APO-NIZATIDINE,"APOTEX INC",NIZATIDINE,NIZATIDINE,300MG,"100 BTL",ORAL,Discontinued,CAPSULE,A02BA,"DRUGS FOR PEPTIC ULCER AND GASTROESOPHAGEAL REFLUX DISEASE (GERD)",2014-04-17,,"Business reasons",2017-03-13,2017-03-13,No
1145,02223511,Discontinuation,"APO-NORTRIPTYLINE - CAP 10MG","APOTEX INC",NORTRIPTYLINE,NORTRIPTYLINE,10MG,"100 BTL",ORAL,Discontinued,CAPSULE,N06AA,ANTIDEPRESSANTS,2014-07-07,,"Business reasons",2017-03-13,2017-03-13,No
1155,02223538,Discontinuation,"APO-NORTRIPTYLINE - CAP 25MG","APOTEX INC",NORTRIPTYLINE,NORTRIPTYLINE,25MG,"100 BTL & 500 BTL",ORAL,Discontinued,CAPSULE,N06AA,ANTIDEPRESSANTS,2014-07-17,,"Business reasons",2017-03-13,2017-03-13,No
71017,02248398,Discontinuation,APO-OFLOXACIN,"APOTEX INC","OFLOXACIN OPH SOLUTION 0.3%",,,5ML,,Discontinued,,,,2017-08-24,,"Business reasons",2019-01-03,2019-01-03,No
4738,02281791,Discontinuation,APO-OLANZAPINE,"APOTEX INC",OLANZAPINE,OLANZAPINE,2.5MG,"500 BTL",ORAL,Discontinued,TABLET,N05AH,ANTIPSYCHOTICS,2017-05-31,2017-05-31,"Business reasons",2017-03-30,2018-02-05,No
4968,02281805,Discontinuation,APO-OLANZAPINE,"APOTEX INC",OLANZAPINE,OLANZAPINE,5.0MG,"500 BTL",ORAL,Discontinued,TABLET,N05AH,ANTIPSYCHOTICS,2017-05-31,2017-05-31,"Business reasons",2017-03-31,2018-02-05,No
60672,02281821,Discontinuation,APO-OLANZAPINE,"APOTEX INC",OLANZAPINE,OLANZAPINE,10.0MG,"500 BTL",ORAL,Discontinued,TABLET,N05AH,ANTIPSYCHOTICS,2018-12-17,2018-12-18,"Business reasons",2018-09-08,2018-12-18,No
60684,02240908,Discontinuation,APO-PAROXETINE,"APOTEX INC",PAROXETINE,PAROXETINE,20MG,"30 BLS",ORAL,Discontinued,TABLET,N06AB,ANTIDEPRESSANTS,2018-09-14,,"Business reasons",2018-09-08,2018-09-15,No
60687,02460912,Discontinuation,"APO-PHENYTOIN SODIUM","APOTEX INC",PHENYTOIN,"PHENYTOIN SODIUM",100MG,"100 BTL",ORAL,Discontinued,CAPSULE,N03AB,ANTIEPILEPTICS,2018-10-29,,"Business reasons",2018-09-08,2018-12-28,No
154571,00755885,Discontinuation,"APO-PINDOL TAB 10MG","APOTEX INC",PINDOLOL,PINDOLOL,10MG,"100 BTL and 500 BTL","ORAL; ORAL",Discontinued,TABLET,C07AA,"BETA BLOCKING AGENTS",2022-02-09,,"Business reasons",2022-02-09,2022-02-10,No
154574,00755893,Discontinuation,"APO-PINDOL TAB 15MG","APOTEX INC",PINDOLOL,PINDOLOL,15MG,"100 BTL","ORAL; ORAL",Discontinued,TABLET,C07AA,"BETA BLOCKING AGENTS",2022-09-28,2022-06-03,"Business reasons",2022-02-09,2022-12-09,No
154568,00755877,Discontinuation,"APO-PINDOL TAB 5MG","APOTEX INC",PINDOLOL,PINDOLOL,5MG,"100 BTL","ORAL; ORAL",Discontinued,TABLET,C07AA,"BETA BLOCKING AGENTS",2022-02-09,,"Business reasons",2022-02-09,2022-02-10,No
71014,02243507,Discontinuation,APO-PRAVASTATIN,"APOTEX INC","PRAVASTATIN TAB 20MG","PRAVASTATIN SODIUM",20MG,"500 BTL",ORAL,Discontinued,TABLET,C10AA,"LIPID MODIFYING AGENTS, PLAIN",2018-02-20,,"Business reasons",2019-01-03,2019-01-03,No
1163,00663719,Discontinuation,"APO-PROPRANOLOL TAB 20MG","APOTEX INC","PROPRANOLOL HYDROCHLORIDE","PROPRANOLOL HYDROCHLORIDE",20MG,"100 BTL & 1000 BTL",ORAL,Discontinued,TABLET,C07AA,"BETA BLOCKING AGENTS",2013-10-29,,"Business reasons",2017-03-13,2017-03-13,No
60708,02313944,Discontinuation,APO-QUETIAPINE,"APOTEX INC",QUETIAPINE,QUETIAPINE,300MG,"500 BTL",ORAL,Discontinued,TABLET,N05AH,ANTIPSYCHOTICS,2018-12-12,,"Business reasons",2018-09-08,2018-12-28,No
119950,02313901,Discontinuation,APO-QUETIAPINE,"APOTEX INC",QUETIAPINE,QUETIAPINE,25MG,100BTL,"ORAL; ORAL",Discontinued,TABLET,N05AH,ANTIPSYCHOTICS,2020-07-06,,"Business reasons",2020-07-10,2020-07-10,No
141546,02313901,Discontinuation,APO-QUETIAPINE,"APOTEX INC",QUETIAPINE,QUETIAPINE,25MG,"500 BTL","ORAL; ORAL",Discontinued,TABLET,N05AH,ANTIPSYCHOTICS,2021-06-24,,"Business reasons",2021-06-25,2021-06-25,No
60711,02254514,Discontinuation,APO-QUININE,"APOTEX INC",QUININE,"QUININE SULFATE",200MG,"100 BTL",ORAL,Discontinued,CAPSULE,P01BC,ANTIMALARIALS,2021-05-07,2019-07-01,"Business reasons",2018-09-08,2021-05-10,No
60714,02254522,Discontinuation,APO-QUININE,"APOTEX INC",QUININE,"QUININE SULFATE",300MG,"100 BTL",ORAL,Discontinued,CAPSULE,P01BC,ANTIMALARIALS,2020-09-30,2019-09-12,"Business reasons",2018-09-08,2021-05-10,No
40805,02345579,Discontinuation,APO-RABEPRAZOLE,"APOTEX INC",RABEPRAZOLE,"RABEPRAZOLE SODIUM",10MG,"100 BTL",ORAL,Discontinued,"TABLET (ENTERIC-COATED)",A02BC,"DRUGS FOR PEPTIC ULCER AND GASTROESOPHAGEAL REFLUX DISEASE (GERD)",2019-09-09,2019-09-02,"Business reasons",2018-02-23,2019-09-12,No
60717,02345587,Discontinuation,APO-RABEPRAZOLE,"APOTEX INC",RABEPRAZOLE,"RABEPRAZOLE SODIUM",20MG,"100 BTL",ORAL,Discontinued,"TABLET (ENTERIC-COATED)",A02BC,"DRUGS FOR PEPTIC ULCER AND GASTROESOPHAGEAL REFLUX DISEASE (GERD)",2018-09-28,2018-09-30,"Business reasons",2018-09-08,2018-10-05,No
71201,02345587,Discontinuation,APO-RABEPRAZOLE,"APOTEX INC","RABEPRAZOLE TAB 20MG","RABEPRAZOLE SODIUM",20MG,"30 BLS & 500 BTL",ORAL,Discontinued,"TABLET (ENTERIC-COATED)",A02BC,"DRUGS FOR PEPTIC ULCER AND GASTROESOPHAGEAL REFLUX DISEASE (GERD)",2018-01-26,,"Business reasons",2019-01-04,2019-01-04,No
71204,02345579,Discontinuation,APO-RABEPRAZOLE,"APOTEX INC","RABEPRAZOLE TAB 10MG","RABEPRAZOLE SODIUM",10MG,"500 BTL",ORAL,Discontinued,"TABLET (ENTERIC-COATED)",A02BC,"DRUGS FOR PEPTIC ULCER AND GASTROESOPHAGEAL REFLUX DISEASE (GERD)",2018-01-26,,"Business reasons",2019-01-04,2019-01-04,No
60720,02251515,Discontinuation,APO-RAMIPRIL,"APOTEX INC",RAMIPRIL,RAMIPRIL,1.25MG,"30 BLS",ORAL,Discontinued,CAPSULE,C09AA,"ACE INHIBITORS, PLAIN",2019-03-25,,"Business reasons",2018-09-08,2019-03-29,No
60723,00733059,Discontinuation,"APO-RANITIDINE TABLET 150MG","APOTEX INC",RANITIDINE,RANITIDINE,150MG,"60 bls",ORAL,Discontinued,TABLET,A02BA,"DRUGS FOR PEPTIC ULCER AND GASTROESOPHAGEAL REFLUX DISEASE (GERD)",2019-02-11,,"Business reasons",2018-09-08,2019-02-13,No
60726,00733059,Discontinuation,"APO-RANITIDINE TABLET 150MG","APOTEX INC",RANITIDINE,RANITIDINE,150MG,"60 BTL",ORAL,Discontinued,TABLET,A02BA,"DRUGS FOR PEPTIC ULCER AND GASTROESOPHAGEAL REFLUX DISEASE (GERD)",2018-10-29,,"Business reasons",2018-09-08,2018-12-28,No
70810,00733059,Discontinuation,"APO-RANITIDINE TABLET 150MG","APOTEX INC","RANITIDINE TABLET 150MG",RANITIDINE,150MG,"100 BTL",ORAL,Discontinued,TABLET,A02BA,"DRUGS FOR PEPTIC ULCER AND GASTROESOPHAGEAL REFLUX DISEASE (GERD)",2019-01-08,,"Business reasons",2019-01-02,2019-01-09,No
60729,00733067,Discontinuation,"APO-RANITIDINE TABLET 300MG","APOTEX INC",RANITIDINE,RANITIDINE,300MG,"30 BLS",ORAL,Discontinued,TABLET,A02BA,"DRUGS FOR PEPTIC ULCER AND GASTROESOPHAGEAL REFLUX DISEASE (GERD)",2018-09-14,,"Business reasons",2018-09-08,2018-09-15,No
60732,00733067,Discontinuation,"APO-RANITIDINE TABLET 300MG","APOTEX INC",RANITIDINE,RANITIDINE,300MG,"500 BTL",ORAL,"To be discontinued",TABLET,A02BA,"DRUGS FOR PEPTIC ULCER AND GASTROESOPHAGEAL REFLUX DISEASE (GERD)",,2019-08-28,"Business reasons",2018-09-08,2018-09-08,No
60735,02355663,Discontinuation,APO-REPAGLINIDE,"APOTEX INC",REPAGLINIDE,,,"100 BTL",,Discontinued,,,,2018-09-14,,"Business reasons",2018-09-08,2018-09-15,No
60738,02355671,Discontinuation,APO-REPAGLINIDE,"APOTEX INC",REPAGLINIDE,,,"100 BTL",,Discontinued,,,,2018-09-14,,"Business reasons",2018-09-08,2018-09-15,No
60741,02355698,Discontinuation,APO-REPAGLINIDE,"APOTEX INC",REPAGLINIDE,,,"100 BTL",,Discontinued,,,,2018-09-14,,"Business reasons",2018-09-08,2018-09-15,No
60744,02352583,Discontinuation,APO-RILUZOLE,"APOTEX INC",RILUZOLE,RILUZOLE,50MG,"60 BTL",ORAL,"To be discontinued",TABLET,N07XX,"OTHER NERVOUS SYSTEM DRUGS",,2019-07-04,"Business reasons",2018-09-08,2018-09-08,No
60747,02353687,Discontinuation,APO-RISEDRONATE,"APOTEX INC",RISEDRONATE,"RISEDRONATE SODIUM",35MG,"100 BTL",ORAL,Discontinued,TABLET,M05BA,"DRUGS AFFECTING BONE STRUCTURE AND MINERALIZATION",2018-09-14,,"Business reasons",2018-09-08,2018-09-15,No
64965,02353687,Discontinuation,APO-RISEDRONATE,"APOTEX INC",RISEDRONATE,"RISEDRONATE SODIUM",35MG,"30 BTL",ORAL,Discontinued,TABLET,M05BA,"DRUGS AFFECTING BONE STRUCTURE AND MINERALIZATION",2018-10-18,,"Business reasons",2018-10-19,2018-10-19,No
60750,02282151,Discontinuation,APO-RISPERIDONE,"APOTEX INC",RISPERIDONE,RISPERIDONE,3.0MG,"250 BTL",ORAL,Discontinued,TABLET,N05AX,ANTIPSYCHOTICS,2019-06-10,2019-04-20,"Business reasons",2018-09-08,2019-06-12,No
60753,02280396,Discontinuation,APO-RISPERIDONE,"APOTEX INC",RISPERIDONE,RISPERIDONE,1MG,"30 ml",ORAL,"To be discontinued",SOLUTION,N05AX,ANTIPSYCHOTICS,,2019-12-03,"Business reasons",2018-09-08,2018-09-08,No
78260,02280396,Discontinuation,APO-RISPERIDONE,"APOTEX INC",RISPERIDONE,RISPERIDONE,1MG,"30 ml",ORAL,"To be discontinued",SOLUTION,N05AX,ANTIPSYCHOTICS,,2019-12-01,"Business reasons",2019-03-11,2019-03-11,No
60756,02393484,Discontinuation,"APO-RIZATRIPTAN RPD","APOTEX INC",RIZATRIPTAN,,,"6 BLS",,Discontinued,,,,2019-04-01,,"Business reasons",2018-09-08,2019-04-02,No
71334,02393492,Discontinuation,"APO-RIZATRIPTAN RPD","APOTEX INC","RIZATRIPTAN TAB 10MG",,,"6 BLS",,Discontinued,,,,2019-04-03,,"Business reasons",2019-01-04,2019-04-04,No
60758,02337983,Discontinuation,APO-ROSUVASTATIN,"APOTEX INC",ROSUVASTATIN,ROSUVASTATIN,10MG,"100 BTL",ORAL,Discontinued,TABLET,C10AA,"LIPID MODIFYING AGENTS, PLAIN",2019-07-12,2019-06-28,"Business reasons",2018-09-08,2019-07-13,No
60763,02337983,Discontinuation,APO-ROSUVASTATIN,"APOTEX INC",ROSUVASTATIN,ROSUVASTATIN,10MG,"90 BTL",ORAL,Discontinued,TABLET,C10AA,"LIPID MODIFYING AGENTS, PLAIN",2019-02-11,,"Business reasons",2018-09-08,2019-02-13,No
60766,02337991,Discontinuation,APO-ROSUVASTATIN,"APOTEX INC",ROSUVASTATIN,ROSUVASTATIN,20MG,"90 BTL",ORAL,Discontinued,TABLET,C10AA,"LIPID MODIFYING AGENTS, PLAIN",2018-12-27,,"Business reasons",2018-09-08,2018-12-28,No
60769,02338009,Discontinuation,APO-ROSUVASTATIN,"APOTEX INC",ROSUVASTATIN,ROSUVASTATIN,40MG,"100 BTL",ORAL,Discontinued,TABLET,C10AA,"LIPID MODIFYING AGENTS, PLAIN",2019-02-08,,"Business reasons",2018-09-08,2019-02-13,No
60772,02338009,Discontinuation,APO-ROSUVASTATIN,"APOTEX INC",ROSUVASTATIN,ROSUVASTATIN,40MG,"90 BTL",ORAL,Discontinued,TABLET,C10AA,"LIPID MODIFYING AGENTS, PLAIN",2019-08-06,2019-04-15,"Business reasons",2018-09-08,2019-08-08,No
60775,02337975,Discontinuation,APO-ROSUVASTATIN,"APOTEX INC",ROSUVASTATIN,ROSUVASTATIN,5MG,"90 BTL",ORAL,Discontinued,TABLET,C10AA,"LIPID MODIFYING AGENTS, PLAIN",2018-09-14,,"Business reasons",2018-09-08,2018-09-15,No
60778,02337991,Discontinuation,APO-ROSUVASTATIN,"APOTEX INC",ROSUVASTATIN,ROSUVASTATIN,20MG,"100 BTL",ORAL,Discontinued,TABLET,C10AA,"LIPID MODIFYING AGENTS, PLAIN",2019-02-04,,"Business reasons",2018-09-08,2019-02-05,No
40854,02146843,Discontinuation,"APO-SALVENT TABLETS - 2MG","APOTEX INC",SALBUTAMOL,SALBUTAMOL,2MG,"100 BTL",ORAL,Discontinued,TABLET,R03CC,"ADRENERGICS FOR SYSTEMIC USE",2018-07-12,,"Business reasons",2018-02-23,2018-12-28,No
40847,02146851,Discontinuation,"APO-SALVENT TABLETS - 4MG","APOTEX INC",SALBUTAMOL,SALBUTAMOL,4MG,"100 BTL",ORAL,Discontinued,TABLET,R03CC,"ADRENERGICS FOR SYSTEMIC USE",2018-07-12,2018-06-05,"Business reasons",2018-02-23,2018-07-17,No
60781,02238282,Discontinuation,APO-SERTRALINE,"APOTEX INC",SERTRALINE,SERTRALINE,100MG,"250 BTL",ORAL,Discontinued,CAPSULE,N06AB,ANTIDEPRESSANTS,2018-09-14,,"Business reasons",2018-09-08,2018-09-15,No
60784,02248203,Discontinuation,APO-SILDENAFIL,"APOTEX INC",SILDENAFIL,SILDENAFIL,100MG,"30 btl",ORAL,Discontinued,TABLET,G04BE,"OTHER UROLOGICALS, INCL ANTISPASMODICS",2018-09-14,,"Business reasons",2018-09-08,2018-09-15,No
60787,02418118,Discontinuation,"APO-SILDENAFIL R","APOTEX INC",SILDENAFIL,,,"100 BTL",,Discontinued,,,,2018-09-14,,"Business reasons",2018-09-08,2018-09-15,No
60790,02247012,Discontinuation,APO-SIMVASTATIN,"APOTEX INC",SIMVASTATIN,SIMVASTATIN,10MG,"500 BTL",ORAL,Discontinued,TABLET,C10AA,"LIPID MODIFYING AGENTS, PLAIN",2018-12-12,,"Business reasons",2018-09-08,2018-12-28,No
60793,02247013,Discontinuation,APO-SIMVASTATIN,"APOTEX INC",SIMVASTATIN,SIMVASTATIN,20MG,"500 BTL",ORAL,Discontinued,TABLET,C10AA,"LIPID MODIFYING AGENTS, PLAIN",2018-11-16,2018-11-19,"Business reasons",2018-09-08,2018-11-19,No
78269,02423383,Discontinuation,APO-SOLIFENACIN,"APOTEX INC",SOLIFENACIN,"SOLIFENACIN SUCCINATE",10MG,"30 BTL and 100BTL",ORAL,Discontinued,TABLET,G04BD,"OTHER UROLOGICALS, INCL ANTISPASMODICS",2019-09-19,2019-08-30,"Business reasons",2019-03-11,2019-09-20,No
78272,02423375,Discontinuation,APO-SOLIFENACIN,"APOTEX INC",SOLIFENACIN,"SOLIFENACIN SUCCINATE",5MG,"100 BTL and 30 BTL",ORAL,Discontinued,TABLET,G04BD,"OTHER UROLOGICALS, INCL ANTISPASMODICS",2019-09-19,2019-07-05,"Business reasons",2019-03-11,2019-09-20,No
4971,02167794,Discontinuation,"APO-SOTALOL - TAB 160MG","APOTEX INC",SOTALOL,"SOTALOL HYDROCHLORIDE",160MG,"500 BTL",ORAL,Discontinued,TABLET,C07AA,"BETA BLOCKING AGENTS",2017-05-31,2017-05-15,"Business reasons",2017-03-31,2018-02-05,No
4936,02210428,Discontinuation,"APO-SOTALOL 80MG TABLETS","APOTEX INC",SOTALOL,"SOTALOL HYDROCHLORIDE",80MG,"500 BTL",ORAL,Discontinued,TABLET,C07AA,"BETA BLOCKING AGENTS",2016-10-18,,"Business reasons",2017-03-31,2018-12-07,No
61033,02125250,Discontinuation,"APO-SUCRALFATE - TAB 1G","APOTEX INC",SUCRALFATE,SUCRALFATE,1G,"500 BTL",ORAL,Discontinued,TABLET,A02BX,"DRUGS FOR PEPTIC ULCER AND GASTROESOPHAGEAL REFLUX DISEASE (GERD)",2018-09-14,,"Raw material availability",2018-09-10,2018-09-15,No
1186,00778354,Discontinuation,"APO-SULIN TAB 150MG","APOTEX INC",SULINDAC,SULINDAC,150mg,"100 BTL",oral,Discontinued,tablet,M01AB,"ANTIINFLAMMATORY/ANTIRHEUMATIC PROD.,NON-STEROIDS",2014-04-25,,"Business reasons",2017-03-13,2017-03-13,No
1172,00778362,Discontinuation,"APO-SULIN TAB 200MG","APOTEX INC",SULINDAC,SULINDAC,200MG,"100 BTL",ORAL,Discontinued,TABLET,M01AB,"ANTIINFLAMMATORY/ANTIRHEUMATIC PROD.,NON-STEROIDS",2014-05-30,,"Business reasons",2017-03-13,2017-03-13,No
61045,02422115,Discontinuation,APO-TADALAFIL,"APOTEX INC",TADALAFIL,TADALAFIL,20MG,"30 btl",ORAL,Discontinued,TABLET,G04BE,"OTHER UROLOGICALS, INCL ANTISPASMODICS",2019-02-08,,"Business reasons",2018-09-10,2019-02-13,No
61050,00812390,Discontinuation,"APO-TAMOX TAB 20MG","APOTEX INC",TAMOXIFEN,TAMOXIFEN,20MG,"250 BTL",ORAL,Discontinued,TABLET,L02BA,"HORMONE ANTAGONISTS AND RELATED AGENTS",2019-09-06,2019-10-06,"Business reasons",2018-09-10,2019-09-12,No
40811,02420082,Discontinuation,APO-TELMISARTAN,"APOTEX INC",TELMISARTAN,TELMISARTAN,40MG,"30 BLS",ORAL,Discontinued,TABLET,C09CA,"ANGIOTENSIN II ANTAGONISTS, PLAIN",2018-09-14,2018-09-30,"Business reasons",2018-02-23,2018-09-15,No
40814,02420082,Discontinuation,APO-TELMISARTAN,"APOTEX INC",TELMISARTAN,TELMISARTAN,40MG,"100 BTL",ORAL,Discontinued,TABLET,C09CA,"ANGIOTENSIN II ANTAGONISTS, PLAIN",2018-09-14,2018-10-31,"Business reasons",2018-02-23,2018-09-15,No
40817,02420090,Discontinuation,APO-TELMISARTAN,"APOTEX INC",TELMISARTAN,TELMISARTAN,80MG,"30 BLS",ORAL,Discontinued,TABLET,C09CA,"ANGIOTENSIN II ANTAGONISTS, PLAIN",2018-09-14,2019-01-18,"Business reasons",2018-02-23,2018-09-15,No
40820,02420090,Discontinuation,APO-TELMISARTAN,"APOTEX INC",TELMISARTAN,TELMISARTAN,80MG,"100 BTL",ORAL,Discontinued,TABLET,C09CA,"ANGIOTENSIN II ANTAGONISTS, PLAIN",2018-09-14,2018-06-21,"Business reasons",2018-02-23,2018-09-15,No
71345,02420082,Discontinuation,APO-TELMISARTAN,"APOTEX INC","TELMISARTAN TAB 40MG",TELMISARTAN,40MG,"500 BTL",ORAL,Discontinued,TABLET,C09CA,"ANGIOTENSIN II ANTAGONISTS, PLAIN",2018-06-07,,"Business reasons",2019-01-04,2019-01-04,No
40823,02420023,Discontinuation,APO-TELMISARTAN/HCTZ,"APOTEX INC",TELMISARTAN/HCTZ,"HYDROCHLOROTHIAZIDE; TELMISARTAN","12.5MG; 80MG","30 BLS",ORAL,Discontinued,TABLET,C09DA,"ANGIOTENSIN II ANTAGONISTS, COMBINATIONS",2018-09-14,2018-12-07,"Business reasons",2018-02-23,2018-09-15,No
40826,02420023,Discontinuation,APO-TELMISARTAN/HCTZ,"APOTEX INC",TELMISARTAN/HCTZ,"HYDROCHLOROTHIAZIDE; TELMISARTAN","12.5MG; 80MG","100 BTL",ORAL,Discontinued,TABLET,C09DA,"ANGIOTENSIN II ANTAGONISTS, COMBINATIONS",2018-09-14,2018-09-17,"Business reasons",2018-02-23,2018-09-15,No
40829,02420031,Discontinuation,APO-TELMISARTAN/HCTZ,"APOTEX INC",TELMISARTAN/HCTZ,"HYDROCHLOROTHIAZIDE; TELMISARTAN","25MG; 80MG","30 BLS",ORAL,Discontinued,TABLET,C09DA,"ANGIOTENSIN II ANTAGONISTS, COMBINATIONS",2018-04-24,2019-05-31,"Business reasons",2018-02-23,2018-05-07,No
40832,02420031,Discontinuation,APO-TELMISARTAN/HCTZ,"APOTEX INC",TELMISARTAN/HCTZ,"HYDROCHLOROTHIAZIDE; TELMISARTAN","25MG; 80MG","100 BTL",ORAL,Discontinued,TABLET,C09DA,"ANGIOTENSIN II ANTAGONISTS, COMBINATIONS",2018-04-24,2019-05-04,"Business reasons",2018-02-23,2018-05-07,No
40957,02420023,Discontinuation,APO-TELMISARTAN/HCTZ,"APOTEX INC",TELMISARTAN/HCTZ,"HYDROCHLOROTHIAZIDE; TELMISARTAN","12.5MG; 80MG","500 BTL",ORAL,Discontinued,TABLET,C09DA,"ANGIOTENSIN II ANTAGONISTS, COMBINATIONS",2018-02-23,,"Business reasons",2018-02-26,2018-02-26,No
4745,02234502,Discontinuation,APO-TERAZOSIN,"APOTEX INC",TERAZOSIN,TERAZOSIN,1MG,"500 BTL",ORAL,Discontinued,TABLET,G04CA,"DRUGS USED IN BENIGN PROSTATIC HYPERTROPHY",2017-05-31,2017-05-31,"Business reasons",2017-03-30,2018-02-05,No
4749,02234504,Discontinuation,APO-TERAZOSIN,"APOTEX INC",TERAZOSIN,TERAZOSIN,5MG,"500 BTL",ORAL,Discontinued,TABLET,G04CA,"DRUGS USED IN BENIGN PROSTATIC HYPERTROPHY",2017-10-31,2017-05-31,"Business reasons",2017-03-30,2018-02-05,No
4974,02234503,Discontinuation,APO-TERAZOSIN,"APOTEX INC",TERAZOSIN,TERAZOSIN,2MG,"500 BTL",ORAL,Discontinued,TABLET,G04CA,"DRUGS USED IN BENIGN PROSTATIC HYPERTROPHY",2017-06-30,2017-06-15,"Business reasons",2017-03-31,2018-02-05,No
70894,00755834,Discontinuation,APO-TIMOP,"APOTEX INC","TIMOLOL OPH SOLUTION 0.5%",TIMOLOL,0.5%,5ML,OPHTHALMIC,Discontinued,SOLUTION,S01ED,"ANTIGLAUCOMA PREPARATIONS AND MIOTICS",2018-07-31,,"Business reasons",2019-01-03,2019-01-03,No
71020,02290812,Discontinuation,"APO-TIMOP GEL","APOTEX INC","TIMOLOL OPH SOLUTION 0.5%",,,5ML,,Discontinued,,,,2017-08-24,,"Business reasons",2019-01-03,2019-01-03,No
70818,00755826,Discontinuation,"APO-TIMOP OPH SOLN 0.25%","APOTEX INC","TIMOLOL OPH SOLUTION 0.25%",,,"5ML & 10 ML",,Discontinued,,,,2017-08-24,,"Business reasons",2019-01-02,2019-01-02,No
60822,02369680,Discontinuation,APO-TOLTERODINE,"APOTEX INC",TOLTERODINE,"TOLTERODINE TARTRATE",1MG,"100 BTL",ORAL,Discontinued,TABLET,G04BD,"OTHER UROLOGICALS, INCL ANTISPASMODICS",2019-01-14,,"Business reasons",2018-09-08,2019-01-17,No
60825,02369699,Discontinuation,APO-TOLTERODINE,"APOTEX INC",TOLTERODINE,"TOLTERODINE TARTRATE",2MG,"100 BTL",ORAL,Discontinued,TABLET,G04BD,"OTHER UROLOGICALS, INCL ANTISPASMODICS",2018-11-07,2018-12-12,"Business reasons",2018-09-08,2018-11-09,No
60828,02369699,Discontinuation,APO-TOLTERODINE,"APOTEX INC",TOLTERODINE,"TOLTERODINE TARTRATE",2MG,"500 BTL",ORAL,Discontinued,TABLET,G04BD,"OTHER UROLOGICALS, INCL ANTISPASMODICS",2019-06-10,2019-05-11,"Business reasons",2018-09-08,2019-06-12,No
60831,02147645,Discontinuation,"APO-TRAZODONE TABLETS 100MG","APOTEX INC",TRAZODONE,"TRAZODONE HYDROCHLORIDE",100MG,"500 BTL",ORAL,Discontinued,TABLET,N06AX,ANTIDEPRESSANTS,2018-09-14,,"Business reasons",2018-09-08,2018-09-15,No
60834,02147637,Discontinuation,"APO-TRAZODONE TABLETS 50MG","APOTEX INC",TRAZODONE,"TRAZODONE HYDROCHLORIDE",50MG,"250 BTL",ORAL,Discontinued,TABLET,N06AX,ANTIDEPRESSANTS,2018-09-14,,"Business reasons",2018-09-08,2018-09-15,No
60840,02295822,Discontinuation,APO-VALACYCLOVIR,"APOTEX INC",VALACYCLOVIR,VALACYCLOVIR,500MG,"30 BLS",ORAL,Discontinued,TABLET,J05AB,"DIRECT ACTING ANTIVIRALS",2018-09-14,,"Business reasons",2018-09-08,2018-09-15,No
60843,02393824,Discontinuation,APO-VALGANCICLOVIR,"APOTEX INC",VALGANCICLOVIR,VALGANCICLOVIR,450MG,"60 BTL",ORAL,Discontinued,TABLET,J05AB,"DIRECT ACTING ANTIVIRALS",2018-09-14,,"Business reasons",2018-09-08,2018-09-15,No
205310,02238370,Discontinuation,"APO-VALPROIC ACID ORAL SOLUTION","APOTEX INC","VALPROIC ACID","VALPROIC ACID",250MG,"450 mL","ORAL; ORAL",Discontinued,SOLUTION,N03AG,ANTIEPILEPTICS,2023-11-01,,"Business reasons",2023-09-26,2023-11-02,No
71029,02371510,Discontinuation,APO-VALSARTAN,"APOTEX INC","VALSARTAN TAB 40MG",,,"30 BLS & 500 BTL",,Discontinued,,,,2018-12-27,,"Business reasons",2019-01-03,2019-01-03,No
71032,02371529,Discontinuation,APO-VALSARTAN,"APOTEX INC","VALSARTAN TAB 80MG",,,"30 BLS & 100 BTL & 500 BTL",,Discontinued,,,,2018-12-27,,"Business reasons",2019-01-03,2019-01-03,No
71035,02371537,Discontinuation,APO-VALSARTAN,"APOTEX INC","VALSARTAN TAB 160MG",,,"30 BLS & 100 BTL & 500 BTL",,Discontinued,,,,2018-12-27,,"Business reasons",2019-01-03,2019-01-03,No
71038,02371545,Discontinuation,APO-VALSARTAN,"APOTEX INC","VALSARTAN TAB 320MG",,,"30 BLS & 100 BTL",,Discontinued,,,,2018-12-27,,"Business reasons",2019-01-03,2019-01-03,No
71044,02382571,Discontinuation,APO-VALSARTAN/HCTZ,"APOTEX INC","VALSARTAN/HCTZ 320/12.5MG",,,"30 BLS",,Discontinued,,,,2018-12-27,,"Business reasons",2019-01-03,2019-01-03,No
71048,02382598,Discontinuation,APO-VALSARTAN/HCTZ,"APOTEX INC","VALSARTAN/HCTZ TAB 320/25MG",,,"30 BLS & 100 BTL",,Discontinued,,,,2018-12-27,,"Business reasons",2019-01-03,2019-01-03,No
71051,02382563,Discontinuation,APO-VALSARTAN/HCTZ,"APOTEX INC","VALSARTAN/HCTZ TAB 160/25MG",,,"30 BLS & 100 BTL & 500 BTL",,Discontinued,,,,2018-12-27,,"Business reasons",2019-01-03,2019-01-03,No
71054,02382555,Discontinuation,APO-VALSARTAN/HCTZ,"APOTEX INC","VALSARTAN/HCTZ TAB 160/12.5MG","HYDROCHLOROTHIAZIDE; VALSARTAN","12.5MG; 160MG","30 BLS & 100 BTL & 500 BTL",ORAL,Discontinued,TABLET,C09DA,"ANGIOTENSIN II ANTAGONISTS, COMBINATIONS",2018-12-27,,"Business reasons",2019-01-03,2019-01-03,No
71057,02382547,Discontinuation,APO-VALSARTAN/HCTZ,"APOTEX INC","VALSARTAN/HCTZ TAB 80/12.5MG",,,"30 BLS & 100 BTL & 500 BTL",,Discontinued,,,,2018-12-27,,"Business reasons",2019-01-03,2019-01-03,No
60858,02409682,Discontinuation,APO-VORICONAZOLE,"APOTEX INC",VORICONAZOLE,VORICONAZOLE,200MG,"30 btl",ORAL,Discontinued,TABLET,J02AC,"ANTIMYCOTICS FOR SYSTEMIC USE",2018-09-14,,"Business reasons",2018-09-08,2018-09-15,No
60861,02409674,Discontinuation,APO-VORICONAZOLE,"APOTEX INC",VORICONAZOLE,VORICONAZOLE,50MG,"30 btl",ORAL,Discontinued,TABLET,J02AC,"ANTIMYCOTICS FOR SYSTEMIC USE",2018-09-14,,"Business reasons",2018-09-08,2018-09-15,No
40960,02380951,Discontinuation,APO-ZOLMITRIPTAN,"APOTEX INC",ZOLMITRIPTAN,ZOLMITRIPTAN,2.5MG,"6 BLS",ORAL,Discontinued,TABLET,N02CC,"ANTIMIGRAINE PREPARATIONS",2018-02-23,,"Business reasons",2018-02-26,2018-02-26,No
71072,02380951,Discontinuation,APO-ZOLMITRIPTAN,"APOTEX INC","ZOLMITRIPTAN TAB 2.5MG",ZOLMITRIPTAN,2.5MG,"3 BLS",ORAL,Discontinued,TABLET,N02CC,"ANTIMIGRAINE PREPARATIONS",2018-01-26,,"Business reasons",2019-01-03,2019-01-03,No
60867,02381575,Discontinuation,"APO-ZOLMITRIPTAN RAPID","APOTEX INC",ZOLMITRIPTAN,ZOLMITRIPTAN,2.5MG,"6 BLS",ORAL,Discontinued,"TABLET (ORALLY DISINTEGRATING)",N02CC,"ANTIMIGRAINE PREPARATIONS",2018-09-14,,"Business reasons",2018-09-08,2018-09-15,No
266211,02426862,Discontinuation,APTIOM,"SUMITOMO PHARMA CANADA, INC.","eslicarbazepine acetate tablets","ESLICARBAZEPINE ACETATE",200MG,"30 tablets","ORAL; ORAL",Discontinued,TABLET,N03AF,ANTIEPILEPTICS,2026-06-30,2026-06-30,"Business reasons",2025-08-29,2026-09-10,No
266763,02426870,Discontinuation,APTIOM,"SUMITOMO PHARMA CANADA, INC.","eslicarbazepine acetate tablets","ESLICARBAZEPINE ACETATE",400MG,"60 tablets","ORAL; ORAL",Discontinued,TABLET,N03AF,ANTIEPILEPTICS,2026-06-30,2026-06-30,"Business reasons",2025-09-08,2026-09-10,No
266766,02426889,Discontinuation,APTIOM,"SUMITOMO PHARMA CANADA, INC.","eslicarbazepine acetate tablets","ESLICARBAZEPINE ACETATE",600MG,"30 tablets","ORAL; ORAL",Discontinued,TABLET,N03AF,ANTIEPILEPTICS,2026-06-30,2026-06-30,"Business reasons",2025-09-08,2026-09-10,No
266769,02426897,Discontinuation,APTIOM,"SUMITOMO PHARMA CANADA, INC.","eslicarbazepine acetate tablets","ESLICARBAZEPINE ACETATE",800MG,"30 tablets","ORAL; ORAL",Discontinued,TABLET,N03AF,ANTIEPILEPTICS,2026-06-30,2026-06-30,"Business reasons",2025-09-08,2026-09-10,No
247400,02273322,Discontinuation,APTIVUS,"BOEHRINGER INGELHEIM (CANADA) LTD LTEE",APTIVUS,TIPRANAVIR,250MG,1x250,"ORAL; ORAL",Discontinued,CAPSULE,J05AE,"DIRECT ACTING ANTIVIRALS",2025-08-31,2025-08-31,"Business reasons",2025-01-09,2025-09-02,No
198056,02241890,Discontinuation,ARAVA,"SANOFI-AVENTIS CANADA INC",ARAVA,LEFLUNOMIDE,100MG,3,"ORAL; ORAL",Discontinued,TABLET,L04AA,IMMUNOSUPPRESSANTS,2023-07-10,,"Business reasons",2023-07-10,2023-07-11,No
271867,02241889,Discontinuation,ARAVA,"SANOFI-AVENTIS CANADA INC",Leflunomide,LEFLUNOMIDE,20MG,30,"ORAL; ORAL","To be discontinued",TABLET,L04AK,,,2026-05-15,"Other (Please describe in comments)",2025-11-14,2025-11-14,No
271870,02241888,Discontinuation,ARAVA,"SANOFI-AVENTIS CANADA INC",LEFLUNOMIDE,LEFLUNOMIDE,10MG,30,"ORAL; ORAL","To be discontinued",TABLET,L04AA,IMMUNOSUPPRESSANTS,,2026-05-15,"Other (Please describe in comments)",2025-11-14,2025-11-14,No
95141,02232044,Discontinuation,ARICEPT,"PFIZER CANADA ULC",Aricept,"DONEPEZIL HYDROCHLORIDE",10MG,"1 x 28s blister",ORAL,Discontinued,TABLET,N06DA,"ANTI-DEMENTIA DRUGS",2020-04-01,2020-04-01,"Business reasons",2019-10-01,2020-04-13,No
137465,02269457,Discontinuation,"ARICEPT RDT","PFIZER CANADA ULC",Aricept,"DONEPEZIL HYDROCHLORIDE",5MG,"2x14 Blisters","ORAL; ORAL",Discontinued,"TABLET (ORALLY DISINTEGRATING)",N06DA,"ANTI-DEMENTIA DRUGS",2022-03-01,2022-03-01,"Business reasons",2021-04-14,2024-08-12,No
137468,02269465,Discontinuation,"ARICEPT RDT","PFIZER CANADA ULC",Aricept,"DONEPEZIL HYDROCHLORIDE",10MG,"2x14 Blisters","ORAL; ORAL",Discontinued,"TABLET (ORALLY DISINTEGRATING)",N06DA,"ANTI-DEMENTIA DRUGS",2022-10-01,2022-10-01,"Business reasons",2021-04-14,2022-10-21,No
51384,02194155,Discontinuation,ARISTOSPAN,"VALEO PHARMA INC","Triamcinolone Hexacetonide Suspension",,,"1 mL/vial",,Discontinued,,,,2018-05-31,,"Manufacturing issues",2018-06-05,2018-06-05,No
78215,02381559,Discontinuation,ARZERRA,"NOVARTIS PHARMACEUTICALS CANADA INC","ARZERRA 100MG VIALS 5ML X 3",Ofatumumab,100MG,"5ml x3",INTRAVENOUS,Discontinued,SOLUTION,L01XC,"OTHER ANTINEOPLASTIC AGENTS",2019-03-11,2019-03-11,"Business reasons",2019-03-11,2019-03-12,No
78219,02381567,Discontinuation,ARZERRA,"NOVARTIS PHARMACEUTICALS CANADA INC","ARZERRA 1000MG VIALS 50ML X 1",Ofatumumab,1000MG,"50ML X 1",INTRAVENOUS,Discontinued,SOLUTION,L01XC,"OTHER ANTINEOPLASTIC AGENTS",2019-03-11,2019-03-11,"Business reasons",2019-03-11,2019-03-12,No
121616,01997580,Discontinuation,ASACOL,"ALLERGAN INC","Asacol 400",MESALAZINE,400MG,"180 tabs","ORAL; ORAL",Discontinued,"TABLET (ENTERIC-COATED)",A07EC,"INTESTINALANTIINFLAMMATORY AGENTS",2020-07-24,,"Manufacturing issues",2020-07-31,2020-07-31,No
132579,02267217,Discontinuation,"ASACOL 800","ALLERGAN INC",mesalamine,MESALAZINE,800MG,"180 tabs","ORAL; ORAL",Discontinued,"TABLET (DELAYED-RELEASE)",A07EC,"INTESTINALANTIINFLAMMATORY AGENTS",2021-01-13,,"Business reasons",2021-01-28,2021-01-28,No
48286,00293504,Discontinuation,"ATASOL 15","CHURCH & DWIGHT CANADA CORP","Acetaminophen 325 mg with 15 mg Codeine Phosphate and 30 mg Caffeine citrate","ACETAMINOPHEN; CODEINE PHOSPHATE; CAFFEINE CITRATE","325MG; 15MG; 30MG",20,ORAL,Discontinued,TABLET,N02AJ,OPIOIDS,2017-10-30,,"Business reasons",2018-05-04,2018-05-04,No
97538,00293504,Discontinuation,"ATASOL 15","CHURCH & DWIGHT CANADA CORP","Acetaminophen 325 mg with 15 mg Codeine Phosphate and 30 mg Caffeine Citrate","ACETAMINOPHEN; CODEINE PHOSPHATE; CAFFEINE CITRATE","325MG; 15MG; 30MG",100,ORAL,"To be discontinued",TABLET,N02AJ,OPIOIDS,,2020-02-28,"Business reasons",2019-10-31,2019-10-31,No
48279,00293512,Discontinuation,"ATASOL 30","CHURCH & DWIGHT CANADA CORP","Acetaminophen 325 mg with 30 mg Codeine Phosphate and 30 mg Caffeine citrate","ACETAMINOPHEN; CODEINE PHOSPHATE; CAFFEINE CITRATE","325MG; 30MG; 30MG","500, 20",ORAL,Discontinued,TABLET,N02AJ,OPIOIDS,2018-01-30,,"Business reasons",2018-05-04,2018-05-04,No
65205,00293512,Discontinuation,"ATASOL 30","CHURCH & DWIGHT CANADA CORP","Acetaminophen 325 mg with 30 mg Caffeine Citrate and 30 mg Codeine Phosphate","ACETAMINOPHEN; CODEINE PHOSPHATE; CAFFEINE CITRATE","325MG; 30MG; 30MG",100,ORAL,Discontinued,TABLET,N02AJ,OPIOIDS,2019-03-25,,"Business reasons",2018-10-22,2019-03-26,No
11977,02247182,Discontinuation,ATENOLOL,"SIVEM PHARMACEUTICALS ULC",ATENOLOL,ATENOLOL,25MG,500,ORAL,Discontinued,TABLET,C07AB,"BETA BLOCKING AGENTS",2017-06-06,2017-06-06,"Business reasons",2017-06-06,2017-12-12,No
28199,02247182,Discontinuation,ATENOLOL,"SIVEM PHARMACEUTICALS ULC",ATENOLOL,ATENOLOL,25MG,100,ORAL,Discontinued,TABLET,C07AB,"BETA BLOCKING AGENTS",2017-11-06,,"Business reasons",2017-11-06,2017-11-07,No
28202,02247182,Discontinuation,ATENOLOL,"SIVEM PHARMACEUTICALS ULC",ATENOLOL,ATENOLOL,25MG,500,ORAL,Discontinued,TABLET,C07AB,"BETA BLOCKING AGENTS",2017-11-06,,"Business reasons",2017-11-06,2017-11-07,No
70935,02238316,Discontinuation,ATENOLOL,"SIVEM PHARMACEUTICALS ULC",ATENOLOL,ATENOLOL,50MG,500,ORAL,Discontinued,TABLET,C07AB,"BETA BLOCKING AGENTS",2019-05-28,2019-05-27,"Business reasons",2019-01-03,2019-05-31,No
232358,02238316,Discontinuation,ATENOLOL,"SIVEM PHARMACEUTICALS ULC",ATENOLOL,ATENOLOL,50MG,30,"ORAL; ORAL",Discontinued,TABLET,C07AB,"BETA BLOCKING AGENTS",2024-06-01,,"Business reasons",2024-07-05,2024-07-05,No
269826,02041472,Discontinuation,ATIVAN,"PFIZER CANADA ULC",ATIVAN,LORAZEPAM,2MG,1x100,"SUBLINGUAL; SUBLINGUAL",Discontinued,TABLET,N05BA,ANXIOLYTICS,2025-10-31,2025-10-31,"Business reasons",2025-10-17,2025-11-03,No
269831,02041413,Discontinuation,ATIVAN,"PFIZER CANADA ULC",ATIVAN,LORAZEPAM,0.5MG,1x500,"ORAL; ORAL",Discontinued,TABLET,N05BA,ANXIOLYTICS,2025-10-31,2025-10-31,"Business reasons",2025-10-17,2025-11-03,No
269837,02041421,Discontinuation,ATIVAN,"PFIZER CANADA ULC",ATIVAN,LORAZEPAM,1MG,1x1000,"ORAL; ORAL",Discontinued,TABLET,N05BA,ANXIOLYTICS,2025-10-31,2025-10-31,"Business reasons",2025-10-17,2025-11-03,No
269840,02041448,Discontinuation,ATIVAN,"PFIZER CANADA ULC",ATIVAN,LORAZEPAM,2MG,1x1000,"ORAL; ORAL",Discontinued,TABLET,N05BA,ANXIOLYTICS,2025-10-31,2025-10-31,"Business reasons",2025-10-17,2025-11-03,No
269843,02041456,Discontinuation,ATIVAN,"PFIZER CANADA ULC",ATIVAN,LORAZEPAM,0.5MG,1x100,"SUBLINGUAL; SUBLINGUAL",Discontinued,TABLET,N05BA,ANXIOLYTICS,2026-02-27,2026-02-27,"Business reasons",2025-10-17,2026-03-13,No
269846,02041464,Discontinuation,ATIVAN,"PFIZER CANADA ULC",ATIVAN,LORAZEPAM,1MG,1x100,"SUBLINGUAL; SUBLINGUAL",Discontinued,TABLET,N05BA,ANXIOLYTICS,2026-02-27,2026-02-27,"Business reasons",2025-10-17,2026-03-13,No
53291,02387891,Discontinuation,ATORVASTATIN,"SIVEM PHARMACEUTICALS ULC",ATORVASTATIN,ATORVASTATIN,10MG,30,ORAL,Discontinued,TABLET,C10AA,"LIPID MODIFYING AGENTS, PLAIN",2018-06-29,,"Business reasons",2018-06-29,2018-06-30,No
53294,02387891,Discontinuation,ATORVASTATIN,"SIVEM PHARMACEUTICALS ULC",ATORVASTATIN,ATORVASTATIN,10MG,100,ORAL,Discontinued,TABLET,C10AA,"LIPID MODIFYING AGENTS, PLAIN",2018-06-29,,"Business reasons",2018-06-29,2018-06-30,No
53297,02387891,Discontinuation,ATORVASTATIN,"SIVEM PHARMACEUTICALS ULC",ATORVASTATIN,ATORVASTATIN,10MG,500,ORAL,Discontinued,TABLET,C10AA,"LIPID MODIFYING AGENTS, PLAIN",2018-06-29,,"Business reasons",2018-06-29,2018-06-30,No
53300,02387905,Discontinuation,ATORVASTATIN,"SIVEM PHARMACEUTICALS ULC",ATORVASTATIN,ATORVASTATIN,20MG,30,ORAL,Discontinued,TABLET,C10AA,"LIPID MODIFYING AGENTS, PLAIN",2018-06-29,,"Business reasons",2018-06-29,2018-06-30,No
53303,02387905,Discontinuation,ATORVASTATIN,"SIVEM PHARMACEUTICALS ULC",ATORVASTATIN,ATORVASTATIN,20MG,100,ORAL,Discontinued,TABLET,C10AA,"LIPID MODIFYING AGENTS, PLAIN",2018-06-29,,"Business reasons",2018-06-29,2018-06-30,No
53306,02387905,Discontinuation,ATORVASTATIN,"SIVEM PHARMACEUTICALS ULC",ATORVASTATIN,ATORVASTATIN,20MG,500,ORAL,Discontinued,TABLET,C10AA,"LIPID MODIFYING AGENTS, PLAIN",2018-06-29,,"Business reasons",2018-06-29,2018-06-30,No
53318,02387913,Discontinuation,ATORVASTATIN,"SIVEM PHARMACEUTICALS ULC",ATORVASTATIN,ATORVASTATIN,40MG,30,ORAL,Discontinued,TABLET,C10AA,"LIPID MODIFYING AGENTS, PLAIN",2018-06-29,,"Business reasons",2018-06-29,2018-06-30,No
53321,02387913,Discontinuation,ATORVASTATIN,"SIVEM PHARMACEUTICALS ULC",ATORVASTATIN,ATORVASTATIN,40MG,100,ORAL,Discontinued,TABLET,C10AA,"LIPID MODIFYING AGENTS, PLAIN",2018-06-29,,"Business reasons",2018-06-29,2018-06-30,No
53324,02387913,Discontinuation,ATORVASTATIN,"SIVEM PHARMACEUTICALS ULC",ATORVASTATIN,ATORVASTATIN,40MG,500,ORAL,Discontinued,TABLET,C10AA,"LIPID MODIFYING AGENTS, PLAIN",2018-06-29,,"Business reasons",2018-06-29,2018-06-30,No
53327,02387921,Discontinuation,ATORVASTATIN,"SIVEM PHARMACEUTICALS ULC",Discontinued,ATORVASTATIN,80MG,30,ORAL,Discontinued,TABLET,C10AA,"LIPID MODIFYING AGENTS, PLAIN",2018-06-29,,"Business reasons",2018-06-29,2018-06-30,No
53330,02387921,Discontinuation,ATORVASTATIN,"SIVEM PHARMACEUTICALS ULC",ATORVASTATIN,ATORVASTATIN,80MG,100,ORAL,Discontinued,TABLET,C10AA,"LIPID MODIFYING AGENTS, PLAIN",2018-10-19,2018-10-19,"Business reasons",2018-06-29,2018-10-22,No
120976,02399385,Discontinuation,ATORVASTATIN,"PHARMASCIENCE INC",ATORVASTATIN,ATORVASTATIN,20MG,500,"ORAL; ORAL",Discontinued,TABLET,C10AA,"LIPID MODIFYING AGENTS, PLAIN",2020-07-22,,"Business reasons",2020-07-23,2020-07-23,No
137982,02399377,Discontinuation,ATORVASTATIN,"PHARMASCIENCE INC",ATORVASTATIN,ATORVASTATIN,10MG,100,"ORAL; ORAL",Discontinued,TABLET,C10AA,"LIPID MODIFYING AGENTS, PLAIN",2021-04-22,,"Business reasons",2021-04-23,2021-04-23,No
137986,02399377,Discontinuation,ATORVASTATIN,"PHARMASCIENCE INC",ATORVASTATIN,ATORVASTATIN,10MG,500,"ORAL; ORAL",Discontinued,TABLET,C10AA,"LIPID MODIFYING AGENTS, PLAIN",2021-04-22,,"Business reasons",2021-04-23,2021-04-23,No
137989,02399385,Discontinuation,ATORVASTATIN,"PHARMASCIENCE INC",ATORVASTATIN,ATORVASTATIN,20MG,100,"ORAL; ORAL",Discontinued,TABLET,C10AA,"LIPID MODIFYING AGENTS, PLAIN",2021-04-22,,"Business reasons",2021-04-23,2021-04-23,No
137992,02399385,Discontinuation,ATORVASTATIN,"PHARMASCIENCE INC",ATORVASTATIN,ATORVASTATIN,20MG,500,"ORAL; ORAL",Discontinued,TABLET,C10AA,"LIPID MODIFYING AGENTS, PLAIN",2021-04-22,,"Business reasons",2021-04-23,2021-04-23,No
137995,02399393,Discontinuation,ATORVASTATIN,"PHARMASCIENCE INC",ATORVASTATIN,ATORVASTATIN,40MG,100,"ORAL; ORAL",Discontinued,TABLET,C10AA,"LIPID MODIFYING AGENTS, PLAIN",2021-04-22,,"Business reasons",2021-04-23,2021-04-23,No
137998,02399393,Discontinuation,ATORVASTATIN,"PHARMASCIENCE INC",ATORVASTATIN,ATORVASTATIN,40MG,500,"ORAL; ORAL",Discontinued,TABLET,C10AA,"LIPID MODIFYING AGENTS, PLAIN",2021-04-22,,"Business reasons",2021-04-23,2021-04-23,No
138001,02399407,Discontinuation,ATORVASTATIN,"PHARMASCIENCE INC",ATORVASTATIN,ATORVASTATIN,80MG,100,"ORAL; ORAL",Discontinued,TABLET,C10AA,"LIPID MODIFYING AGENTS, PLAIN",2021-04-22,,"Business reasons",2021-04-23,2021-04-23,No
70938,02411350,Discontinuation,ATORVASTATIN-10,"SIVEM PHARMACEUTICALS ULC",ATORVASTATIN,ATORVASTATIN,10MG,90,ORAL,Discontinued,TABLET,C10AA,"LIPID MODIFYING AGENTS, PLAIN",2019-05-30,2019-05-27,"Business reasons",2019-01-03,2019-05-31,No
70941,02411369,Discontinuation,ATORVASTATIN-20,"SIVEM PHARMACEUTICALS ULC",ATORVASTATIN,ATORVASTATIN,20MG,90,ORAL,Discontinued,TABLET,C10AA,"LIPID MODIFYING AGENTS, PLAIN",2019-06-07,2019-06-10,"Business reasons",2019-01-03,2019-06-10,No
70944,02411377,Discontinuation,ATORVASTATIN-40,"SIVEM PHARMACEUTICALS ULC",ATORVASTATIN,ATORVASTATIN,40MG,90,ORAL,Discontinued,TABLET,C10AA,"LIPID MODIFYING AGENTS, PLAIN",2019-07-09,2019-07-01,"Business reasons",2019-01-03,2019-07-12,No
12012,02411385,Discontinuation,ATORVASTATIN-80,"SIVEM PHARMACEUTICALS ULC",ATORVASTATIN,ATORVASTATIN,80MG,30,ORAL,Discontinued,TABLET,C10AA,"LIPID MODIFYING AGENTS, PLAIN",2017-06-06,,"Business reasons",2017-06-06,2017-06-07,No
70947,02411385,Discontinuation,ATORVASTATIN-80,"SIVEM PHARMACEUTICALS ULC",ATORVASTATIN,ATORVASTATIN,80MG,90,ORAL,Discontinued,TABLET,C10AA,"LIPID MODIFYING AGENTS, PLAIN",2019-05-21,2019-05-20,"Business reasons",2019-01-03,2019-05-22,No
96613,02236759,Discontinuation,"ATRACURIUM BESYLATE INJECTION","SANDOZ CANADA INCORPORATED","ATRACURIUM BESYLATE INJECTION",,,"10 vials",,Discontinued,,,,2015-10-02,,"Raw material availability",2019-10-15,2019-10-15,No
144260,02300699,Discontinuation,ATRIPLA,"GILEAD SCIENCES, LLC","efavirenz/emtricitabine/tenofovir disoproxil fumarate","TENOFOVIR DISOPROXIL FUMARATE; EMTRICITABINE; EFAVIRENZ","300MG; 200MG; 600MG","Each bottle contains 30 tablets","ORAL; ORAL",Discontinued,TABLET,J05AR,"DIRECT ACTING ANTIVIRALS",2021-12-31,2021-12-31,"Business reasons",2021-08-17,2022-01-01,No
145250,02472171,Discontinuation,"ATROPINE SULFATE INJECTION USP","PFIZER CANADA ULC","ATROPINE SULFATE INJECTION USP","ATROPINE SULFATE",0.5MG,"10 x 5mL","SUBCUTANEOUS; INTRAVENOUS; INTRAMUSCULAR",Discontinued,SOLUTION,A03BA,"BELLADONNAAND DERIVATIVES, PLAIN",2021-09-07,,"Business reasons",2021-09-07,2021-09-08,No
265488,00328154,Discontinuation,"ATROPINE SULFATE INJECTION USP","PFIZER CANADA ULC","ATROPINE SULFATE INJECTION USP","ATROPINE SULFATE",1MG,"10X10 SYRINGES","SUBCUTANEOUS; INTRAVENOUS; INTRAMUSCULAR; SUBCUTANEOUS; INTRAVENOUS; INTRAMUSCULAR",Discontinued,SOLUTION,A03BA,"BELLADONNAAND DERIVATIVES, PLAIN",2025-08-18,,"Business reasons",2025-08-18,2025-08-19,No
64493,02163705,Discontinuation,"ATROVENT NASAL SPRAY","SANOFI-AVENTIS CANADA INC","ATROVENT Nasal Spray 0.03%, 345 doses - 21 mcg","IPRATROPIUM BROMIDE",21MCG,30ml,NASAL,Discontinued,SOLUTION,R01AX,"DECONGESTANTS AND OTHER NASAL PREP.FOR TOPICAL USE",2018-10-04,2018-10-04,"Business reasons",2018-10-17,2018-10-17,No
64496,02163713,Discontinuation,"ATROVENT NASAL SPRAY","SANOFI-AVENTIS CANADA INC","ATROVENT Nasal Spray 0.06%, 165 doses - 42 mcg","IPRATROPIUM BROMIDE",42MCG,15ML,NASAL,Discontinued,SOLUTION,R01AX,"DECONGESTANTS AND OTHER NASAL PREP.FOR TOPICAL USE",2018-11-13,2018-10-31,"Business reasons",2018-10-17,2020-07-27,No
226847,02416328,Discontinuation,AUBAGIO,"SANOFI GENZYME, A DIVISION OF SANOFI-AVENTIS CANADA INC",teriflunomide,TERIFLUNOMIDE,14MG,"14 mg","ORAL; ORAL",Discontinued,TABLET,L04AA,IMMUNOSUPPRESSANTS,2024-11-08,2024-10-31,"Other (Please describe in comments)",2024-05-02,2024-11-09,No
165407,02332477,Discontinuation,AURALGAN,"PALADIN LABS INC.",AURALGAN,"ANTIPYRINE; BENZOCAINE","54MG; 14MG",14mL,"OTIC; OTIC",Discontinued,SOLUTION,S02DA,"OTHER OTOLOGICALS",2022-07-25,,"Manufacturing issues",2022-07-25,2022-07-26,No
210704,02458586,Discontinuation,AURO-AMOXICILLIN,"AURO PHARMA INC",AURO-AMOXICILLIN,AMOXICILLIN,125MG,"100 ml and 150ml",ORAL,Discontinued,"POWDER FOR SUSPENSION",J01CA,"BETA-LACTAM ANTIBACTERIALS, PENICILLINS",2023-11-17,,"Business reasons",2023-11-17,2023-11-18,No
218221,02471671,Discontinuation,AURO-AMOXICLAV,"AURO PHARMA INC",AURO-AMOXICLAV,"CLAVULANIC ACID; AMOXICILLIN","125MG; 250MG",100,ORAL,Discontinued,TABLET,J01CR,"BETA-LACTAM ANTIBACTERIALS, PENICILLINS",2024-01-09,,"Business reasons",2024-02-02,2024-02-02,No
210727,02471558,Discontinuation,AURO-ATOMOXETINE,"AURO PHARMA INC",AURO-ATOMOXETINE,ATOMOXETINE,100MG,"100's ans 30's","ORAL; ORAL",Discontinued,CAPSULE,N06BA,"PSYCHOSTIMULANTS AND NOOTROPICS",2023-11-17,,"Business reasons",2023-11-17,2023-11-18,No
210737,02471485,Discontinuation,AURO-ATOMOXETINE,"AURO PHARMA INC",AURO-ATOMOXETINE,ATOMOXETINE,10MG,"100's ans 30's","ORAL; ORAL",Discontinued,CAPSULE,N06BA,"PSYCHOSTIMULANTS AND NOOTROPICS",2023-11-17,,"Business reasons",2023-11-17,2023-11-18,No
210745,02471493,Discontinuation,AURO-ATOMOXETINE,"AURO PHARMA INC",AURO-ATOMOXETINE,ATOMOXETINE,18MG,"100's ans 30's","ORAL; ORAL",Discontinued,CAPSULE,N06BA,"PSYCHOSTIMULANTS AND NOOTROPICS",2023-11-17,,"Business reasons",2023-11-17,2023-11-18,No
210752,02471507,Discontinuation,AURO-ATOMOXETINE,"AURO PHARMA INC",AURO-ATOMOXETINE,ATOMOXETINE,25MG,"100's ans 30's","ORAL; ORAL",Discontinued,CAPSULE,N06BA,"PSYCHOSTIMULANTS AND NOOTROPICS",2023-11-17,,"Business reasons",2023-11-17,2023-11-18,No
210755,02471515,Discontinuation,AURO-ATOMOXETINE,"AURO PHARMA INC",AURO-ATOMOXETINE,ATOMOXETINE,40MG,"100's ans 30's","ORAL; ORAL",Discontinued,CAPSULE,N06BA,"PSYCHOSTIMULANTS AND NOOTROPICS",2023-11-17,,"Business reasons",2023-11-17,2023-11-18,No
210758,02471523,Discontinuation,AURO-ATOMOXETINE,"AURO PHARMA INC",AURO-ATOMOXETINE,ATOMOXETINE,60MG,"100's ans 30's","ORAL; ORAL",Discontinued,CAPSULE,N06BA,"PSYCHOSTIMULANTS AND NOOTROPICS",2023-11-17,,"Business reasons",2023-11-17,2023-11-18,No
210761,02471531,Discontinuation,AURO-ATOMOXETINE,"AURO PHARMA INC",AURO-ATOMOXETINE,ATOMOXETINE,80MG,"100's ans 30's","ORAL; ORAL",Discontinued,CAPSULE,N06BA,"PSYCHOSTIMULANTS AND NOOTROPICS",2023-11-17,,"Business reasons",2023-11-17,2023-11-18,No
210764,02497743,Discontinuation,AURO-CEPHALEXIN,"AURO PHARMA INC",AURO-CEPHALEXIN,CEPHALEXIN,125MG,150ml,ORAL,Discontinued,"POWDER FOR SUSPENSION",J01DB,"OTHER BETA-LACTAM ANTIBACTERIALS",2023-11-17,,"Business reasons",2023-11-17,2023-11-18,No
210767,02478900,Discontinuation,AURO-CINACALCET,"AURO PHARMA INC",AURO-CINACALCET,CINACALCET,30MG,30's,"ORAL; ORAL",Discontinued,TABLET,H05BX,"ANTI-PARATHYROID HORMONES",2023-11-17,,"Business reasons",2023-11-17,2023-11-18,No
210871,02478919,Discontinuation,AURO-CINACALCET,"AURO PHARMA INC",AURO-CINACALCET,CINACALCET,60MG,30's,"ORAL; ORAL",Discontinued,TABLET,H05BX,"ANTI-PARATHYROID HORMONES",2023-11-20,,"Business reasons",2023-11-20,2023-11-21,No
210876,02478943,Discontinuation,AURO-CINACALCET,"AURO PHARMA INC",AURO-CINACALCET,CINACALCET,90MG,30's,"ORAL; ORAL",Discontinued,TABLET,H05BX,"ANTI-PARATHYROID HORMONES",2023-11-20,,"Business reasons",2023-11-20,2023-11-21,No
70279,02381931,Discontinuation,AURO-CIPROFLOXACIN,"AURO PHARMA INC",Ciprofloxacin,CIPROFLOXACIN,750MG,100,ORAL,Discontinued,TABLET,J01MA,"QUINOLONE ANTIBACTERIALS",2018-12-20,,"Business reasons",2018-12-21,2018-12-21,No
210879,02499223,Discontinuation,AURO-INDOMETHACIN,"AURO PHARMA INC",AURO-INDOMETHACIN,INDOMETHACIN,50MG,100's,ORAL,Discontinued,CAPSULE,M01AB,"ANTIINFLAMMATORY/ANTIRHEUMATIC PROD.,NON-STEROIDS",2023-11-20,,"Business reasons",2023-11-20,2023-11-21,No
289729,02414414,Discontinuation,AURO-LAMIVUDINE/ZIDOVUDINE,"AURO PHARMA INC",AURO-LAMIVUDINE/ZIDOVUDINE,"LAMIVUDINE; ZIDOVUDINE","150MG; 300MG",60,"ORAL; ORAL","To be discontinued",TABLET,J05AR,"DIRECT ACTING ANTIVIRALS",,2026-07-22,"Business reasons",2026-07-22,2026-07-22,No
210954,02403331,Discontinuation,AURO-LOSARTAN,"AURO PHARMA INC",AURO-LOSARTAN,"LOSARTAN POTASSIUM",50.0MG,30's,"ORAL; ORAL",Discontinued,TABLET,C09CA,"ANGIOTENSIN II ANTAGONISTS, PLAIN",2023-11-21,,"Business reasons",2023-11-21,2023-11-22,No
210959,02423669,Discontinuation,"AURO-LOSARTAN HCT","AURO PHARMA INC","AURO-LOSARTAN HCT","HYDROCHLOROTHIAZIDE; LOSARTAN POTASSIUM","25MG; 100MG",30's,"ORAL; ORAL",Discontinued,TABLET,C09DA,"ANGIOTENSIN II ANTAGONISTS, COMBINATIONS",2023-11-21,,"Business reasons",2023-11-21,2023-11-22,No
210964,02423642,Discontinuation,"AURO-LOSARTAN HCT","AURO PHARMA INC","AURO-LOSARTAN HCT","HYDROCHLOROTHIAZIDE; LOSARTAN POTASSIUM","12.5MG; 50MG",30's,"ORAL; ORAL",Discontinued,TABLET,C09DA,"ANGIOTENSIN II ANTAGONISTS, COMBINATIONS",2023-11-21,,"Business reasons",2023-11-21,2023-11-22,No
214593,02422867,Discontinuation,"AURO-MONTELUKAST CHEWABLE TABLET","AURO PHARMA INC","AURO-MONTELUKAST CHEWABLE TABLET",MONTELUKAST,4MG,90's,ORAL,Discontinued,"TABLET (CHEWABLE)",R03DC,"OTHER SYSTEMIC DRUGS FOR OBSTRUCTIVE AIRWAY DISEASES",2023-12-29,,"Business reasons",2023-12-29,2023-12-30,No
214596,02422875,Discontinuation,"AURO-MONTELUKAST CHEWABLE TABLET","AURO PHARMA INC","AURO-MONTELUKAST CHEWABLE TABLET",MONTELUKAST,5MG,90's,ORAL,Discontinued,"TABLET (CHEWABLE)",R03DC,"OTHER SYSTEMIC DRUGS FOR OBSTRUCTIVE AIRWAY DISEASES",2023-12-29,,"Business reasons",2023-12-29,2023-12-30,No
210968,02448734,Discontinuation,"AURO-OLANZAPINE ODT","AURO PHARMA INC","AURO-OLANZAPINE ODT",OLANZAPINE,10MG,30's,"ORAL; ORAL",Discontinued,"TABLET (ORALLY DISINTEGRATING)",N05AH,ANTIPSYCHOTICS,2023-11-21,,"Business reasons",2023-11-21,2023-11-22,No
210972,02448742,Discontinuation,"AURO-OLANZAPINE ODT","AURO PHARMA INC","AURO-OLANZAPINE ODT",OLANZAPINE,15MG,30's,"ORAL; ORAL",Discontinued,"TABLET (ORALLY DISINTEGRATING)",N05AH,ANTIPSYCHOTICS,2023-11-21,,"Business reasons",2023-11-21,2023-11-22,No
210975,02448750,Discontinuation,"AURO-OLANZAPINE ODT","AURO PHARMA INC","AURO-OLANZAPINE ODT",OLANZAPINE,20MG,30's,"ORAL; ORAL",Discontinued,"TABLET (ORALLY DISINTEGRATING)",N05AH,ANTIPSYCHOTICS,2023-11-21,,"Business reasons",2023-11-21,2023-11-22,No
210978,02448726,Discontinuation,"AURO-OLANZAPINE ODT","AURO PHARMA INC","AURO-OLANZAPINE ODT",OLANZAPINE,5MG,30's,"ORAL; ORAL",Discontinued,"TABLET (ORALLY DISINTEGRATING)",N05AH,ANTIPSYCHOTICS,2023-11-21,,"Business reasons",2023-11-21,2023-11-22,No
210981,02448726,Discontinuation,"AURO-OLANZAPINE ODT","AURO PHARMA INC","AURO-OLANZAPINE ODT",OLANZAPINE,5MG,30's,"ORAL; ORAL",Discontinued,"TABLET (ORALLY DISINTEGRATING)",N05AH,ANTIPSYCHOTICS,2023-11-21,,"Business reasons",2023-11-21,2023-11-22,No
210984,02443864,Discontinuation,AURO-OLMESARTAN,"AURO PHARMA INC",AURO-OLMESARTAN,"OLMESARTAN MEDOXOMIL",20MG,500's,"ORAL; ORAL",Discontinued,TABLET,C09CA,"ANGIOTENSIN II ANTAGONISTS, PLAIN",2023-11-21,,"Business reasons",2023-11-21,2023-11-22,No
210987,02443872,Discontinuation,AURO-OLMESARTAN,"AURO PHARMA INC",AURO-OLMESARTAN,"OLMESARTAN MEDOXOMIL",40MG,"500's and  3x10 Blts","ORAL; ORAL",Discontinued,TABLET,C09CA,"ANGIOTENSIN II ANTAGONISTS, PLAIN",2023-11-21,,"Business reasons",2023-11-21,2023-11-22,No
210990,02458977,Discontinuation,AURO-PRAVASTATIN,"AURO PHARMA INC",AURO-PRAVASTATIN,"PRAVASTATIN SODIUM",10MG,100's,"ORAL; ORAL",Discontinued,TABLET,C10AA,"LIPID MODIFYING AGENTS, PLAIN",2023-11-21,,"Business reasons",2023-11-21,2023-11-22,No
210993,02458985,Discontinuation,AURO-PRAVASTATIN,"AURO PHARMA INC",AURO-PRAVASTATIN,"PRAVASTATIN SODIUM",20MG,100's,"ORAL; ORAL",Discontinued,TABLET,C10AA,"LIPID MODIFYING AGENTS, PLAIN",2023-11-21,,"Business reasons",2023-11-21,2023-11-22,No
210996,02458993,Discontinuation,AURO-PRAVASTATIN,"AURO PHARMA INC",AURO-PRAVASTATIN,"PRAVASTATIN SODIUM",40MG,100's,"ORAL; ORAL",Discontinued,TABLET,C10AA,"LIPID MODIFYING AGENTS, PLAIN",2023-11-21,,"Business reasons",2023-11-21,2023-11-22,No
210999,02408139,Discontinuation,"AURO-VALSARTAN HCT","AURO PHARMA INC","AURO-VALSARTAN HCT","HYDROCHLOROTHIAZIDE; VALSARTAN","25MG; 160MG",30's,"ORAL; ORAL",Discontinued,TABLET,C09DA,"ANGIOTENSIN II ANTAGONISTS, COMBINATIONS",2023-11-21,,"Business reasons",2023-11-21,2023-11-22,No
211002,02408147,Discontinuation,"AURO-VALSARTAN HCT","AURO PHARMA INC","AURO-VALSARTAN HCT","HYDROCHLOROTHIAZIDE; VALSARTAN","12.5MG; 320MG",30's,"ORAL; ORAL",Discontinued,TABLET,C09DA,"ANGIOTENSIN II ANTAGONISTS, COMBINATIONS",2023-11-21,,"Business reasons",2023-11-21,2023-11-22,No
8077,02247086,Discontinuation,AVANDAMET,"GLAXOSMITHKLINE INC","Rosiglitazone maleate and metformin hydrochloride tablet","METFORMIN HYDROCHLORIDE; ROSIGLITAZONE","500MG; 2MG",100s,ORAL,Discontinued,TABLET,A10BD,"BLOOD GLUCOSE LOWERING DRUGS, EXCL. INSULINS",2017-04-20,,"Business reasons",2017-04-25,2017-04-26,No
8081,02248440,Discontinuation,AVANDAMET,"GLAXOSMITHKLINE INC","Rosiglitazone maleate and metformin hydrochloride tablet","METFORMIN HYDROCHLORIDE; ROSIGLITAZONE","1000MG; 2.00MG",100s,ORAL,Discontinued,TABLET,A10BD,"BLOOD GLUCOSE LOWERING DRUGS, EXCL. INSULINS",2017-04-20,,"Business reasons",2017-04-25,2017-04-26,No
8084,02248441,Discontinuation,AVANDAMET,"GLAXOSMITHKLINE INC","Rosiglitazone maleate and metformin hydrochloride tablet","METFORMIN HYDROCHLORIDE; ROSIGLITAZONE","1000MG; 4.00MG",100s,ORAL,Discontinued,TABLET,A10BD,"BLOOD GLUCOSE LOWERING DRUGS, EXCL. INSULINS",2017-04-20,,"Business reasons",2017-04-25,2017-04-26,No
8087,02247087,Discontinuation,AVANDAMET,"GLAXOSMITHKLINE INC","Rosiglitazone maleate and metformin hydrochloride tablet","METFORMIN HYDROCHLORIDE; ROSIGLITAZONE","500MG; 4MG",100s,ORAL,Discontinued,TABLET,A10BD,"BLOOD GLUCOSE LOWERING DRUGS, EXCL. INSULINS",2017-04-25,,"Business reasons",2017-04-25,2017-05-04,No
113311,02241112,Discontinuation,AVANDIA,"GLAXOSMITHKLINE INC","rosiglitazone (as rosiglitazone maleate) tablets",ROSIGLITAZONE,2MG,60's,"ORAL; ORAL",Discontinued,TABLET,A10BG,"BLOOD GLUCOSE LOWERING DRUGS, EXCL. INSULINS",2020-08-31,2020-08-31,"Business reasons",2020-04-27,2020-09-01,No
113314,02241113,Discontinuation,AVANDIA,"GLAXOSMITHKLINE INC","rosiglitazone (as rosiglitazone maleate) tablets",ROSIGLITAZONE,4MG,100's,"ORAL; ORAL",Discontinued,TABLET,A10BG,"BLOOD GLUCOSE LOWERING DRUGS, EXCL. INSULINS",2020-12-01,,"Business reasons",2020-04-27,2020-12-11,No
113317,02241114,Discontinuation,AVANDIA,"GLAXOSMITHKLINE INC","rosiglitazone (as rosiglitazone maleate) tablets",ROSIGLITAZONE,8MG,60's,"ORAL; ORAL",Discontinued,TABLET,A10BG,"BLOOD GLUCOSE LOWERING DRUGS, EXCL. INSULINS",2020-04-22,,"Business reasons",2020-04-27,2020-04-27,No
229306,02237923,Discontinuation,AVAPRO,"SANOFI-AVENTIS CANADA INC",Irbesartan,IRBESARTAN,75MG,"90 count bottle","ORAL; ORAL",Discontinued,TABLET,C09CA,"ANGIOTENSIN II ANTAGONISTS, PLAIN",2024-12-14,2024-11-30,"Other (Please describe in comments)",2024-05-31,2025-01-15,No
222215,02243741,Discontinuation,"AVAXIM - PEDIATRIC","SANOFI PASTEUR LIMITED","HEPATITIS A VACCINE, INACTIVATED","HEPATITIS A VACCINE, INACTIVATED",80UNIT,"1 x 0.5 mL (single dose) syringe","INTRAMUSCULAR; INTRAMUSCULAR",Discontinued,SUSPENSION,J07BC,"VIRAL VACCINES",2022-06-08,,"Business reasons",2024-03-14,2024-03-14,No
80223,02242965,Discontinuation,AVELOX,"BAYER INC",Moxifloxacin,MOXIFLOXACIN,400MG,30,ORAL,Discontinued,TABLET,J01MA,"QUINOLONE ANTIBACTERIALS",2019-07-04,2019-10-31,"Business reasons",2019-04-01,2019-07-05,No
73405,02246414,Discontinuation,"AVELOX I.V.","BAYER INC","Moxifloxacin Injection",MOXIFLOXACIN,400MG,"250 mL",INTRAVENOUS,Discontinued,SOLUTION,J01MA,"QUINOLONE ANTIBACTERIALS",2020-06-29,2020-07-03,"Business reasons",2019-01-23,2020-07-14,No
65435,00015237,Discontinuation,AVENTYL,"AA PHARMA INC",AVENTYL,NORTRIPTYLINE,25MG,"500 BTL",ORAL,Discontinued,CAPSULE,N06AA,ANTIDEPRESSANTS,2019-05-06,2019-06-23,"Business reasons",2018-10-23,2022-01-27,No
289655,02539977,Discontinuation,AXBERI,"BAXTER CORPORATION","Enoxaparin Sodium","ENOXAPARIN SODIUM",30MG,"30 mg / 0.3 mL Prefilled Syringe","SUBCUTANEOUS; INTRAVENOUS","To be discontinued",SOLUTION,B01AB,"ANTITHROMBOTIC AGENTS",2027-02-28,2027-02-28,"Business reasons",2026-07-22,2026-07-22,No
289658,02539985,Discontinuation,AXBERI,"BAXTER CORPORATION","Enoxaparin Sodium","ENOXAPARIN SODIUM",40MG,"40 mg / 0.4 mL Prefilled Syringe","SUBCUTANEOUS; INTRAVENOUS","To be discontinued",SOLUTION,B01AB,"ANTITHROMBOTIC AGENTS",2027-02-28,2027-02-28,"Business reasons",2026-07-22,2026-07-22,No
289661,02540002,Discontinuation,AXBERI,"BAXTER CORPORATION","Enoxaparin Sodium","ENOXAPARIN SODIUM",60MG,"60 mg / 0.6 mL Prefilled Syringe","SUBCUTANEOUS; INTRAVENOUS","To be discontinued",SOLUTION,B01AB,"ANTITHROMBOTIC AGENTS",2027-02-28,2027-02-28,"Business reasons",2026-07-22,2026-07-22,No
289664,02540010,Discontinuation,AXBERI,"BAXTER CORPORATION","Enoxaparin Sodium","ENOXAPARIN SODIUM",80MG,"80 mg / 0.8 mL Prefilled Syringe","SUBCUTANEOUS; INTRAVENOUS","To be discontinued",SOLUTION,B01AB,"ANTITHROMBOTIC AGENTS",2027-02-28,2027-02-28,"Business reasons",2026-07-22,2026-07-22,No
289667,02540045,Discontinuation,AXBERI,"BAXTER CORPORATION","Enoxaparin Sodium","ENOXAPARIN SODIUM",100MG,"100 mg / 1 mL Prefiled Syringe","SUBCUTANEOUS; INTRAVENOUS","To be discontinued",SOLUTION,B01AB,"ANTITHROMBOTIC AGENTS",2027-02-28,2027-02-28,"Business reasons",2026-07-22,2026-07-22,No
289670,02540029,Discontinuation,"AXBERI HP","BAXTER CORPORATION","Enoxaparin Sodium","ENOXAPARIN SODIUM",120MG,"150 mg / 1 mL Prefilled Syringe","SUBCUTANEOUS; INTRAVENOUS","To be discontinued",SOLUTION,B01AB,"ANTITHROMBOTIC AGENTS",2027-02-28,2027-02-28,"Business reasons",2026-07-22,2026-07-22,No
289673,02540037,Discontinuation,"AXBERI HP","BAXTER CORPORATION","Enoxaparin Sodium","ENOXAPARIN SODIUM",150MG,"150 mg / 1 mL Prefilled Syringe","SUBCUTANEOUS; INTRAVENOUS","To be discontinued",SOLUTION,B01AB,"ANTITHROMBOTIC AGENTS",2027-02-28,2027-02-28,"Business reasons",2026-07-22,2026-07-22,No
27357,02248129,Discontinuation,"AXERT 12.5MG","MCNEIL CONSUMER HEALTHCARE DIVISION OF JOHNSON & JOHNSON INC",AXERT,ALMOTRIPTAN,12.5MG,"6 TABLETS",ORAL,Discontinued,TABLET,N02CC,"ANTIMIGRAINE PREPARATIONS",2017-10-27,2017-10-27,"Business reasons",2017-10-27,2017-10-28,No
27333,02248128,Discontinuation,"AXERT 6.25MG","MCNEIL CONSUMER HEALTHCARE DIVISION OF JOHNSON & JOHNSON INC",AXERT,ALMOTRIPTAN,6.25MG,"6 TABLETS",ORAL,Discontinued,TABLET,N02CC,"ANTIMIGRAINE PREPARATIONS",2017-10-27,2017-10-27,"Business reasons",2017-10-27,2017-10-28,No
21753,02382369,Discontinuation,AXIRON,"ELI LILLY CANADA INC","TESTOSTERONE TOPICAL SOLUTION , 2%",TESTOSTERONE,2%,"1 METERED-DOSE PUMP - 30MG (1.5ML) PER ACTUATION - 60 DOSES",TOPICAL,Discontinued,SOLUTION,G03BA,ANDROGENS,2017-12-04,2017-12-04,"Business reasons",2017-09-08,2017-12-04,No
4899,02343002,Discontinuation,AZATHIOPRINE,"SANIS HEALTH INC","AZATHIOPRINE TABS",AZATHIOPRINE,50MG,100,ORAL,Discontinued,TABLET,L04AX,IMMUNOSUPPRESSANTS,2012-09-03,,"Other (Please describe in comments)",2017-03-31,2017-03-31,No
188839,02243371,Discontinuation,AZATHIOPRINE-50,"PRO DOC LIMITEE",AZATHIOPRINE,AZATHIOPRINE,50MG,100,"ORAL; ORAL",Discontinued,TABLET,L04AX,IMMUNOSUPPRESSANTS,2023-04-05,,"Business reasons",2023-04-05,2023-04-06,No
258705,02284650,Discontinuation,AZILECT,"TEVA CANADA LIMITED",AZILECT,RASAGILINE,1MG,30,"ORAL; ORAL",Reversed,TABLET,N04BD,"DOPAMINERGIC AGENTS",,,"Business reasons",2025-05-28,2025-06-04,No
258771,02284650,Discontinuation,AZILECT,"TEVA CANADA LIMITED",AZILECT,RASAGILINE,1MG,30,"ORAL; ORAL",Reversed,TABLET,N04BD,"DOPAMINERGIC AGENTS",,,"Business reasons",2025-05-28,2025-06-04,No
15804,02385473,Discontinuation,"AZITHROMYCIN FOR INJECTION, USP","MYLAN PHARMACEUTICALS ULC","AZITHROMYCIN FOR INJECTION, USP",AZITHROMYCIN,500MG,10VL,INTRAVENOUS,Discontinued,"POWDER FOR SOLUTION",J01FA,"MACROLIDES, LINCOSAMIDES AND STREPTOGRAMINS",2017-07-12,,"Business reasons",2017-07-17,2018-02-15,No
55523,02334844,Discontinuation,"AZITHROMYCIN FOR INJECTION, USP","HOSPIRA HEALTHCARE CORPORATION",AZITHROMYCIN,AZITHROMYCIN,500MG,"10 x 500mg GVL",INTRAVENOUS,Discontinued,"POWDER FOR SOLUTION",J01FA,"MACROLIDES, LINCOSAMIDES AND STREPTOGRAMINS",2018-12-15,,"Business reasons",2018-07-12,2019-03-28,No
135983,00030708,Discontinuation,"BACITRACIN USP","PFIZER CANADA ULC","BACITRACIN USP",BACITRACIN,50000UNIT,"5 x 30mL vial","INTRAMUSCULAR; TOPICAL; INTRAMUSCULAR; TOPICAL",Discontinued,"POWDER FOR SOLUTION",J01XX,"OTHER ANTIBACTERIALS",2021-03-31,,"Business reasons",2021-03-18,2021-04-01,No
252798,02485494,Discontinuation,"BACLOFEN INTRATHECAL","AVIR PHARMA INC.","Baclofen  intrathecal  0.05 mg/mL",BACLOFEN,0.05MG,1ml,INTRATHECAL,Discontinued,SOLUTION,M03BX,"MUSCLE RELAXANTS, CENTRALLY ACTING AGENTS",2025-03-03,2025-03-03,"Business reasons",2025-03-17,2025-03-17,No
290518,02485508,Discontinuation,"BACLOFEN INTRATHECAL","AVIR PHARMA INC.","Baclofen intrathecal 0.5mg/mL vial de 20 mL",BACLOFEN,0.5MG,20ml,INTRATHECAL,"To be discontinued",SOLUTION,M03BX,"MUSCLE RELAXANTS, CENTRALLY ACTING AGENTS",,2027-08-31,"Business reasons",2026-08-03,2026-08-03,No
290521,02485516,Discontinuation,"BACLOFEN INTRATHECAL","AVIR PHARMA INC.","Baclofen intrathecal 2mg/mL vial de 20mL",BACLOFEN,2MG,20ml,INTRATHECAL,Discontinued,SOLUTION,M03BX,"MUSCLE RELAXANTS, CENTRALLY ACTING AGENTS",2026-08-31,2026-08-31,"Business reasons",2026-08-03,2026-09-10,No
130010,02014807,Discontinuation,"BAL IN OIL 3ML AMPULES/10","TAYLOR PHARMACEUTICALS",DIMERCAPROL,DIMERCAPROL,100MG,"3 mL Fill","INTRAMUSCULAR; INTRAMUSCULAR",Discontinued,"SOLUTION; SOLUTION",V03AB,"ALL OTHER THERAPEUTIC PRODUCTS",2020-12-10,2020-12-10,"Business reasons",2020-12-10,2021-08-06,No
258741,01928775,Discontinuation,"BALMINIL DM (3MG/ML SUCROSE FREE)","TEVA CANADA LIMITED","BALMINIL DM (3MG/ML SUCROSE FREE)","DEXTROMETHORPHAN HYDROBROMIDE",15MG,1,"ORAL; ORAL",Discontinued,SYRUP,R05DA,"COUGH SUPPRESSANTS EXCL. COMB. WITH EXPECTORANTS",2018-06-05,,"Business reasons",2025-05-28,2025-05-28,No
258750,00609951,Discontinuation,"BALMINIL EXPECTORANT (SUCROSE FREE)","TEVA CANADA LIMITED","BALMINIL EXPECTORANT (SUCROSE FREE)",GUAIFENESIN,100MG,1,"ORAL; ORAL",Discontinued,SYRUP,R05CA,"EXPECTORANTS,EXCL COMBINATIONS WITH COUGH SUPPR.",2018-06-05,,"Business reasons",2025-05-28,2025-05-28,No
75765,02444852,Discontinuation,BASAGLAR,"ELI LILLY CANADA INC","insulin glargine (rDNA origin)","INSULIN GLARGINE",100UNIT,"KwikPen, 3 mL prefilled pen, in packages of 5",SUBCUTANEOUS,Discontinued,SOLUTION,A10AE,"INSULINS AND ANALOGUES",2019-08-22,2019-08-30,"Other (Please describe in comments)",2019-02-15,2019-08-23,No
79766,02465221,Discontinuation,BELBUCA,"PURDUE PHARMA","Buprenorphine Buccal Soluble Film",BUPRENORPHINE,75MCG,60,BUCCAL,Discontinued,"FILM, SOLUBLE",N02AE,OPIOIDS,2019-04-01,2019-04-01,"Business reasons",2019-03-28,2019-04-02,No
80230,02465248,Discontinuation,BELBUCA,"PURDUE PHARMA","Buprenorphine Buccal Soluble Film",BUPRENORPHINE,150MCG,60,BUCCAL,Discontinued,"FILM, SOLUBLE",N02AE,OPIOIDS,2019-04-01,2019-04-01,"Business reasons",2019-04-01,2019-04-02,No
80233,02465256,Discontinuation,BELBUCA,"PURDUE PHARMA","Buprenorphine Buccal Soluble Film",BUPRENORPHINE,300MCG,60,BUCCAL,Discontinued,"FILM, SOLUBLE",N02AE,OPIOIDS,2019-04-01,2019-04-01,"Business reasons",2019-04-01,2019-04-02,No
80236,02465264,Discontinuation,BELBUCA,"PURDUE PHARMA","Buprenorphine Buccal Soluble Film",BUPRENORPHINE,450MCG,60,BUCCAL,Discontinued,"FILM, SOLUBLE",N02AE,OPIOIDS,2019-04-01,2019-04-01,"Business reasons",2019-04-01,2019-04-02,No
51736,00176141,Discontinuation,"BELLERGAL SPACETABS","PALADIN LABS INC","Ergotamine, Phenobarbital, Belladonna","BELLADONNA; PHENOBARBITAL; ERGOTAMINE TARTRATE","0.2MG; 40.0MG; 0.6MG","100 Tabs",ORAL,Discontinued,"TABLET (EXTENDED-RELEASE)",A03ED,"ANTISPASM.AND ANTICHOL. IN COMB. WITH OTHER DRUGS",2018-06-06,,"Raw material availability",2018-06-06,2018-06-07,No
115269,02483513,Discontinuation,BELSOMRA,"MERCK CANADA INC","suvorexant tablets",SUVOREXANT,10MG,30TAB,"ORAL; ORAL",Discontinued,TABLET,N05CM,,2020-05-14,,"Business reasons",2020-05-15,2020-05-15,No
115273,02483521,Discontinuation,BELSOMRA,"MERCK CANADA INC","suvorexant tablets",SUVOREXANT,15MG,30TAB,"ORAL; ORAL",Discontinued,TABLET,N05CM,,2020-05-14,,"Business reasons",2020-05-15,2020-05-15,No
115276,02483548,Discontinuation,BELSOMRA,"MERCK CANADA INC","suvorexant tablets",SUVOREXANT,20MG,30TAB,"ORAL; ORAL",Discontinued,TABLET,N05CM,,2020-05-14,,"Business reasons",2020-05-15,2020-05-15,No
67552,02102978,Discontinuation,BENTYLOL,"APTALIS PHARMA CANADA ULC","Bentylol syrup","DICYCLOMINE HYDROCHLORIDE",10MG,"250ml bottle",ORAL,Discontinued,SYRUP,A03AA,"DRUGS FOR FUNCTIONAL BOWEL DISORDERS",2018-12-01,2018-11-19,"Raw material availability",2018-11-26,2019-07-09,No
67544,02103087,Discontinuation,"BENTYLOL TABLET 10MG","APTALIS PHARMA CANADA ULC","Bentylol 10mg","DICYCLOMINE HYDROCHLORIDE",10MG,100's,ORAL,Discontinued,TABLET,A03AA,"DRUGS FOR FUNCTIONAL BOWEL DISORDERS",2018-11-19,,"Raw material availability",2018-11-26,2018-11-26,No
67549,02103095,Discontinuation,"BENTYLOL TABLET 20MG","APTALIS PHARMA CANADA ULC","Bentylol 20mg","DICYCLOMINE HYDROCHLORIDE",20MG,100's,ORAL,Discontinued,TABLET,A03AA,"DRUGS FOR FUNCTIONAL BOWEL DISORDERS",2018-11-19,,"Raw material availability",2018-11-26,2018-11-26,No
276371,02225271,Discontinuation,BENZAMYCIN,"BAUSCH HEALTH, CANADA INC.",BENZAMYCIN,"ERYTHROMYCIN; BENZOYL PEROXIDE","3%; 5%",46.6g,"TOPICAL; TOPICAL",Discontinued,GEL,D10AF,"ANTI-ACNE PREPARATIONS FOR TOPICAL USE",2026-01-21,,"Business reasons",2026-01-20,2026-09-10,No
108380,00637661,Discontinuation,"BETAGAN 0.5% OPHTHALMIC SOL","ALLERGAN INC","Betagan 0.5%","LEVOBUNOLOL HYDROCHLORIDE",5MG,10ml,OPHTHALMIC,Discontinued,LIQUID,S01ED,"ANTIGLAUCOMA PREPARATIONS AND MIOTICS",2020-02-01,2020-02-01,"Business reasons",2020-03-10,2020-03-10,No
18275,00751286,Discontinuation,"BETAGAN OPH SOLN 0.25%","ALLERGAN INC","Betagan 0,25%","LEVOBUNOLOL HYDROCHLORIDE",0.25%,"All sizes",OPHTHALMIC,Discontinued,LIQUID,S01ED,"ANTIGLAUCOMA PREPARATIONS AND MIOTICS",2017-07-26,2017-07-26,"Business reasons",2017-08-04,2017-08-04,No
96616,02237835,Discontinuation,BETAJECT,"SANDOZ CANADA INCORPORATED",BETAJECT,,,"10 vials",,Discontinued,,,,2012-12-31,,"Business reasons",2019-10-15,2019-10-15,No
149892,02060884,Discontinuation,"BETNESOL RETENTION ENEMA 5MG/100ML","PALADIN LABS INC.",BETAMETHASONE,BETAMETHASONE,5MG,7X100mL,"RECTAL; RECTAL","To be discontinued",ENEMA,A07EA,"INTESTINALANTIINFLAMMATORY AGENTS",,2022-06-15,"Raw material availability",2021-11-25,2021-11-25,No
170389,01908448,Discontinuation,"BETOPTIC S","NOVARTIS PHARMACEUTICALS CANADA INC","BETOPTIC S 0.25% SUSP.",BETAXOLOL,0.25%,10ML,"OPHTHALMIC; OPHTHALMIC",Discontinued,SUSPENSION,S01ED,"ANTIGLAUCOMA PREPARATIONS AND MIOTICS",2022-12-29,2022-11-30,"Business reasons",2022-09-28,2023-01-19,No
252361,01908448,Discontinuation,"BETOPTIC S","NOVARTIS PHARMACEUTICALS CANADA INC","BETOPTIC S 0.25% SUSP. 5ML",BETAXOLOL,0.25%,5ML,"OPHTHALMIC; OPHTHALMIC",Discontinued,SUSPENSION,S01ED,"ANTIGLAUCOMA PREPARATIONS AND MIOTICS",2025-05-27,2025-03-31,"Business reasons",2025-03-11,2025-06-02,No
277216,02083523,Discontinuation,"BEZALIP SR","ALLERGAN INC","BEZAFIBRATE 400 MG",BEZAFIBRATE,400MG,"30 TABLETS","ORAL; ORAL","To be discontinued","TABLET (EXTENDED-RELEASE)",C10AB,"LIPID MODIFYING AGENTS, PLAIN",,2027-03-31,"Business reasons",2026-02-03,2026-02-03,No
86431,02382423,Discontinuation,BICALUTAMIDE,"SIVEM PHARMACEUTICALS ULC",BICALUTAMIDE,BICALUTAMIDE,50MG,30,ORAL,Discontinued,TABLET,L02BB,"HORMONE ANTAGONISTS AND RELATED AGENTS",2019-11-29,2019-11-07,"Business reasons",2019-06-12,2019-11-30,No
86436,02382423,Discontinuation,BICALUTAMIDE,"SIVEM PHARMACEUTICALS ULC",BICALUTAMIDE,BICALUTAMIDE,50MG,100,ORAL,Discontinued,TABLET,L02BB,"HORMONE ANTAGONISTS AND RELATED AGENTS",2020-02-18,2019-12-01,"Business reasons",2019-06-12,2020-02-21,No
285113,02555093,Discontinuation,BICNU,"MARCAN PHARMACEUTICALS INC","CARMUSTINE FOR INJECTION",CARMUSTINE,100MG,"vial x 100mg",INTRAVENOUS,Discontinued,SOLUTION,L01AD,ALKYLATINGAGENTS,2026-03-11,2026-03-11,"Business reasons",2026-05-13,2026-05-13,No
266592,02230897,Discontinuation,BILTRICIDE,"BAYER INC",PRAZIQUANTEL,PRAZIQUANTEL,600MG,6's,"ORAL; ORAL",Discontinued,TABLET,P02BA,ANTITREMATODALS,2025-09-04,,"Business reasons",2025-09-04,2025-09-05,No
71090,02374943,Discontinuation,BISACODYL,"APOTEX INC","BISACODYL DR TAB 5MG",BISACODYL,5MG,"100 BTL & 30 BLS",ORAL,Discontinued,"TABLET (DELAYED-RELEASE)",A06AB,"DRUGS FOR CONSTIPATION",2018-01-03,,"Business reasons",2019-01-03,2019-01-03,No
150359,00807788,Discontinuation,BLEPHAMIDE,"ALLERGAN INC","Sulfacetamide/Prednisolone suspension","PREDNISOLONE ACETATE; SULFACETAMIDE SODIUM","0.2%; 10%","5mL and 10mL","OPHTHALMIC; OPHTHALMIC","To be discontinued",DROPS,S01CA,"ANTIINFLAMMATORY AGENTS AND ANTIINFECTIVES IN COMB",,2022-01-31,"Business reasons",2021-12-02,2021-12-02,No
90343,00307246,Discontinuation,"BLEPHAMIDE S.O.P.","ALLERGAN INC","BLEPHAMIDE SOP 10%, 0.2% Oph Sol","PREDNISOLONE ACETATE; SULFACETAMIDE SODIUM","0.2%; 10%",3.5g,OPHTHALMIC,Discontinued,OINTMENT,S01CA,"ANTIINFLAMMATORY AGENTS AND ANTIINFECTIVES IN COMB",2019-07-15,2019-07-15,"Business reasons",2019-07-31,2019-07-31,No
143216,02245464,Discontinuation,BLES,"BLES BIOCHEMICALS INC","bovine lipid extract surfactant","SURFACTANT-ASSOCIATED PROTEINS SP-B AND SP-C; PHOSPHOLIPID","500MCG; 27MG","4 mL","INTRATRACHEAL; INTRATRACHEAL",Discontinued,SUSPENSION,R07AA,"OTHER RESPIRATORY SYSTEM PRODUCTS",2021-12-31,2021-12-31,"Business reasons",2021-07-29,2022-01-04,No
96619,02171937,Discontinuation,"BLUE COLLYRIUM","SANDOZ CANADA INCORPORATED","BLUE COLLYRIUM",,,"10 vials",,Discontinued,,,,2012-12-31,,"Business reasons",2019-10-15,2019-10-15,No
28705,01984845,Discontinuation,BONEFOS,"BAYER INC","clodronate disodium","CLODRONATE DISODIUM",400MG,120,ORAL,Discontinued,CAPSULE,M05BA,"DRUGS AFFECTING BONE STRUCTURE AND MINERALIZATION",2018-03-27,2018-03-31,"Business reasons",2017-11-09,2018-04-02,No
28707,01984837,Discontinuation,BONEFOS,"BAYER INC","clodronate disodium","CLODRONATE DISODIUM",60MG,5,INTRAVENOUS,Discontinued,SOLUTION,M05BA,"DRUGS AFFECTING BONE STRUCTURE AND MINERALIZATION",2018-12-27,,"Business reasons",2017-11-09,2019-01-04,No
256094,02423405,Discontinuation,"BORTEZOMIB FOR INJECTION","TEVA CANADA LIMITED","BORTEZOMIB FOR INJECTION 3.5MG",BORTEZOMIB,3.5MG,1,"SUBCUTANEOUS; INTRAVENOUS; SUBCUTANEOUS; INTRAVENOUS",Discontinued,"POWDER FOR SOLUTION",L01XG,,2025-04-07,,"Business reasons",2025-04-29,2025-04-29,No
280595,02503352,Discontinuation,"BORTEZOMIB FOR INJECTION SDZ","SANDOZ CANADA INCORPORATED","BORTEZOMIB FOR INJECTION",BORTEZOMIB,3.5MG,1LYVI,"SUBCUTANEOUS; INTRAVENOUS",Discontinued,"POWDER FOR SOLUTION",L01XG,,2026-03-16,,"Business reasons",2026-03-16,2026-03-19,No
90130,02268140,Discontinuation,BRAVELLE,"FERRING INC","UROFOLLITROPIN FOR INJECTION, PURIFIED",,,"75 IU",,Discontinued,,,,2019-07-18,,"Business reasons",2019-07-29,2019-07-29,No
31958,02185377,Discontinuation,"BRETYLIUM TOSYLATE INJECTION USP","SANDOZ CANADA INCORPORATED",bretylium,"BRETYLIUM TOSYLATE",50MG,"5 x 10ML VIALS","INTRAMUSCULAR; INTRAVENOUS",Discontinued,SOLUTION,C01BD,"ANTIARRHYTHMICS, CLASS I AND III",2017-12-04,,"Manufacturing issues",2017-12-06,2017-12-06,No
110288,02185377,Discontinuation,"BRETYLIUM TOSYLATE INJECTION USP","SANDOZ CANADA INCORPORATED","BRETYLIUM TOSYLATE",,,"5 X 10ml",,Discontinued,,,,2017-11-28,,"Business reasons",2020-04-01,2020-04-01,No
253339,02515377,Discontinuation,"BRIMONIDINE TARTRATE OPHTHALMIC SOLUTION","HIKMA CANADA LIMITED","BRIMONIDINE TARTRATE OPHTHALMIC SOLUTION","BRIMONIDINE TARTRATE",0.2%,5mL,OPHTHALMIC,Discontinued,SOLUTION,S01EA,"ANTIGLAUCOMA PREPARATIONS AND MIOTICS",2025-04-01,2025-04-01,"Business reasons",2025-03-24,2025-04-07,No
253342,02515377,Discontinuation,"BRIMONIDINE TARTRATE OPHTHALMIC SOLUTION","HIKMA CANADA LIMITED","BRIMONIDINE TARTRATE OPHTHALMIC SOLUTION","BRIMONIDINE TARTRATE",0.2%,10mL,OPHTHALMIC,Discontinued,SOLUTION,S01EA,"ANTIGLAUCOMA PREPARATIONS AND MIOTICS",2025-04-01,,"Business reasons",2025-03-24,2025-04-02,No
81121,02220520,Discontinuation,"BROMAZEPAM-3 - TAB 3MG","PRO DOC LIMITEE","BROMAZEPAM-3 TAB 3MG",BROMAZEPAM,3MG,500,ORAL,Discontinued,TABLET,N05BA,ANXIOLYTICS,2019-04-10,,"Business reasons",2019-04-10,2019-04-11,No
81471,02220539,Discontinuation,"BROMAZEPAM-6 - TAB 6MG","PRO DOC LIMITEE","BROMAZEPAM-6 - TAB 6MG",BROMAZEPAM,6MG,500,ORAL,Discontinued,TABLET,N05BA,ANXIOLYTICS,2019-06-27,2019-07-02,"Business reasons",2019-04-11,2019-06-28,No
274162,02460645,Discontinuation,"BUPIVACAINE HYDROCHLORIDE IN DEXTROSE INJECTION USP","STERIMAX INC","BUPIVACAINE HYDROCHLORIDE IN DEXTROSE INJECTION USP","BUPIVACAINE HYDROCHLORIDE",7.5MG,"10 ampoules x 2mL","INTRASPINAL; INTRASPINAL",Discontinued,SOLUTION,N01BB,"ANESTHETICS, LOCAL",2026-06-30,,"Business reasons",2025-12-11,2026-09-10,No
216017,02504979,Discontinuation,"BUPIVACAINE HYDROCHLORIDE INJECTION, USP","STERIMAX INC","BUPIVACAINE HYDROCHLORIDE INJECTION USP","BUPIVACAINE HYDROCHLORIDE",7.5MG,"10 VIALS","RETROBULBAR; EPIDURAL",Discontinued,SOLUTION,N01BB,"ANESTHETICS, LOCAL",2024-05-31,2024-05-31,"Business reasons",2024-01-15,2024-06-01,No
138995,02331616,Discontinuation,"BUPROPION SR","PRO DOC LIMITEE","BUPROPION SR","BUPROPION HYDROCHLORIDE",100MG,60,"ORAL; ORAL",Discontinued,"TABLET (EXTENDED-RELEASE)",N06AX,ANTIDEPRESSANTS,2021-06-28,2021-06-30,"Business reasons",2021-05-07,2021-06-29,No
138998,02325357,Discontinuation,"BUPROPION SR","PRO DOC LIMITEE","BUPROPION SR","BUPROPION HYDROCHLORIDE",150MG,60,"ORAL; ORAL",Discontinued,"TABLET (EXTENDED-RELEASE)",N06AX,ANTIDEPRESSANTS,2021-06-07,2021-06-30,"Business reasons",2021-05-07,2021-06-08,No
151302,02391562,Discontinuation,"BUPROPION SR","SANIS HEALTH INC",BUPROPION,"BUPROPION HYDROCHLORIDE",100MG,60,"ORAL; ORAL",Discontinued,"TABLET (EXTENDED-RELEASE)",N06AX,ANTIDEPRESSANTS,2021-12-16,,"Business reasons",2021-12-16,2021-12-17,No
151307,02391570,Discontinuation,"BUPROPION SR","SANIS HEALTH INC",BUPROPION,"BUPROPION HYDROCHLORIDE",150MG,60,"ORAL; ORAL",Discontinued,"TABLET (EXTENDED-RELEASE)",N06AX,ANTIDEPRESSANTS,2021-12-16,,"Business reasons",2021-12-16,2021-12-17,No
120940,02240602,Discontinuation,BUSULFEX,"OTSUKA PHARMACEUTICAL CO LTD",busulfex,BUSULFAN,60MG,"6mg/mL, 10 mL vial","INTRAVENOUS; INTRAVENOUS",Discontinued,SOLUTION,L01AB,ALKYLATINGAGENTS,2020-09-01,2020-09-01,"Business reasons",2020-07-23,2020-09-02,No
153603,02448610,Discontinuation,BYDUREON,"ASTRAZENECA CANADA INC","exenatide for extended-release injectable suspension",EXENATIDE,2MG,"4 single dose pens","SUBCUTANEOUS; SUBCUTANEOUS",Discontinued,"KIT; POWDER FOR SUSPENSION, EXTENDED-RELEASE",A10BJ,"BLOOD GLUCOSE LOWERING DRUGS, EXCL. INSULINS",2022-03-31,2022-03-31,"Business reasons",2022-01-26,2022-04-01,No
154100,02361809,Discontinuation,BYETTA,"ASTRAZENECA CANADA INC","exenatide injection",EXENATIDE,5MCG,"single 1.2 mL prefilled pen (5mcg per dose) per carton","SUBCUTANEOUS; SUBCUTANEOUS",Discontinued,SOLUTION,A10BJ,"BLOOD GLUCOSE LOWERING DRUGS, EXCL. INSULINS",2022-01-06,2022-07-31,"Business reasons",2022-02-02,2022-07-27,No
154103,02361817,Discontinuation,BYETTA,"ASTRAZENECA CANADA INC","exenatide injection",EXENATIDE,10MCG,"single 2.4 mL prefilled pen (10 mcg per dose) per carton","SUBCUTANEOUS; SUBCUTANEOUS",Discontinued,SOLUTION,A10BJ,"BLOOD GLUCOSE LOWERING DRUGS, EXCL. INSULINS",2022-01-31,2022-01-31,"Business reasons",2022-02-02,2022-02-02,No
247940,02496194,Discontinuation,CABLIVI,"SANOFI-AVENTIS CANADA INC",CAPLACIZUMAB,CAPLACIZUMAB,11MG,"1 vial/box","SUBCUTANEOUS; INTRAVENOUS",Discontinued,"POWDER FOR SOLUTION; KIT",B01AX,,2025-01-14,2025-01-14,"Business reasons",2025-01-16,2025-01-16,No
248053,02496194,Discontinuation,CABLIVI,"SANOFI-AVENTIS CANADA INC",CAPLACIZUMAB,CAPLACIZUMAB,11MG,"1 vial/box","SUBCUTANEOUS; INTRAVENOUS",Discontinued,"POWDER FOR SOLUTION; KIT",B01AX,,2025-01-14,2025-01-14,"Business reasons",2025-01-17,2025-01-17,No
279452,01926691,Discontinuation,CALCIMAR,"SANOFI-AVENTIS CANADA INC",CALCITONIN,CALCITONIN,200UNIT,1,"SUBCUTANEOUS; INTRAMUSCULAR; SUBCUTANEOUS; INTRAMUSCULAR",Discontinued,SOLUTION,H05BA,"ANTI-PARATHYROID HORMONES",2026-08-27,2026-08-30,"Other (Please describe in comments)",2026-03-02,2026-09-10,Yes
265641,00294748,Discontinuation,"CALCIUM CHLORIDE INJECTION USP","PFIZER CANADA ULC","CALCIUM CHLORIDE INJECTION USP","CALCIUM CHLORIDE",100MG,"10x10mL LifeShield","INTRAVENOUS; INTRAVENOUS",Discontinued,SOLUTION,B05XA,"I.V. SOLUTION ADDITIVES",2025-08-18,,"Business reasons",2025-08-19,2025-08-19,No
231574,02198630,Discontinuation,"CALMYLIN ACE","TEVA CANADA LIMITED","CALMYLIN ACE","CODEINE PHOSPHATE; PHENIRAMINE MALEATE; GUAIFENESIN","10MG; 7.5MG; 100MG",1L,"ORAL; ORAL",Discontinued,SYRUP,R05FA,"COUGH SUPPRESSANTS AND EXPECTORANTS, COMBINATIONS",2024-06-28,2024-06-28,"Business reasons",2024-06-28,2024-06-29,No
273084,02244265,Discontinuation,CANCIDAS,"MERCK CANADA INC","caspofungin for injection (as caspofungin acetate)",CASPOFUNGIN,50MG,10x,"INTRAVENOUS; INTRAVENOUS",Discontinued,"POWDER FOR SOLUTION",J02AX,"ANTIMYCOTICS FOR SYSTEMIC USE",2026-04-14,2026-04-17,"Business reasons",2025-12-02,2026-04-15,No
273087,02244266,Discontinuation,CANCIDAS,"MERCK CANADA INC","caspofungin for injection (as caspofungin acetate)",CASPOFUNGIN,70MG,10x,"INTRAVENOUS; INTRAVENOUS","To be discontinued","POWDER FOR SOLUTION",J02AX,"ANTIMYCOTICS FOR SYSTEMIC USE",,2027-01-01,"Business reasons",2025-12-02,2026-07-17,No
12033,02388693,Discontinuation,CANDESARTAN,"SIVEM PHARMACEUTICALS ULC",CANDESARTAN,"CANDESARTAN CILEXETIL",4MG,30,ORAL,Discontinued,TABLET,C09CA,"ANGIOTENSIN II ANTAGONISTS, PLAIN",2017-06-06,,"Business reasons",2017-06-06,2017-06-07,No
37443,00589500,Discontinuation,CANTHACUR-PS,"PALADIN LABS INC",Canthacur,"SALICYLIC ACID; CANTHARIDIN; PODOPHYLLIN","30%; 1%; 5%",7.5ml,TOPICAL,Discontinued,LIQUID,D11AF,"OTHER DERMATOLOGICAL PREPARATIONS",2018-01-26,,"Manufacturing issues",2018-01-26,2018-01-27,No
108505,02413604,Discontinuation,"CARBAMAZEPINE CR","PRO DOC LIMITEE",CARBAMAZEPINE,CARBAMAZEPINE,400MG,100,ORAL,Discontinued,"TABLET (EXTENDED-RELEASE)",N03AF,ANTIEPILEPTICS,2020-03-11,,"Business reasons",2020-03-11,2020-03-12,No
108510,02413590,Discontinuation,"CARBAMAZEPINE CR","PRO DOC LIMITEE",CARBAMAZEPINE,CARBAMAZEPINE,200MG,100,ORAL,Discontinued,"TABLET (EXTENDED-RELEASE)",N03AF,ANTIEPILEPTICS,2020-03-11,,"Business reasons",2020-03-11,2020-03-12,No
204402,02474182,Discontinuation,"CARBOCAINE 2% WITH NEO-COBEFRIN","NOVOCOL PHARMACEUTICAL OF CANADA INC","CORBADRINE & MEPIVACAINE HCl solution","CORBADRINE; MEPIVACAINE HYDROCHLORIDE","0.05MG; 20MG","Box of 50 Cartridges of 1.8 mL each","BLOCK/INFILTRATION; BLOCK/INFILTRATION",Discontinued,SOLUTION,N01BB,"ANESTHETICS, LOCAL",2023-03-20,,"Raw material availability",2023-09-15,2023-09-15,No
247345,00236683,Discontinuation,CARBOLITH,"BAUSCH HEALTH, CANADA INC.",CARBOLITH,"LITHIUM CARBONATE",300MG,100's,"ORAL; ORAL",Discontinued,CAPSULE,N05AN,ANTIPSYCHOTICS,2024-11-21,,"Business reasons",2025-01-09,2025-01-09,No
247352,00236683,Discontinuation,CARBOLITH,"BAUSCH HEALTH, CANADA INC.",CARBOLITH,"LITHIUM CARBONATE",300MG,1000's,"ORAL; ORAL",Discontinued,CAPSULE,N05AN,ANTIPSYCHOTICS,2024-10-18,,"Business reasons",2025-01-09,2025-01-09,No
247417,00461733,Discontinuation,CARBOLITH,"BAUSCH HEALTH, CANADA INC.",CARBOLITH,"LITHIUM CARBONATE",150MG,100's,"ORAL; ORAL",Discontinued,CAPSULE,N05AN,ANTIPSYCHOTICS,2025-01-20,2025-02-14,"Business reasons",2025-01-10,2025-01-23,No
247420,02011239,Discontinuation,CARBOLITH,"BAUSCH HEALTH, CANADA INC.",CARBOLITH,"LITHIUM CARBONATE",600MG,100's,"ORAL; ORAL",Discontinued,CAPSULE,N05AN,ANTIPSYCHOTICS,2025-01-07,,"Business reasons",2025-01-10,2025-01-10,No
44235,01958100,Discontinuation,"CARDURA-1 TAB 1MG","PFIZER CANADA INC",Cardura,DOXAZOSIN,1MG,100's,ORAL,Discontinued,TABLET,C02CA,"ANTIADRENERGIC AGENTS, PERIPHERALLY ACTING",2018-09-30,,"Business reasons",2018-03-29,2018-12-19,No
44240,01958097,Discontinuation,"CARDURA-2 TAB 2MG","PFIZER CANADA INC",Cardura,DOXAZOSIN,2MG,100's,ORAL,Discontinued,TABLET,C02CA,"ANTIADRENERGIC AGENTS, PERIPHERALLY ACTING",2018-09-30,,"Business reasons",2018-03-29,2018-12-19,No
44245,01958119,Discontinuation,"CARDURA-4 TAB 4MG","PFIZER CANADA INC",Cardura,DOXAZOSIN,4MG,100's,ORAL,Discontinued,TABLET,C02CA,"ANTIADRENERGIC AGENTS, PERIPHERALLY ACTING",2018-09-30,,"Business reasons",2018-03-29,2018-12-19,No
231878,02184478,Discontinuation,CASODEX,"ASTRAZENECA CANADA INC",bicalutamide,BICALUTAMIDE,50MG,"30 tablets","ORAL; ORAL",Discontinued,TABLET,L02BB,"HORMONE ANTAGONISTS AND RELATED AGENTS",2025-02-06,2025-02-14,"Business reasons",2024-07-02,2025-02-07,No
290347,02486997,Discontinuation,"CASPOFUNGIN FOR INJECTION","FRESENIUS KABI CANADA LTD","Caspofungin for Injection 70 mg Vial 10 mL",CASPOFUNGIN,70MG,"70 mg, 10 mL Vial","INTRAVENOUS; INTRAVENOUS","To be discontinued","POWDER FOR SOLUTION",J02AX,"ANTIMYCOTICS FOR SYSTEMIC USE",,2027-03-01,"Business reasons",2026-07-31,2026-08-13,No
48137,00360414,Discontinuation,CEENU,"BRISTOL-MYERS SQUIBB CANADA",Lomustine,LOMUSTINE,100MG,"1 BTL x 20",ORAL,Discontinued,CAPSULE,L01AD,ALKYLATINGAGENTS,2019-09-30,2019-08-30,"Business reasons",2018-05-02,2026-02-02,Yes
137687,00360430,Discontinuation,CEENU,"BRISTOL-MYERS SQUIBB CANADA",Lomustine,LOMUSTINE,10MG,1X20BTL,"ORAL; ORAL",Discontinued,CAPSULE,L01AD,ALKYLATINGAGENTS,2025-11-15,2025-11-15,"Business reasons",2021-04-19,2026-02-11,Yes
137690,00360422,Discontinuation,CEENU,"BRISTOL-MYERS SQUIBB CANADA",Lomustine,LOMUSTINE,40MG,1X20BTL,"ORAL; ORAL",Discontinued,CAPSULE,L01AD,ALKYLATINGAGENTS,2025-12-15,2025-12-15,"Business reasons",2021-04-19,2026-02-11,Yes
91175,02108119,Discontinuation,"CEFAZOLIN FOR INJECTION","TEVA CANADA LIMITED",CEFAZOLIN,CEFAZOLIN,0.5G,10PK,"INTRAMUSCULAR; INTRAVENOUS",Discontinued,"POWDER FOR SOLUTION",J01DB,"OTHER BETA-LACTAM ANTIBACTERIALS",2019-07-31,,"Business reasons",2019-08-08,2019-08-08,No
211558,02108135,Discontinuation,"CEFAZOLIN FOR INJECTION","TEVA CANADA LIMITED","CEFAZOLIN FOR INJECTION",CEFAZOLIN,10G,1,"INTRAVENOUS; INTRAVENOUS",Discontinued,"POWDER FOR SOLUTION",J01DB,"OTHER BETA-LACTAM ANTIBACTERIALS",2023-03-31,2023-03-31,"Business reasons",2023-11-27,2023-11-27,No
115088,02240773,Discontinuation,"CEFOXITIN FOR INJECTION","TEVA CANADA LIMITED","CEFOXITIN INJECTION 10 GRAM",CEFOXITIN,10G,1,"INTRAMUSCULAR; INTRAVENOUS; INTRAMUSCULAR; INTRAVENOUS",Discontinued,"POWDER FOR SOLUTION",J01DC,"OTHER BETA-LACTAM ANTIBACTERIALS",2020-05-08,2020-05-08,"Business reasons",2020-05-14,2020-05-14,No
121046,02212277,Discontinuation,"CEFTIN - TAB 250MG","GLAXOSMITHKLINE INC","Cefuroxime axetil tablet",CEFUROXIME,250MG,"All pack sizes / Tous les formats",ORAL,Discontinued,TABLET,J01DC,"OTHER BETA-LACTAM ANTIBACTERIALS",2020-07-20,,"Business reasons",2020-07-24,2020-07-24,No
121049,02212285,Discontinuation,"CEFTIN - TAB 500MG","GLAXOSMITHKLINE INC","Cefuroxime axetil tablet",CEFUROXIME,500MG,"All pack sizes / Tous les formats",ORAL,Discontinued,TABLET,J01DC,"OTHER BETA-LACTAM ANTIBACTERIALS",2020-07-20,,"Business reasons",2020-07-24,2020-07-24,No
133886,02287633,Discontinuation,"CEFTRIAXONE SODIUM FOR INJECTION","TEVA CANADA LIMITED","CEFTRIAXONE SODIUM INJ 1GM",CEFTRIAXONE,1G,10,"INTRAMUSCULAR; INTRAVENOUS; INTRAMUSCULAR; INTRAVENOUS",Discontinued,"POWDER FOR SOLUTION",J01DD,"OTHER BETA-LACTAM ANTIBACTERIALS",2021-02-05,,"Business reasons",2021-02-12,2021-02-12,No
258359,02287633,Discontinuation,"CEFTRIAXONE SODIUM FOR INJECTION","TEVA CANADA LIMITED","CEFTRIAXONE SODIUM FOR INJECTION",CEFTRIAXONE,1G,10,"INTRAVENOUS; INTRAMUSCULAR; INTRAVENOUS; INTRAMUSCULAR",Discontinued,"POWDER FOR SOLUTION",J01DD,"OTHER BETA-LACTAM ANTIBACTERIALS",2021-02-05,,"Business reasons",2025-05-27,2025-05-27,No
258691,02287668,Discontinuation,"CEFTRIAXONE SODIUM FOR INJECTION","TEVA CANADA LIMITED","CEFTRIAXONE SODIUM FOR INJECTION",CEFTRIAXONE,10G,1,"INTRAVENOUS; INTRAMUSCULAR; INTRAVENOUS; INTRAMUSCULAR",Discontinued,"POWDER FOR SOLUTION",J01DD,"OTHER BETA-LACTAM ANTIBACTERIALS",2020-01-23,,"Business reasons",2025-05-28,2025-05-28,No
136900,02250306,Discontinuation,"CEFTRIAXONE SODIUM FOR INJECTION BP","PFIZER CANADA ULC","Ceftriaxone Sodium For Injection",CEFTRIAXONE,2G,"10 x 2g","INTRAMUSCULAR; INTRAVENOUS; INTRAMUSCULAR; INTRAVENOUS",Discontinued,"POWDER FOR SOLUTION",J01DD,"OTHER BETA-LACTAM ANTIBACTERIALS",2021-04-05,,"Business reasons",2021-04-05,2021-04-06,No
198235,02250292,Discontinuation,"CEFTRIAXONE SODIUM FOR INJECTION BP","PFIZER CANADA ULC","CEFTRIAXONE SODIUM FOR INJECTION BP",CEFTRIAXONE,1G,"10 x 1g vial","INTRAVENOUS; INTRAMUSCULAR; INTRAVENOUS; INTRAMUSCULAR",Discontinued,"POWDER FOR SOLUTION",J01DD,"OTHER BETA-LACTAM ANTIBACTERIALS",2023-07-10,,"Business reasons",2023-07-11,2023-07-11,No
198238,02250276,Discontinuation,"CEFTRIAXONE SODIUM FOR INJECTION BP","PFIZER CANADA ULC","CEFTRIAXONE SODIUM FOR INJECTION BP",CEFTRIAXONE,250MG,"10 x 250mg vial","INTRAVENOUS; INTRAMUSCULAR; INTRAVENOUS; INTRAMUSCULAR",Discontinued,"POWDER FOR SOLUTION",J01DD,"OTHER BETA-LACTAM ANTIBACTERIALS",2023-07-10,,"Business reasons",2023-07-11,2023-07-11,No
274173,02325594,Discontinuation,"CEFTRIAXONE SODIUM FOR INJECTION BP","STERIMAX INC","CEFTRIAXONE SODIUM FOR INJECTION BP",CEFTRIAXONE,250MG,"10 VIALS","INTRAVENOUS; INTRAMUSCULAR; INTRAVENOUS; INTRAMUSCULAR",Discontinued,"POWDER FOR SOLUTION",J01DD,"OTHER BETA-LACTAM ANTIBACTERIALS",2026-05-31,,"Business reasons",2025-12-11,2026-09-10,No
11847,02163675,Discontinuation,"CEFZIL POWDER FOR ORAL SUSPENSION-125MG/5ML","BRISTOL-MYERS SQUIBB CANADA",Cefprozil,CEFPROZIL,125MG,"1 BTL X 75 mL and 1 BTL X 100 ML",ORAL,Discontinued,"POWDER FOR SOLUTION",J01DC,"OTHER BETA-LACTAM ANTIBACTERIALS",2017-12-29,,"Business reasons",2017-06-05,2017-12-30,No
1670,02163683,Discontinuation,"CEFZIL POWDER FOR ORAL SUSPENSION-250MG/5ML","BRISTOL-MYERS SQUIBB CANADA",Cefprozil,CEFPROZIL,250mg,"1BTL x 75ml",Oral,Discontinued,"Powder for Solution",J01DC,"OTHER BETA-LACTAM ANTIBACTERIALS",2017-08-22,2017-08-11,"Business reasons",2017-03-13,2017-08-25,No
1685,02163683,Discontinuation,"CEFZIL POWDER FOR ORAL SUSPENSION-250MG/5ML","BRISTOL-MYERS SQUIBB CANADA",Cefprozil,CEFPROZIL,250mg,"1 BTL x 100ml",oral,Discontinued,"Powder for solution",J01DC,"OTHER BETA-LACTAM ANTIBACTERIALS",2017-08-23,2017-08-31,"Business reasons",2017-03-13,2017-08-25,No
3068,02163659,Discontinuation,"CEFZIL TABLETS - 250MG","BRISTOL-MYERS SQUIBB CANADA",Cefprozil,CEFPROZIL,250MG,"1 BTL x 100",ORAL,Discontinued,TABLET,J01DC,"OTHER BETA-LACTAM ANTIBACTERIALS",2017-06-30,,"Business reasons",2017-03-16,2017-07-01,No
3074,02163667,Discontinuation,"CEFZIL TABLETS - 500MG","BRISTOL-MYERS SQUIBB CANADA",Cefprozil,CEFPROZIL,500MG,"1 BTL X 100",ORAL,Discontinued,TABLET,J01DC,"OTHER BETA-LACTAM ANTIBACTERIALS",2017-07-31,,"Business reasons",2017-03-16,2017-08-01,No
164646,00828866,Discontinuation,CEPHALEXIN-500,"PRO DOC LIMITEE","CEPHALEXIN 500",CEPHALEXIN,500MG,500,"ORAL; ORAL",Discontinued,TABLET,J01DB,"OTHER BETA-LACTAM ANTIBACTERIALS",2022-07-14,,"Business reasons",2022-07-14,2022-07-15,No
284272,02312263,Discontinuation,CESAMET,"BAUSCH HEALTH, CANADA INC.",CESAMET,NABILONE,0.25MG,"50 caps","ORAL; ORAL",Discontinued,CAPSULE,A04AD,"ANTIEMETICS AND ANTINAUSEANTS",2026-05-30,2026-09-30,"Business reasons",2026-05-04,2026-06-03,No
227046,02291177,Discontinuation,CHAMPIX,"PFIZER CANADA ULC",champix,VARENICLINE,0.5MG,"56 count bottle","ORAL; ORAL",Discontinued,TABLET,N07BA,"DRUGS USED IN ADDICTIVE DISORDERS",2024-04-11,,"Business reasons",2024-05-03,2024-05-03,No
227049,02291185,Discontinuation,CHAMPIX,"PFIZER CANADA ULC",champix,VARENICLINE,1MG,"2x28 Blisters","ORAL; ORAL",Discontinued,TABLET,N07BA,"DRUGS USED IN ADDICTIVE DISORDERS",2024-04-11,,"Business reasons",2024-05-03,2024-05-03,No
227052,02298309,Discontinuation,CHAMPIX,"PFIZER CANADA ULC",champix,"VARENICLINE; VARENICLINE","1MG; 0.5MG","1x11; 3x14","ORAL; ORAL",Discontinued,"TABLET; KIT",N07BA,"DRUGS USED IN ADDICTIVE DISORDERS",2024-04-11,,"Business reasons",2024-05-03,2024-05-03,No
118017,00632333,Discontinuation,"CHARCODOTE SUSP 200MG/ML","PHARMASCIENCE INC",Charcoal,"CHARCOAL ACTIVATED",200MG,"250 mL",ORAL,Discontinued,SUSPENSION,A07BA,INTESTINALADSORBENTS,2020-06-15,,"Business reasons",2020-06-16,2020-06-16,No
153244,00618454,Discontinuation,CHLORAX,"AA PHARMA INC",CHLORAX,"CLIDINIUM BROMIDE; CHLORDIAZEPOXIDE HYDROCHLORIDE","2.5MG; 5MG","100 Bottle","ORAL; ORAL",Discontinued,CAPSULE,A03CA,"ANTISPASMODICS IN COMBINATION WITH PSYCHOLEPTICS",2022-01-20,2022-01-20,"Raw material availability",2022-01-20,2022-01-21,No
231340,00522988,Discontinuation,CHLORDIAZEPOXIDE,"AA PHARMA INC",CHLORDIAZEPOXIDE,"CHLORDIAZEPOXIDE HYDROCHLORIDE",10MG,100BTL,"ORAL; ORAL",Discontinued,CAPSULE,N05BA,ANXIOLYTICS,2024-06-26,,"Business reasons",2024-06-26,2024-06-27,No
231343,00522724,Discontinuation,CHLORDIAZEPOXIDE,"AA PHARMA INC",CHLORDIAZEPOXIDE,"CHLORDIAZEPOXIDE HYDROCHLORIDE",5MG,100BTL,"ORAL; ORAL",Discontinued,CAPSULE,N05BA,ANXIOLYTICS,2024-06-26,,"Business reasons",2024-06-26,2024-06-27,No
231348,00522996,Discontinuation,CHLORDIAZEPOXIDE,"AA PHARMA INC",CHLORDIAZEPOXIDE,"CHLORDIAZEPOXIDE HYDROCHLORIDE",25MG,100BTL,"ORAL; ORAL",Discontinued,CAPSULE,N05BA,ANXIOLYTICS,2026-05-11,,"Business reasons",2024-06-26,2026-05-13,No
32713,00476366,Discontinuation,"CHOLEDYL ELIXIR 100MG/5ML","ERFA CANADA 2012 INC",CHOLEDYL,,,"500 ML",,Discontinued,,,,2017-12-12,,"Business reasons",2017-12-13,2018-02-07,No
147555,00476374,Discontinuation,"CHOLEDYL EXPECTORANT ELIXIR","ERFA CANADA 2012 INC","CHOLEDYL ELIXIR EXPECTORANT","GUAIFENESIN; OXTRIPHYLLINE","50MG; 100MG",500ML,"ORAL; ORAL",Discontinued,ELIXIR,R03DA,"OTHER SYSTEMIC DRUGS FOR OBSTRUCTIVE AIRWAY DISEASES",2021-10-19,2021-10-14,"Manufacturing issues",2021-10-19,2021-10-20,No
4918,02350971,Discontinuation,CILAZAPRIL,"SANIS HEALTH INC","CILAZAPRIL TABS",CILAZAPRIL,2.5MG,100,ORAL,Discontinued,TABLET,C09AA,"ACE INHIBITORS, PLAIN",2014-01-28,,"Business reasons",2017-03-31,2017-03-31,No
17969,02350963,Discontinuation,CILAZAPRIL,"SANIS HEALTH INC","CILAZAPRIL TABS",CILAZAPRIL,1MG,100,ORAL,Discontinued,TABLET,C09AA,"ACE INHIBITORS, PLAIN",2011-11-30,,"Business reasons",2017-08-02,2017-08-02,No
277965,01945270,Discontinuation,CILOXAN,"NOVARTIS PHARMACEUTICALS CANADA INC","CILOXAN 0.3% SOLN 5ML",CIPROFLOXACIN,0.3%,1,"OPHTHALMIC; OPHTHALMIC","To be discontinued",SOLUTION,S03AA,ANTIINFECTIVES,,2026-03-23,"Business reasons",2026-02-12,2026-02-12,No
26432,02391449,Discontinuation,"CIPRALEX MELTZ","LUNDBECK CANADA INC",Escitalopram,ESCITALOPRAM,10MG,"Blister pack of 30 tablets / Plaquette alvéolée de 30 comprimés",ORAL,Discontinued,"TABLET (ORALLY DISINTEGRATING)",N06AB,ANTIDEPRESSANTS,2018-06-15,2018-06-15,"Business reasons",2017-10-20,2018-07-24,No
26436,02391457,Discontinuation,"CIPRALEX MELTZ","LUNDBECK CANADA INC",Escitalopram,ESCITALOPRAM,20MG,"Blister pack of 30 tablets / Plaquette alvéolée de 30 comprimés",ORAL,Discontinued,"TABLET (ORALLY DISINTEGRATING)",N06AB,ANTIDEPRESSANTS,2018-06-15,2018-06-15,"Business reasons",2017-10-20,2018-07-24,No
32228,02155958,Discontinuation,CIPRO,"BAYER INC",Ciprofloxacin,CIPROFLOXACIN,250MG,100,ORAL,Discontinued,TABLET,J01MA,"QUINOLONE ANTIBACTERIALS",2018-08-09,2018-08-15,"Business reasons",2017-12-08,2018-10-03,No
32233,02155974,Discontinuation,CIPRO,"BAYER INC",Ciprofloxacin,CIPROFLOXACIN,750MG,100,ORAL,Discontinued,TABLET,J01MA,"QUINOLONE ANTIBACTERIALS",2018-12-10,,"Business reasons",2017-12-08,2019-01-18,No
96049,02155966,Discontinuation,CIPRO,"BAYER INC",CIPROFLOXACIN,CIPROFLOXACIN,500MG,100's,ORAL,Discontinued,TABLET,J01MA,"QUINOLONE ANTIBACTERIALS",2020-04-28,2020-04-30,"Business reasons",2019-10-10,2020-04-30,No
286549,02237514,Discontinuation,"CIPRO ORAL SUSPENSION","BAYER INC","CIPROFLOXACIN ORAL SUSPENSION",CIPROFLOXACIN,500MG,"100 ML","ORAL; ORAL","To be discontinued",SUSPENSION,J01MA,"QUINOLONE ANTIBACTERIALS",,2026-12-05,"Business reasons",2026-06-05,2026-06-05,No
153198,02247916,Discontinuation,"CIPRO XL","BAYER INC",CIPROFLOXACIN,CIPROFLOXACIN,500MG,50'S,"ORAL; ORAL",Discontinued,"TABLET (IMMEDIATE AND EXTENDED RELEASE); TABLET (EXTENDED-RELEASE)",J01MA,"QUINOLONE ANTIBACTERIALS",2022-03-01,2022-01-31,"Business reasons",2022-01-20,2022-03-02,No
153201,02251787,Discontinuation,"CIPRO XL","BAYER INC",CIPROFLOXACIN,CIPROFLOXACIN,1000MG,50's,"ORAL; ORAL",Discontinued,"TABLET (IMMEDIATE AND EXTENDED RELEASE); TABLET (EXTENDED-RELEASE)",J01MA,"QUINOLONE ANTIBACTERIALS",2022-03-01,2022-01-31,"Business reasons",2022-01-20,2022-03-02,No
4924,02353334,Discontinuation,CIPROFLOXACIN,"SANIS HEALTH INC","CIPROFLOXACIN TABS",CIPROFLOXACIN,750MG,50,ORAL,Discontinued,TABLET,J01MA,"QUINOLONE ANTIBACTERIALS",2014-08-06,,"Business reasons",2017-03-31,2017-03-31,No
120710,02301296,Discontinuation,"CIPROFLOXACIN INJECTION","BAXTER CORPORATION","CIPROFLOXACIN INJECTION",CIPROFLOXACIN,2MG,"100mL & 200mL",INTRAVENOUS,Discontinued,SOLUTION,J01MA,"QUINOLONE ANTIBACTERIALS",2020-07-31,2020-07-31,"Raw material availability",2020-07-21,2020-08-17,No
170299,02301903,Discontinuation,"CIPROFLOXACIN INJECTION USP","PFIZER CANADA ULC","CIPROFLOXACIN INJECTION USP",CIPROFLOXACIN,2MG,"24 x 200mL bag","INTRAVENOUS; INTRAVENOUS",Discontinued,SOLUTION,J01MA,"QUINOLONE ANTIBACTERIALS",2022-09-27,,"Business reasons",2022-09-27,2022-09-28,No
170302,02301903,Discontinuation,"CIPROFLOXACIN INJECTION USP","PFIZER CANADA ULC","CIPROFLOXACIN INJECTION USP",CIPROFLOXACIN,2MG,"24 x 100mL bag","INTRAVENOUS; INTRAVENOUS",Discontinued,SOLUTION,J01MA,"QUINOLONE ANTIBACTERIALS",2022-09-30,,"Business reasons",2022-09-27,2022-10-01,No
79693,02425718,Discontinuation,"CISATRACURIUM BESYLATE INJECTION","PFIZER CANADA ULC","Cisatracurium Besylate Injection",CISATRACURIUM,2MG,"10 x 10mL",INTRAVENOUS,Discontinued,SOLUTION,M03AC,"MUSCLE RELAXANTS, PERIPHERALLY ACTING AGENTS",2019-03-25,,"Business reasons",2019-03-28,2019-03-28,No
3103,02225093,Discontinuation,"CLAFORAN - PWS INJ 1.0G/VIAL","SANOFI-AVENTIS CANADA INC","CLAFORAN 1G  X 10 VIALS","CEFOTAXIME SODIUM",1G,"10 VIALS","INTRAMUSCULAR; INTRAVENOUS",Discontinued,"POWDER FOR SOLUTION",J01DD,"OTHER BETA-LACTAM ANTIBACTERIALS",2017-05-01,2017-04-30,"Business reasons",2017-03-16,2017-05-02,No
3685,02225107,Discontinuation,"CLAFORAN - PWS INJ 2.0G/VIAL","SANOFI-AVENTIS CANADA INC","CLAFORAN 2G X 10 VIALS","CEFOTAXIME SODIUM",2G,"10 VIALS","INTRAMUSCULAR; INTRAVENOUS",Discontinued,"POWDER FOR SOLUTION",J01DD,"OTHER BETA-LACTAM ANTIBACTERIALS",2017-04-04,2017-03-31,"Business reasons",2017-03-20,2017-04-05,No
218240,01916858,Discontinuation,"CLAVULIN 500 F TAB","GLAXOSMITHKLINE INC","amoxicillin / clavulanate potassium tablets","CLAVULANIC ACID; AMOXICILLIN","125MG; 500MG","All pack sizes / Tous les formats","ORAL; ORAL",Discontinued,TABLET,J01CR,"BETA-LACTAM ANTIBACTERIALS, PENICILLINS",2024-01-31,,"Business reasons",2024-02-02,2024-02-02,No
216509,02238829,Discontinuation,"CLAVULIN 875","GLAXOSMITHKLINE INC","amoxicillin / clavulanate potassium tablets","CLAVULANIC ACID; AMOXICILLIN","125MG; 875MG","All pack sizes / Tous les formats","ORAL; ORAL",Discontinued,TABLET,J01CR,"BETA-LACTAM ANTIBACTERIALS, PENICILLINS",2024-01-13,,"Business reasons",2024-01-18,2024-01-18,No
28297,02231510,Discontinuation,"CLIMARA 100","BAYER INC","Estradiol - 17B",ESTRADIOL,7.6MG,4's,TRANSDERMAL,Discontinued,PATCH,G03CA,ESTROGENS,2018-07-26,2018-07-31,"Business reasons",2017-11-06,2018-08-14,No
28316,02250616,Discontinuation,"CLIMARA PRO","BAYER INC","estradiol-17 beta and levonorgestrel transdermal system","ESTRADIOL; LEVONORGESTREL","4.40MG; 1.39MG",4's,TRANSDERMAL,Discontinued,PATCH,G03FA,"PROGESTOGENS AND ESTROGENS IN COMBINATION",2017-11-30,2017-12-08,"Business reasons",2017-11-06,2018-01-10,No
4950,02400529,Discontinuation,CLINDAMYCIN,"SANIS HEALTH INC","CLINDAMYCIN CAPS",CLINDAMYCIN,150MG,100,ORAL,Reversed,CAPSULE,J01FF,"MACROLIDES, LINCOSAMIDES AND STREPTOGRAMINS",2013-05-14,,"Business reasons",2017-03-31,2017-07-31,No
4956,02400537,Discontinuation,CLINDAMYCIN,"SANIS HEALTH INC","CLINDAMYCIN CAPS",CLINDAMYCIN,300MG,100,ORAL,Reversed,CAPSULE,J01FF,"MACROLIDES, LINCOSAMIDES AND STREPTOGRAMINS",2013-05-14,,"Business reasons",2017-03-31,2017-07-31,No
107379,02400529,Discontinuation,CLINDAMYCIN,"SANIS HEALTH INC",CLINDAMYCIN,,,100,,Discontinued,,,,2018-03-23,,"Business reasons",2020-02-27,2020-02-27,No
107383,02400537,Discontinuation,CLINDAMYCIN,"SANIS HEALTH INC",CLINDAMYCIN,,,100,,Discontinued,,,,2018-03-28,,"Business reasons",2020-02-27,2020-02-27,No
183710,02485451,Discontinuation,"CLINDAMYCIN INJECTION IN 5% DEXTROSE","BAXTER CORPORATION","CLINDAMYCIN INJECTION IN 5% DEXTROSE (300mg/50mL)",CLINDAMYCIN,300MG,50ml,"INTRAVENOUS; INTRAVENOUS",Discontinued,SOLUTION,J01FF,"MACROLIDES, LINCOSAMIDES AND STREPTOGRAMINS",2023-04-01,2023-04-01,"Business reasons",2023-02-06,2023-04-02,No
12122,02230535,Discontinuation,"CLINDAMYCIN INJECTION USP","SANDOZ CANADA INCORPORATED",CLINDAMYCIN,CLINDAMYCIN,150MG,"120ML VIAL",INTRAVENOUS,Discontinued,LIQUID,J01FF,"MACROLIDES, LINCOSAMIDES AND STREPTOGRAMINS",2017-08-01,2017-08-01,"Business reasons",2017-06-06,2017-10-18,No
108500,02248525,Discontinuation,CLINDAMYCINE-150,"PRO DOC LIMITEE",CLINDAMYCINE,CLINDAMYCIN,150MG,100,ORAL,Discontinued,CAPSULE,J01FF,"MACROLIDES, LINCOSAMIDES AND STREPTOGRAMINS",2020-03-11,,"Business reasons",2020-03-11,2020-03-12,No
108492,02248526,Discontinuation,CLINDAMYCINE-300,"PRO DOC LIMITEE",CLINDAMYCINE,CLINDAMYCIN,300MG,100,ORAL,Discontinued,CAPSULE,J01FF,"MACROLIDES, LINCOSAMIDES AND STREPTOGRAMINS",2020-03-11,,"Business reasons",2020-03-11,2020-03-12,No
22562,02243050,Discontinuation,CLINDETS,"GLAXOSMITHKLINE INC","Clindamycin phosphate solution in pledget",CLINDAMYCIN,1%,"All pack sizes / Tous les formats",TOPICAL,Discontinued,PAD,D10AF,"ANTI-ACNE PREPARATIONS FOR TOPICAL USE",2017-09-14,,"Business reasons",2017-09-19,2017-09-19,No
270515,02243158,Discontinuation,"CLINDOXYL GEL","GLAXOSMITHKLINE INC","clindamycin and benzoyl peroxide gel","BENZOYL PEROXIDE; CLINDAMYCIN","5%; 1%","All pack sizes / Tous les formats","TOPICAL; TOPICAL",Discontinued,GEL,D10AF,"ANTI-ACNE PREPARATIONS FOR TOPICAL USE",2025-11-12,,"Business reasons",2025-10-29,2025-11-14,No
118601,02142279,Discontinuation,CLINIMIX,"BAXTER CORPORATION",CLINIMIX,"HISTIDINE; L-THREONINE; TRYPTOPHAN; L-ALANINE; L-ARGININE; L-PROLINE; SERINE; GLYCINE; L-TYROSINE; DEXTROSE; L-LEUCINE; L-PHENYLALANINE; LYSINE; METHIONINE; L-ISOLEUCINE; L-VALINE","240MG; 210MG; 90MG; 1.04G; 575MG; 340MG; 250MG; 515MG; 20MG; 10G; 365MG; 280MG; 290MG; 200MG; 300MG; 290MG","2000mL (JJ7766P)","INTRAVENOUS; INTRAVENOUS",Discontinued,SOLUTION,B05BA,"I.V. SOLUTIONS",2022-04-19,2022-04-19,"Business reasons",2020-06-22,2022-04-20,No
118612,02142260,Discontinuation,CLINIMIX,"BAXTER CORPORATION",CLINIMIX,"METHIONINE; L-ISOLEUCINE; L-VALINE; HISTIDINE; L-THREONINE; TRYPTOPHAN; L-ALANINE; L-ARGININE; L-PROLINE; SERINE; GLYCINE; L-TYROSINE; DEXTROSE; L-LEUCINE; L-PHENYLALANINE; LYSINE","200MG; 300MG; 290MG; 240MG; 210MG; 90MG; 1.04G; 575MG; 340MG; 250MG; 515MG; 20MG; 16.6G; 365MG; 280MG; 290MG","2000mL (JJ7770)","INTRAVENOUS; INTRAVENOUS",Discontinued,SOLUTION,B05BA,"I.V. SOLUTIONS",2022-12-07,2022-10-15,"Business reasons",2020-06-22,2022-12-08,No
254830,02013886,Discontinuation,CLINIMIX,"BAXTER CORPORATION","5% Amino Acids (Blend B) without Electrolytes in 5% Dextrose Injection","L-ARGININE; GLYCINE; L-ALANINE; METHIONINE; L-LYSINE HYDROCHLORIDE; L-PHENYLALANINE HYDROCHLORIDE; L-LEUCINE HYDROCHLORIDE; DEXTROSE; L-ISOLEUCINE; L-TYROSINE; L-PROLINE; TRYPTOPHAN; L-THREONINE; HISTIDINE; L-VALINE","520MG; 1.04G; 1.04G; 290MG; 290MG; 310MG; 310MG; 5G; 240MG; 20MG; 210MG; 90MG; 210MG; 220MG; 230MG","1000 mL","INTRAVENOUS; INTRAVENOUS",Discontinued,SOLUTION,B05BA,"I.V. SOLUTIONS",2025-08-01,2025-07-31,"Business reasons",2025-04-10,2025-08-19,No
118604,02014068,Discontinuation,"CLINIMIX E","BAXTER CORPORATION","CLINIMIX E","TRYPTOPHAN; L-PROLINE; L-TYROSINE; POTASSIUM PHOSPHATE DIBASIC; SODIUM CHLORIDE; MAGNESIUM CHLORIDE; SODIUM ACETATE; DEXTROSE; L-LEUCINE HYDROCHLORIDE; L-PHENYLALANINE HYDROCHLORIDE; L-LYSINE HYDROCHLORIDE; METHIONINE; L-ALANINE; GLYCINE; L-ARGININE; L-ISOLEUCINE; L-VALINE; HISTIDINE; L-THREONINE","90MG; 210MG; 20MG; 261MG; 58.5MG; 24MG; 205MG; 20G; 310MG; 310MG; 290MG; 290MG; 1.04G; 1.04G; 520MG; 240MG; 230MG; 220MG; 210MG","1000mL (JB6763)","INTRAVENOUS; INTRAVENOUS",Discontinued,SOLUTION,B05BA,"I.V. SOLUTIONS",2021-03-25,2021-04-16,"Business reasons",2020-06-22,2021-03-26,No
118607,02142376,Discontinuation,"CLINIMIX E","BAXTER CORPORATION","CLINIMIX E","SODIUM ACETATE; POTASSIUM PHOSPHATE DIBASIC; SODIUM CHLORIDE; MAGNESIUM CHLORIDE; DEXTROSE; L-LEUCINE; L-PHENYLALANINE; LYSINE; METHIONINE; L-ISOLEUCINE; L-VALINE; HISTIDINE; L-THREONINE; TRYPTOPHAN; L-ALANINE; L-ARGININE; L-PROLINE; SERINE; GLYCINE; L-TYROSINE","205MG; 261MG; 58.5MG; 24MG; 16.6G; 365MG; 280MG; 290MG; 200MG; 300MG; 290MG; 240MG; 210MG; 90MG; 1.04G; 575MG; 340MG; 250MG; 515MG; 20MG","2000mL (JJ7771)","INTRAVENOUS; INTRAVENOUS",Discontinued,SOLUTION,B05BA,"I.V. SOLUTIONS",2022-06-29,2022-06-29,"Business reasons",2020-06-22,2022-06-30,No
5289,02344327,Discontinuation,"CLINOLEIC 20%","BAXTER CORPORATION","Refined Olive Oil and Refined Soybean Oil Lipid Emulsion","SOYBEAN OIL; OLIVE OIL","4%; 16%",1000mL,INTRAVENOUS,Discontinued,EMULSION,B05BA,"I.V. SOLUTIONS",2017-12-31,2017-12-31,"Business reasons",2017-04-04,2018-01-01,No
9481,02248454,Discontinuation,CLOBAZAM-10,"PRO DOC LIMITEE",CLOBAZAM,CLOBAZAM,10MG,30,ORAL,Discontinued,TABLET,N05BA,ANXIOLYTICS,2017-05-05,,"Business reasons",2017-05-08,2017-05-08,No
291655,02299739,Discontinuation,"CLOBEX SPRAY","GALDERMA CANADA INC.","CLOBETASOL PROPIONATE","CLOBETASOL PROPIONATE",0.05%,"59 mL (50 g)  bottle","TOPICAL; TOPICAL","To be discontinued",SPRAY,D07AD,"CORTICOSTEROIDS, PLAIN",,2026-11-30,"Business reasons",2026-08-18,2026-08-18,No
3917,02091879,Discontinuation,CLOMID,"SANOFI-AVENTIS CANADA INC","CLOMID 50MG TABLETS","CLOMIPHENE CITRATE",50MG,50,ORAL,Discontinued,TABLET,G03GB,"GONADOTROPHINS AND OTHER OVULATION STIMULANTS",2015-11-25,,"Business reasons",2017-03-22,2017-03-22,No
28145,02442027,Discontinuation,CLONAZEPAM,"SIVEM PHARMACEUTICALS ULC",CLONAZEPAM,CLONAZEPAM,0.25MG,100,ORAL,Discontinued,TABLET,N03AE,ANTIEPILEPTICS,2017-11-01,,"Business reasons",2017-11-06,2017-11-06,No
28148,02442035,Discontinuation,CLONAZEPAM,"SIVEM PHARMACEUTICALS ULC",CLONAZEPAM,CLONAZEPAM,0.5MG,100,ORAL,Discontinued,TABLET,N03AE,ANTIEPILEPTICS,2017-11-01,,"Business reasons",2017-11-06,2017-11-06,No
28151,02442035,Discontinuation,CLONAZEPAM,"SIVEM PHARMACEUTICALS ULC",CLONAZEPAM,CLONAZEPAM,0.5MG,500,ORAL,Discontinued,TABLET,N03AE,ANTIEPILEPTICS,2017-11-01,,"Business reasons",2017-11-06,2017-11-06,No
28154,02442043,Discontinuation,CLONAZEPAM,"SIVEM PHARMACEUTICALS ULC",CLONAZEPAM,CLONAZEPAM,1MG,100,ORAL,Discontinued,TABLET,N03AE,ANTIEPILEPTICS,2017-11-01,,"Business reasons",2017-11-06,2017-11-06,No
28157,02442043,Discontinuation,CLONAZEPAM,"SIVEM PHARMACEUTICALS ULC",CLONAZEPAM,CLONAZEPAM,1MG,500,ORAL,Discontinued,TABLET,N03AE,ANTIEPILEPTICS,2017-11-01,,"Business reasons",2017-11-06,2017-12-12,No
28160,02442051,Discontinuation,CLONAZEPAM,"SIVEM PHARMACEUTICALS ULC",CLONAZEPAM,CLONAZEPAM,2MG,100,ORAL,Discontinued,TABLET,N03AE,ANTIEPILEPTICS,2017-11-01,,"Business reasons",2017-11-06,2017-11-06,No
28163,02442051,Discontinuation,CLONAZEPAM,"SIVEM PHARMACEUTICALS ULC",CLONAZEPAM,CLONAZEPAM,2MG,500,ORAL,Discontinued,TABLET,N03AE,ANTIEPILEPTICS,2017-11-01,,"Business reasons",2017-11-06,2017-12-12,No
279406,00812382,Discontinuation,"CLOTRIMADERM TOPICAL","TARO PHARMACEUTICALS INC",CLOTRIMAZOLE,CLOTRIMAZOLE,1%,20G,"TOPICAL; TOPICAL",Discontinued,CREAM,D01AC,"ANTIFUNGALS FOR TOPICAL USE",2026-02-20,,"Business reasons",2026-03-02,2026-03-02,No
14014,01912429,Discontinuation,"CLOXACILLIN SODIUM FOR INJECTION","TEVA CANADA LIMITED",CLOXACILLIN,"CLOXACILLIN SODIUM",500MG,500MG,"INTRAMUSCULAR; INTRAVENOUS",Discontinued,"POWDER FOR SOLUTION",J01CF,"BETA-LACTAM ANTIBACTERIALS, PENICILLINS",2017-03-03,,"Business reasons",2017-06-27,2017-06-27,No
14018,01975447,Discontinuation,"CLOXACILLIN SODIUM FOR INJECTION","TEVA CANADA LIMITED",CLOXACILLIN,"CLOXACILLIN SODIUM",1G,10,INTRAVENOUS,Discontinued,"POWDER FOR SOLUTION",J01CF,"BETA-LACTAM ANTIBACTERIALS, PENICILLINS",2017-03-03,,"Business reasons",2017-06-27,2017-06-27,No
14021,01912410,Discontinuation,"CLOXACILLIN SODIUM FOR INJECTION","TEVA CANADA LIMITED",CLOXACILLIN,"CLOXACILLIN SODIUM",2G,10,"INTRAMUSCULAR; INTRAVENOUS",Discontinued,"POWDER FOR SOLUTION",J01CF,"BETA-LACTAM ANTIBACTERIALS, PENICILLINS",2017-03-03,,"Business reasons",2017-06-27,2017-06-27,No
52332,00068594,Discontinuation,COACTIFED,"GLAXOSMITHKLINE INC","Triprolidine hydrochloride / pseudoephedrine hydrocholride / codeine phosphate syrup","PSEUDOEPHEDRINE HYDROCHLORIDE; TRIPROLIDINE HYDROCHLORIDE; CODEINE PHOSPHATE","30MG; 2MG; 10MG","All pack sizes / Tous les formats",ORAL,Discontinued,SYRUP,R05DA,"COUGH SUPPRESSANTS EXCL. COMB. WITH EXPECTORANTS",2018-05-28,,"Business reasons",2018-06-13,2018-06-13,No
71083,02377683,Discontinuation,"COATED DAILY LOW DOSE ASA 81 MG","APOTEX INC","ASA TAB 81MG","ACETYLSALICYLIC ACID",81MG,"120 BTL & 180 BTL",ORAL,Discontinued,"TABLET (DELAYED-RELEASE)",B01AC,"ANTITHROMBOTIC AGENTS",2019-01-03,,"Business reasons",2019-01-03,2019-01-04,No
141736,02009889,Discontinuation,"CODEINE 15","LABORATOIRE RIVA INC.","Codeine 15mg 100comp.","CODEINE PHOSPHATE",15MG,100,"ORAL; ORAL",Discontinued,TABLET,R05DA,"COUGH SUPPRESSANTS EXCL. COMB. WITH EXPECTORANTS",2021-07-01,2021-07-01,"Business reasons",2021-07-01,2021-07-02,No
262503,02009757,Discontinuation,"CODEINE 30","LABORATOIRE RIVA INC.","Codeine 30mg 100comp.","CODEINE PHOSPHATE",30MG,100,"ORAL; ORAL","To be discontinued",TABLET,R05DA,"COUGH SUPPRESSANTS EXCL. COMB. WITH EXPECTORANTS",,2026-02-01,"Business reasons",2025-07-10,2025-07-10,No
159064,00544884,Discontinuation,"CODEINE PHOSPHATE INJECTION USP","SANDOZ CANADA INCORPORATED","CODEINE PHOSPHATE","CODEINE PHOSPHATE",30MG,"1ML 10LIAM","SUBCUTANEOUS; INTRAMUSCULAR; SUBCUTANEOUS; INTRAMUSCULAR",Discontinued,LIQUID,R05DA,"COUGH SUPPRESSANTS EXCL. COMB. WITH EXPECTORANTS",2022-04-20,,"Business reasons",2022-04-21,2022-04-20,No
95150,02132699,Discontinuation,"COLESTID ORANGE GRANULES","PFIZER CANADA ULC","Colestid Orange","COLESTIPOL HYDROCHLORIDE",5G,"7.5 G x 30 pouches/sachets",ORAL,Discontinued,GRANULES,C10AC,"LIPID MODIFYING AGENTS, PLAIN",2020-04-01,2020-04-01,"Business reasons",2019-10-01,2020-04-13,No
270089,02244849,Discontinuation,"COLISTIMETHATE FOR INJECTION U.S.P.","STERIMAX INC","COLISTIMETHATE FOR INJECTION U.S.PS",COLISTIN,150MG,"1 VIAL","INTRAVENOUS; INTRAMUSCULAR; INTRAVENOUS; INTRAMUSCULAR",Discontinued,"POWDER FOR SOLUTION",J01XB,"OTHER ANTIBACTERIALS",2026-02-28,2026-02-28,"Business reasons",2025-10-23,2026-03-25,No
84465,02231675,Discontinuation,"COMBIVENT UDV","BOEHRINGER INGELHEIM (CANADA) LTD LTEE","Combivent UDV (0.5 mg/2.5mg)","IPRATROPIUM BROMIDE; SALBUTAMOL","0.2MG; 1.0MG",20s,INHALATION,Discontinued,SOLUTION,R03AL,"ADRENERGICS, INHALANTS",2020-01-08,2019-09-30,"Business reasons",2019-05-21,2020-01-15,No
238361,02239213,Discontinuation,COMBIVIR,"VIIV HEALTHCARE ULC","lamivudine and zidovudine tablets","ZIDOVUDINE; LAMIVUDINE","300MG; 150MG",1x60,"ORAL; ORAL",Discontinued,TABLET,J05AR,"DIRECT ACTING ANTIVIRALS",2024-12-31,,"Business reasons",2024-09-23,2025-03-19,No
155940,02243763,Discontinuation,COMTAN,"SANDOZ CANADA INCORPORATED",COMTAN,ENTACAPONE,200MG,"100FCT BO","ORAL; ORAL",Discontinued,TABLET,N04BX,"DOPAMINERGIC AGENTS",2022-03-03,,"Business reasons",2022-03-03,2022-03-04,No
142368,01945149,Discontinuation,CONDYLINE,"SANOFI-AVENTIS CANADA INC",Condyline,PODOPHYLLOTOXIN,0.5%,"3.5 mL bottle","TOPICAL; TOPICAL","To be discontinued",SOLUTION,D06BB,"CHEMOTHERAPEUTICS FOR TOPICAL USE",,2021-09-01,"Business reasons",2021-07-13,2021-07-13,No
48249,00223107,Discontinuation,"CONRAY 30","LIEBEL-FLARSHEIM CANADA INC","Iothalamate Meglumine Injection 30%","IOTHALAMATE MEGLUMINE",300MG,"100, 250 mL",INTRAVASCULAR,Discontinued,SOLUTION,V08AA,"X-RAY CONTRAST MEDIA, IODINATED",2018-03-14,,"Business reasons",2018-05-03,2018-05-03,No
48258,00477095,Discontinuation,"CONRAY 43","LIEBEL-FLARSHEIM CANADA INC","Iothalamate Meglumine Injection 43%","IOTHALAMATE MEGLUMINE",430MG,"50, 100 and 200 mL",INTRAVASCULAR,Discontinued,SOLUTION,V08AA,"X-RAY CONTRAST MEDIA, IODINATED",2018-04-05,,"Business reasons",2018-05-03,2018-05-03,No
76099,00131237,Discontinuation,"CONRAY 60","LIEBEL-FLARSHEIM CANADA INC","Iothalamate Meglumine Injection 60 %","IOTHALAMATE MEGLUMINE",600MG,"20, 30 and 200 mL Bottle",INTRAVASCULAR,Discontinued,SOLUTION,V08AA,"X-RAY CONTRAST MEDIA, IODINATED",2019-02-15,,"Business reasons",2019-02-18,2019-02-18,No
142328,02112736,Discontinuation,CORTENEMA,"APTALIS PHARMA CANADA ULC","Hydrocortisone suspension 100mg/60mL",HYDROCORTISONE,100MG,"60mL LDPE bottle","RECTAL; RECTAL",Discontinued,ENEMA,A07EA,"INTESTINALANTIINFLAMMATORY AGENTS",2021-11-15,2021-10-01,"Business reasons",2021-07-12,2021-12-03,No
108638,00579335,Discontinuation,CORTIFOAM,"PALADIN LABS INC","HYDROCORTISONE ACETATE",,,15g,,Discontinued,,,,2020-03-12,,"Manufacturing issues",2020-03-12,2020-03-13,No
258600,02099748,Discontinuation,"COUGH SYRUP WITH CODEINE","TEVA CANADA LIMITED","PHARMASAVE PSE W/CODEINE SYRUP 250ML","PSEUDOEPHEDRINE HYDROCHLORIDE; CODEINE PHOSPHATE; GUAIFENESIN","30MG; 3.3MG; 100MG","5ML, 250ML","ORAL; ORAL",Reversed,"SYRUP; SYRUP",R05FA,"COUGH SUPPRESSANTS AND EXPECTORANTS, COMBINATIONS",2016-11-01,,"Business reasons",2025-05-28,2025-06-03,No
112596,01918362,Discontinuation,"COUMADIN TAB 10MG","BRISTOL-MYERS SQUIBB CANADA",Warfarin,"WARFARIN SODIUM",10MG,"1 BTL x 100","ORAL; ORAL",Discontinued,TABLET,B01AA,"ANTITHROMBOTIC AGENTS",2020-06-01,2020-06-01,"Manufacturing issues",2020-04-20,2020-06-02,No
19592,01918311,Discontinuation,"COUMADIN TAB 1MG","BRISTOL-MYERS SQUIBB CANADA",Warfarin,"WARFARIN SODIUM",1MG,"1 BTL x 250",ORAL,Discontinued,TABLET,B01AA,"ANTITHROMBOTIC AGENTS",2018-01-31,2018-01-31,"Business reasons",2017-08-16,2018-03-16,No
112579,01918311,Discontinuation,"COUMADIN TAB 1MG","BRISTOL-MYERS SQUIBB CANADA",Warfarin,"WARFARIN SODIUM",1MG,"1 BTL x 100","ORAL; ORAL",Discontinued,TABLET,B01AA,"ANTITHROMBOTIC AGENTS",2020-08-31,2020-06-01,"Manufacturing issues",2020-04-20,2020-09-01,No
19573,01918346,Discontinuation,"COUMADIN TAB 2.5MG","BRISTOL-MYERS SQUIBB CANADA",Warfarin,"WARFARIN SODIUM",2.5MG,"1 BTL x 250",ORAL,Discontinued,TABLET,B01AA,"ANTITHROMBOTIC AGENTS",2018-06-29,2018-06-29,"Business reasons",2017-08-16,2018-09-21,No
112584,01918346,Discontinuation,"COUMADIN TAB 2.5MG","BRISTOL-MYERS SQUIBB CANADA",Warfarin,"WARFARIN SODIUM",2.5MG,"1 BTL x 250","ORAL; ORAL",Discontinued,TABLET,B01AA,"ANTITHROMBOTIC AGENTS",2020-08-31,2020-07-15,"Manufacturing issues",2020-04-20,2020-09-01,No
11852,01918338,Discontinuation,"COUMADIN TAB 2MG","BRISTOL-MYERS SQUIBB CANADA","Warfarin sodium","WARFARIN SODIUM",2MG,"1 BTL x 250's only",ORAL,Discontinued,TABLET,B01AA,"ANTITHROMBOTIC AGENTS",2018-02-28,2018-01-31,"Business reasons",2017-06-05,2018-03-16,No
112609,01918338,Discontinuation,"COUMADIN TAB 2MG","BRISTOL-MYERS SQUIBB CANADA",Warfarin,"WARFARIN SODIUM",2MG,"1 BTL x 100","ORAL; ORAL",Discontinued,TABLET,B01AA,"ANTITHROMBOTIC AGENTS",2020-08-31,2020-06-15,"Manufacturing issues",2020-04-20,2020-09-01,No
22997,02240205,Discontinuation,"COUMADIN TAB 3MG","BRISTOL-MYERS SQUIBB CANADA",Warfarin,"WARFARIN SODIUM",3MG,"1BTL x 250's",ORAL,Discontinued,TABLET,B01AA,"ANTITHROMBOTIC AGENTS",2018-06-29,2018-06-29,"Business reasons",2017-09-21,2018-09-21,No
112805,02240205,Discontinuation,"COUMADIN TAB 3MG","BRISTOL-MYERS SQUIBB CANADA",Warfarin,"WARFARIN SODIUM",3MG,"1 BTL x 100","ORAL; ORAL",Discontinued,TABLET,B01AA,"ANTITHROMBOTIC AGENTS",2020-08-31,2020-08-01,"Manufacturing issues",2020-04-22,2020-09-01,No
28567,02007959,Discontinuation,"COUMADIN TAB 4MG","BRISTOL-MYERS SQUIBB CANADA",Warfarin,"WARFARIN SODIUM",4MG,"Bottles of 250's only",ORAL,Discontinued,TABLET,B01AA,"ANTITHROMBOTIC AGENTS",2018-06-29,2018-06-30,"Business reasons",2017-11-07,2018-07-27,No
112606,02007959,Discontinuation,"COUMADIN TAB 4MG","BRISTOL-MYERS SQUIBB CANADA",Warfarin,"WARFARIN SODIUM",4MG,"1 BTL x 100","ORAL; ORAL",Discontinued,TABLET,B01AA,"ANTITHROMBOTIC AGENTS",2020-06-15,2020-06-01,"Manufacturing issues",2020-04-20,2020-06-16,No
19615,01918354,Discontinuation,"COUMADIN TAB 5MG","BRISTOL-MYERS SQUIBB CANADA",Warfarin,"WARFARIN SODIUM",5MG,"1 BTL x 250",ORAL,Discontinued,TABLET,B01AA,"ANTITHROMBOTIC AGENTS",2018-05-07,2018-05-11,"Business reasons",2017-08-16,2018-06-05,No
112593,01918354,Discontinuation,"COUMADIN TAB 5MG","BRISTOL-MYERS SQUIBB CANADA",Warfarin,"WARFARIN SODIUM",5MG,"1 BTL x 100","ORAL; ORAL",Discontinued,TABLET,B01AA,"ANTITHROMBOTIC AGENTS",2020-08-10,2020-06-01,"Manufacturing issues",2020-04-20,2020-08-11,No
112600,02240206,Discontinuation,"COUMADIN TAB 6 MG","BRISTOL-MYERS SQUIBB CANADA",warfarin,"WARFARIN SODIUM",6MG,"1BTL x 100","ORAL; ORAL",Discontinued,TABLET,B01AA,"ANTITHROMBOTIC AGENTS",2020-07-10,2020-06-01,"Manufacturing issues",2020-04-20,2020-07-11,No
8204,02415194,Discontinuation,"CREON MINIMICROSPHERES 6","BGP PHARMA ULC","CREON MINIMICROSPHERES  6","AMYLASE; PROTEASE; LIPASE","30000UNIT; 19000UNIT; 6000UNIT",100,ORAL,Discontinued,CAPSULE,A09AA,"DIGESTIVES, INCL ENZYMES",2018-01-30,,"Business reasons",2017-04-27,2018-01-31,No
14973,00379689,Discontinuation,"CRESOPHENE LIQ",SEPTODONT,"Camphor, Dexamethasone, Parachlorophenol, Thymol","THYMOL; DEXAMETHASONE; CAMPHOR; PARACHLOROPHENOL","50MG; 1MG; 649MG; 300MG","13 mL",DENTAL,Discontinued,LIQUID,A01AC,"STOMATOLOGICAL PREPARATIONS",2017-07-07,,"Business reasons",2017-07-07,2017-07-08,No
266775,02465493,Discontinuation,"CUBICIN RF","CUBIST PHARMACEUTICALS LLC","DAPTOMYCIN FOR INJECTION",DAPTOMYCIN,500MG,"10 mL Vial","INTRAVENOUS; INTRAVENOUS","To be discontinued","POWDER FOR SOLUTION",J01XX,"OTHER ANTIBACTERIALS",,2026-06-30,"Business reasons",2025-09-08,2025-12-30,No
92246,01968440,Discontinuation,"CYCLEN TABLETS (21 DAY)","JANSSEN INC","norgestimate and ethinyl estradiol tablets","ETHINYL ESTRADIOL; NORGESTIMATE","0.035MG; 0.25MG",1X10,ORAL,"To be discontinued",TABLET,G03AA,"HORMONAL CONTRACEPTIVES FOR SYSTEMIC USE",,2020-08-05,"Business reasons",2019-08-22,2020-05-08,No
101810,01968440,Discontinuation,"CYCLEN TABLETS (21 DAY)","JANSSEN INC","norgestimate and ethinyl estradiol tablets","ETHINYL ESTRADIOL; NORGESTIMATE","0.035MG; 0.25MG",1x10,ORAL,"To be discontinued",TABLET,G03AA,"HORMONAL CONTRACEPTIVES FOR SYSTEMIC USE",,2020-06-30,"Business reasons",2019-12-20,2019-12-20,No
92249,01992872,Discontinuation,"CYCLEN TABLETS (28 DAY)","JANSSEN INC","norgestimate and ethinyl estradiol tablets","ETHINYL ESTRADIOL; NORGESTIMATE","0.035MG; 0.25MG",1X10,ORAL,"To be discontinued",TABLET,G03AA,"HORMONAL CONTRACEPTIVES FOR SYSTEMIC USE",,2020-06-30,"Business reasons",2019-08-22,2019-08-22,No
101814,01992872,Discontinuation,"CYCLEN TABLETS (28 DAY)","JANSSEN INC","norgestimate and ethinyl estradiol tablets","ETHINYL ESTRADIOL; NORGESTIMATE","0.035MG; 0.25MG",1x10,ORAL,"To be discontinued",TABLET,G03AA,"HORMONAL CONTRACEPTIVES FOR SYSTEMIC USE",,2020-06-30,"Business reasons",2019-12-20,2019-12-20,No
22565,02192276,Discontinuation,CYCLOCORT,"GLAXOSMITHKLINE INC","amcinonide lotion",AMCINONIDE,0.1%,"All pack sizes / Tous les formats",TOPICAL,Discontinued,LOTION,D07AC,"CORTICOSTEROIDS, PLAIN",2017-09-14,,"Business reasons",2017-09-19,2017-09-19,No
22568,02192268,Discontinuation,CYCLOCORT,"GLAXOSMITHKLINE INC","amcinonide ointment",AMCINONIDE,0.1%,"All pack sizes / Tous les formats",TOPICAL,Discontinued,OINTMENT,D07AC,"CORTICOSTEROIDS, PLAIN",2018-03-08,,"Business reasons",2017-09-19,2018-03-15,No
27816,02192284,Discontinuation,CYCLOCORT,"GLAXOSMITHKLINE INC","amcinonide cream",AMCINONIDE,0.1%,"All pack sizes / Tous les formats",TOPICAL,Discontinued,CREAM,D07AC,"CORTICOSTEROIDS, PLAIN",2018-01-17,,"Business reasons",2017-11-02,2018-01-31,No
247771,02018144,Discontinuation,CYCLOMEN,"SANOFI-AVENTIS CANADA INC",Danazol,DANAZOL,50MG,Blister,"ORAL; ORAL",Discontinued,CAPSULE,G03XA,"OTHER SEX HORM. & MODULATORS OF THE GENITAL SYSTEM",2025-07-31,2025-07-31,"Other (Please describe in comments)",2025-01-15,2025-08-01,No
238860,02301482,Discontinuation,CYMBALTA,"ELI LILLY CANADA INC","Duloxetine (as duloxetine hydrochloride)",DULOXETINE,30MG,"Carton containing 28 capsules in blister packaging","ORAL; ORAL",Discontinued,"CAPSULE (DELAYED RELEASE)",N06AX,ANTIDEPRESSANTS,2024-09-25,,"Business reasons",2024-09-27,2024-09-27,No
238865,02301490,Discontinuation,CYMBALTA,"ELI LILLY CANADA INC","Duloxetine (as duloxetine hydrochloride)",DULOXETINE,60MG,"Carton containing 28 capsules in blister packaging","ORAL; ORAL",Discontinued,"CAPSULE (DELAYED RELEASE)",N06AX,ANTIDEPRESSANTS,2024-09-25,,"Business reasons",2024-09-27,2024-09-27,No
94589,02126656,Discontinuation,"CYTARABINE INJECTION","PFIZER CANADA ULC","CYTARABINE INJECTION",CYTARABINE,100MG,"10mL vial","INTRATHECAL; INTRAVENOUS; SUBCUTANEOUS",Discontinued,SOLUTION,L01BC,ANTIMETABOLITES,2019-09-24,,"Business reasons",2019-09-24,2019-09-25,No
62549,02444747,Discontinuation,DAKLINZA,"BRISTOL-MYERS SQUIBB CANADA","daclatasvir dihydrochloride",Daclatasvir,30MG,"1 Bottle X 28",ORAL,"To be discontinued",TABLET,J05AP,,,2019-07-31,"Business reasons",2018-09-28,2018-09-28,No
62566,02444755,Discontinuation,DAKLINZA,"BRISTOL-MYERS SQUIBB CANADA","daclatasvir dihydrochloride)",Daclatasvir,60MG,"1 Bottle X 28",ORAL,"To be discontinued",TABLET,J05AP,,,2019-11-30,"Business reasons",2018-09-28,2018-09-28,No
241493,02182866,Discontinuation,"DALACIN C 300 MG","PFIZER CANADA ULC","DALACIN C 300 MG",CLINDAMYCIN,300MG,"100 BTL","ORAL; ORAL",Discontinued,CAPSULE,J01FF,"MACROLIDES, LINCOSAMIDES AND STREPTOGRAMINS",2024-10-29,,"Business reasons",2024-10-29,2024-10-30,No
289869,00260436,Discontinuation,"DALACIN C PHOSPHATE","PFIZER CANADA ULC","DALACIN C PHOSPHATE",CLINDAMYCIN,150MG,"1 X 60ML VIAL","INTRAVENOUS; INTRAMUSCULAR; INTRAVENOUS; INTRAMUSCULAR",Discontinued,SOLUTION,J01FF,"MACROLIDES, LINCOSAMIDES AND STREPTOGRAMINS",2026-07-24,,"Business reasons",2026-07-24,2026-09-10,No
289872,00260436,Discontinuation,"DALACIN C PHOSPHATE","PFIZER CANADA ULC","DALACIN C PHOSPHATE",CLINDAMYCIN,150MG,"25 X 2 ML","INTRAVENOUS; INTRAMUSCULAR; INTRAVENOUS; INTRAMUSCULAR",Discontinued,SOLUTION,J01FF,"MACROLIDES, LINCOSAMIDES AND STREPTOGRAMINS",2026-07-24,,"Business reasons",2026-07-24,2026-09-10,No
289875,00260436,Discontinuation,"DALACIN C PHOSPHATE","PFIZER CANADA ULC","DALACIN C PHOSPHATE",CLINDAMYCIN,150MG,"25 X 4 ML","INTRAVENOUS; INTRAMUSCULAR; INTRAVENOUS; INTRAMUSCULAR",Discontinued,SOLUTION,J01FF,"MACROLIDES, LINCOSAMIDES AND STREPTOGRAMINS",2026-07-24,,"Business reasons",2026-07-24,2026-09-10,No
289878,00260436,Discontinuation,"DALACIN C PHOSPHATE","PFIZER CANADA ULC","DALACIN C PHOSPHATE",CLINDAMYCIN,150MG,"25 X 6 ML","INTRAVENOUS; INTRAMUSCULAR; INTRAVENOUS; INTRAMUSCULAR",Discontinued,SOLUTION,J01FF,"MACROLIDES, LINCOSAMIDES AND STREPTOGRAMINS",2026-07-24,,"Business reasons",2026-07-24,2026-09-10,No
289208,02060604,Discontinuation,"DALACIN VAGINAL CREAM","PFIZER CANADA ULC","DALACIN CREAM",CLINDAMYCIN,20MG,1x40mg,"VAGINAL; VAGINAL",Discontinued,CREAM,G01AA,"ANTIINFECTIVES/ANTISEPT.,EXCL COMB WITH CORTICOST.",2026-07-07,2026-07-07,"Business reasons",2026-07-14,2026-07-14,No
12755,01997653,Discontinuation,"DANTRIUM CAPSULES","PAR PHARMACEUTICAL COMPANIES","DANTROLENE SODIUM CAPSULES","DANTROLENE SODIUM",100MG,"BOTTLE (100 COUNT)",ORAL,Discontinued,CAPSULE,M03CA,"MUSCLE RELAXANTS, DIRECTLY ACTING AGENTS",2017-06-13,,"Business reasons",2017-06-14,2017-06-14,No
154459,02285010,Discontinuation,"DDAVP MELT","FERRING INC","Desmopressin Acetate",DESMOPRESSIN,240MCG,"30 melt tablets per carton","SUBLINGUAL; SUBLINGUAL",Discontinued,"TABLET (ORALLY DISINTEGRATING)",H01BA,"POSTERIOR PITUITARY LOBE HORMONES",2022-03-31,2022-03-31,"Business reasons",2022-02-08,2022-04-01,No
132472,00402516,Discontinuation,"DDAVP RHINYLE","FERRING INC","Desmopressin acetate nasal solution","DESMOPRESSIN ACETATE",0.1MG,"2.5 mL","NASAL; NASAL",Discontinued,SOLUTION,H01BA,"POSTERIOR PITUITARY LOBE HORMONES",2021-01-29,2021-01-29,"Other (Please describe in comments)",2021-01-26,2021-03-02,No
120206,00836362,Discontinuation,"DDAVP SPRAY","FERRING INC","desmopressin acetate","DESMOPRESSIN ACETATE",10MCG,"2.5 ml and 5 ml","NASAL; NASAL",Discontinued,"METERED-DOSE AEROSOL",H01BA,"POSTERIOR PITUITARY LOBE HORMONES",2020-07-14,2020-07-14,"Business reasons",2020-07-14,2020-07-15,No
154442,00824305,Discontinuation,"DDAVP TABLETS 0.1MG","FERRING INC","Desmopressin Acetate","DESMOPRESSIN ACETATE",0.1MG,"30 tablets bottle","ORAL; ORAL",Discontinued,TABLET,H01BA,"POSTERIOR PITUITARY LOBE HORMONES",2022-02-28,2022-02-28,"Business reasons",2022-02-08,2022-03-07,No
154453,00824143,Discontinuation,"DDAVP TABLETS 0.2MG","FERRING INC","Desmopressin Acetate","DESMOPRESSIN ACETATE",0.2MG,"30 tablets bottle","ORAL; ORAL",Discontinued,TABLET,H01BA,"POSTERIOR PITUITARY LOBE HORMONES",2022-02-28,2022-02-28,"Business reasons",2022-02-08,2022-03-01,No
154456,00824143,Discontinuation,"DDAVP TABLETS 0.2MG","FERRING INC","Desmopressin Acetate","DESMOPRESSIN ACETATE",0.2MG,"100 tablets bottle","ORAL; ORAL",Discontinued,TABLET,H01BA,"POSTERIOR PITUITARY LOBE HORMONES",2022-05-31,2022-05-31,"Business reasons",2022-02-08,2022-06-01,No
2501,00394394,Discontinuation,"DEHYDRATED ALCOHOL INJECTION USP","SANDOZ CANADA INCORPORATED","ALCOHOL (DEHYDRATED)","ALCOHOL ANHYDROUS",100%,10ML,INTRAVENOUS,Discontinued,LIQUID,V03AZ,"ALL OTHER THERAPEUTIC PRODUCTS",2017-07-31,2017-07-31,"Manufacturing issues",2017-03-14,2017-10-18,No
221772,00029246,Discontinuation,DELATESTRYL,"BAUSCH HEALTH, CANADA INC.",DELATESTRYL,"TESTOSTERONE ENANTHATE",200MG,5ml,"INTRAMUSCULAR; INTRAMUSCULAR",Discontinued,SOLUTION,G03BA,ANDROGENS,2024-04-25,2024-05-15,"Other (Please describe in comments)",2024-03-11,2024-04-26,No
98380,02138018,Discontinuation,DEMEROL,"SANOFI-AVENTIS CANADA INC",Demerol,"MEPERIDINE HYDROCHLORIDE",50MG,100,ORAL,Discontinued,TABLET,N02AB,OPIOIDS,2020-07-02,2020-05-31,"Business reasons",2019-11-11,2020-07-29,No
88467,00469327,Discontinuation,"DEMULEN 30 (21 DAY PACK)","PFIZER CANADA ULC",DEMULEN,"ETHYNODIOL DIACETATE; ETHINYL ESTRADIOL","2MG; 30MCG",21's,ORAL,Discontinued,TABLET,G03AA,"HORMONAL CONTRACEPTIVES FOR SYSTEMIC USE",2019-07-04,,"Business reasons",2019-07-04,2019-07-05,No
88461,00471526,Discontinuation,"DEMULEN 30 (28 DAY PACK)","PFIZER CANADA ULC",DEMULEN,"ETHINYL ESTRADIOL; ETHYNODIOL DIACETATE","30MCG; 2MG",28's,ORAL,Discontinued,TABLET,G03AA,"HORMONAL CONTRACEPTIVES FOR SYSTEMIC USE",2019-07-04,,"Business reasons",2019-07-04,2019-07-05,No
224698,02240526,Discontinuation,"DENTICARE CHLORHEXIDINE GLUCONATE ORAL RINSE 0.12%","AMD MEDICOM INC","CHLORHEXIDINE GLUCONATE","CHLORHEXIDINE GLUCONATE",0.12%,"500 mL and 4 L","BUCCAL; BUCCAL",Discontinued,MOUTHWASH,A01AB,"STOMATOLOGICAL PREPARATIONS",2024-04-05,2024-04-05,"Business reasons",2024-04-09,2024-04-09,No
224713,02240526,Discontinuation,"DENTICARE CHLORHEXIDINE GLUCONATE ORAL RINSE 0.12%","AMD MEDICOM INC","Chlorhexidine Gluconate","CHLORHEXIDINE GLUCONATE",0.12%,"500 mL and  4 L","BUCCAL; BUCCAL",Discontinued,MOUTHWASH,A01AB,"STOMATOLOGICAL PREPARATIONS",2024-04-05,2024-04-05,"Business reasons",2024-04-09,2024-04-09,No
137637,02318148,Discontinuation,"DENTICARE PRO-FREEZE","AMD MEDICOM INC","DENTICARE PRO-FREEZE","BENZOCAINE; TETRACAINE HYDROCHLORIDE","18%; 2%","1 oz bottle","TOPICAL; TOPICAL",Discontinued,GEL,A01AD,"STOMATOLOGICAL PREPARATIONS",2021-01-26,2021-01-26,"Business reasons",2021-04-16,2021-04-16,No
8402,00443840,Discontinuation,DEPAKENE,"BGP PHARMA ULC",Depakene,"VALPROIC ACID",250MG,100,ORAL,Discontinued,CAPSULE,N03AG,ANTIEPILEPTICS,2017-04-24,,"Business reasons",2017-04-28,2017-04-28,No
64425,00260428,Discontinuation,"DEPO-MEDROL WITH LIDOCAINE","PFIZER CANADA INC","Depo-Medrol + Lidocaine","LIDOCAINE HYDROCHLORIDE; METHYLPREDNISOLONE ACETATE","10MG; 40MG",1x1ml,"INTRA-ARTICULAR; INTRABURSAL",Discontinued,SUSPENSION,H02BX,"CORTICOSTEROIDS FOR SYSTEMIC USE, COMBINATIONS",2018-10-15,,"Business reasons",2018-10-16,2018-10-16,No
178953,00585092,Discontinuation,DEPO-PROVERA,"PFIZER CANADA ULC","MEDROXYPROGESTERONE ACETATE SUSPENSION","MEDROXYPROGESTERONE ACETATE",150MG,"1 x 1mL","INTRAMUSCULAR; INTRAMUSCULAR",Discontinued,SUSPENSION,G03AC,"HORMONAL CONTRACEPTIVES FOR SYSTEMIC USE",2022-08-05,,"Business reasons",2022-12-20,2022-12-20,No
178960,00585092,Discontinuation,DEPO-PROVERA,"PFIZER CANADA ULC","MEDROXYPROGESTERONE ACETATE SUSPENSION","MEDROXYPROGESTERONE ACETATE",150MG,"5 x 1mL","INTRAMUSCULAR; INTRAMUSCULAR",Discontinued,SUSPENSION,G03AC,"HORMONAL CONTRACEPTIVES FOR SYSTEMIC USE",2022-08-05,,"Business reasons",2022-12-20,2022-12-20,No
79400,00030848,Discontinuation,"DEPO-PROVERA STERILE AQUEOUS SUSPENSION 50 MG/ML","PFIZER CANADA ULC",Depo-Provera,"MEDROXYPROGESTERONE ACETATE",50MG,5ml,INTRAMUSCULAR,Discontinued,SUSPENSION,G03AC,"HORMONAL CONTRACEPTIVES FOR SYSTEMIC USE",2019-08-16,2019-12-23,"Business reasons",2019-03-25,2019-08-19,No
270094,00030783,Discontinuation,"DEPO-TESTOSTERONE INJ 100MG/ML","PFIZER CANADA ULC","DEPO-TESTOSTERONE INJ 100MG/ML","TESTOSTERONE CYPIONATE",100MG,"1 X 10ML","INTRAMUSCULAR; INTRAMUSCULAR",Discontinued,SOLUTION,G03BA,ANDROGENS,2025-10-23,,"Business reasons",2025-10-23,2025-10-24,No
150686,02213265,Discontinuation,"DERMOVATE CREAM","TAROPHARMA, A DIVISION OF TARO PHARMACEUTICALS INC.",DERMOVATE,"CLOBETASOL PROPIONATE",0.05%,15,"TOPICAL; TOPICAL",Discontinued,CREAM,D07AD,"CORTICOSTEROIDS, PLAIN",2021-11-12,,"Business reasons",2021-12-07,2021-12-07,No
72826,02205963,Discontinuation,DEXIRON,"LUITPOLD PHARMACEUTICALS INC","Iron Dextran",IRON,50MG,"2 mL single dose vials","INTRAMUSCULAR; INTRAVENOUS",Discontinued,LIQUID,B03AC,"IRON PREPARATIONS",2019-08-26,2019-08-23,"Raw material availability",2019-01-17,2019-10-23,No
56184,00470953,Discontinuation,"DEXTROSE INJECTION USP","ICU MEDICAL CANADA INC","Dextrose 40% Injection USP",DEXTROSE,400MG,"500ml in 1000ml",INTRAVENOUS,Discontinued,SOLUTION,B05BA,"I.V. SOLUTIONS",2018-07-17,2018-07-17,"Business reasons",2018-07-23,2018-07-24,No
141414,00037958,Discontinuation,"DEXTROSE INJECTION USP","ICU MEDICAL CANADA INC","Dextrose Injection USP",DEXTROSE,100MG,"500 mL","INTRAVENOUS; INTRAVENOUS",Discontinued,SOLUTION,B05BA,"I.V. SOLUTIONS",2022-01-01,2022-01-01,"Business reasons",2021-06-23,2022-01-17,No
148657,00037958,Discontinuation,"DEXTROSE INJECTION USP","ICU MEDICAL CANADA INC","Dextrose Injection USP",DEXTROSE,100MG,"1000 mL","INTRAVENOUS; INTRAVENOUS",Discontinued,SOLUTION,B05BA,"I.V. SOLUTIONS",2022-08-04,2022-05-01,"Business reasons",2021-11-02,2022-11-16,No
159241,00244988,Discontinuation,"DEXTROSE INJECTION USP","ICU MEDICAL CANADA INC","Dextrose Injection USP",DEXTROSE,700MG,"2000 mL","INTRAVENOUS; INTRAVENOUS",Discontinued,SOLUTION,B05BA,"I.V. SOLUTIONS",2023-06-19,2023-07-30,"Business reasons",2022-04-21,2023-07-25,No
208477,00037974,Discontinuation,"DEXTROSE INJECTION USP","ICU MEDICAL CANADA INC","Dextrose Injection USP",DEXTROSE,500MG,"500 mL","INTRAVENOUS; INTRAVENOUS",Discontinued,SOLUTION,B05BA,"I.V. SOLUTIONS",2023-11-01,2023-08-31,"Business reasons",2023-10-27,2023-11-02,No
208480,00037966,Discontinuation,"DEXTROSE INJECTION USP","ICU MEDICAL CANADA INC","Dextrose Injection USP",DEXTROSE,200MG,"500 mL","INTRAVENOUS; INTRAVENOUS",Discontinued,SOLUTION,B05BA,"I.V. SOLUTIONS",2023-11-01,2023-07-31,"Business reasons",2023-10-27,2023-11-02,No
233046,00037974,Discontinuation,"DEXTROSE INJECTION USP","ICU MEDICAL CANADA INC","Dextrose Injection USP",DEXTROSE,500MG,"1000 mL","INTRAVENOUS; INTRAVENOUS",Discontinued,SOLUTION,B05BA,"I.V. SOLUTIONS",2024-07-19,2024-06-30,"Business reasons",2024-07-16,2024-07-20,No
233049,00037966,Discontinuation,"DEXTROSE INJECTION USP","ICU MEDICAL CANADA INC","Dextrose Injection USP",DEXTROSE,200MG,"500 mL in 500 mL","INTRAVENOUS; INTRAVENOUS",Discontinued,SOLUTION,B05BA,"I.V. SOLUTIONS",2025-02-06,2024-10-31,"Business reasons",2024-07-16,2025-02-20,No
265646,02468514,Discontinuation,"DEXTROSE INJECTION USP","PFIZER CANADA ULC","DEXTROSE INJECTION USP",DEXTROSE,500MG,"10x50mL Lifeshield Syringes",INTRAVENOUS,Discontinued,SOLUTION,B05BA,"I.V. SOLUTIONS",2025-08-18,,"Business reasons",2025-08-19,2025-08-19,No
100935,02224550,Discontinuation,DIABETA,"SANOFI-AVENTIS CANADA INC",Diabeta,GLYBURIDE,2.5MG,30,ORAL,Discontinued,TABLET,A10BB,"BLOOD GLUCOSE LOWERING DRUGS, EXCL. INSULINS",2020-05-07,2020-02-28,"Business reasons",2019-12-11,2020-08-04,No
100938,02224569,Discontinuation,DIABETA,"SANOFI-AVENTIS CANADA INC",Diabeta,GLYBURIDE,5MG,30,ORAL,Discontinued,TABLET,A10BB,"BLOOD GLUCOSE LOWERING DRUGS, EXCL. INSULINS",2020-05-07,2020-04-30,"Business reasons",2019-12-11,2020-08-04,No
168298,00765996,Discontinuation,DIAMICRON,"SERVIER CANADA INC",Gliclazide,GLICLAZIDE,80MG,"60’s Tablets","ORAL; ORAL",Discontinued,TABLET,A10BB,"BLOOD GLUCOSE LOWERING DRUGS, EXCL. INSULINS",2022-09-30,2022-09-30,"Business reasons",2022-08-31,2022-10-03,No
91395,00799815,Discontinuation,"DIANEAL PD 101 CAPD SOLUTION W 1.5% DEXTROSE","BAXTER CORPORATION","DIANEAL PD 101 CAPD SOLUTION W 1.5% DEXTROSE","SODIUM LACTATE; DEXTROSE; MAGNESIUM CHLORIDE; CALCIUM CHLORIDE; SODIUM CHLORIDE","392MG; 1.5G; 15.2MG; 23.9MG; 567MG","2.5L Twinbag",DIALYSIS,Discontinued,LIQUID,B05ZA,"HEMODIALYTICS AND HEMOFILTRATES",2021-03-18,2021-03-18,"Business reasons",2019-08-12,2021-03-19,No
91399,00799823,Discontinuation,"DIANEAL PD 101 CAPD SOLUTION W 2.5% DEXTROSE","BAXTER CORPORATION","DIANEAL PD 101 CAPD SOLUTION W 2.5% DEXTROSE","SODIUM LACTATE; DEXTROSE; MAGNESIUM CHLORIDE; CALCIUM CHLORIDE; SODIUM CHLORIDE","392MG; 2.5G; 15.2MG; 23.9MG; 567MG","2.5L Twinbag",DIALYSIS,Discontinued,SOLUTION,B05ZA,"HEMODIALYTICS AND HEMOFILTRATES",2020-02-07,2020-02-07,"Business reasons",2019-08-12,2020-02-08,No
91388,00865095,Discontinuation,"DIANEAL PD4 CAPD SOLUTION WITH 1.5% DEXTROSE AND 2.5MEQ/L CALCIUM","BAXTER CORPORATION","DIANEAL PD4 CAPD SOLUTION WITH 1.5% DEXTROSE AND 2.5MEQ/L CALCIUM","SODIUM LACTATE; DEXTROSE; MAGNESIUM CHLORIDE; CALCIUM CHLORIDE; SODIUM CHLORIDE","448MG; 1.5G; 5.08MG; 18.3MG; 538MG","3L Twinbag",DIALYSIS,Discontinued,SOLUTION,B05ZA,"HEMODIALYTICS AND HEMOFILTRATES",2020-02-07,2020-02-07,"Business reasons",2019-08-12,2020-02-08,No
91392,00865109,Discontinuation,"DIANEAL PD4 CAPD SOLUTION WITH 2.5% DEXTROSE AND 2.5MEQ/L CALCIUM","BAXTER CORPORATION","DIANEAL PD4 CAPD SOLUTION WITH 2.5% DEXTROSE AND 2.5MEQ/L CALCIUM","SODIUM LACTATE; DEXTROSE; MAGNESIUM CHLORIDE; CALCIUM CHLORIDE; SODIUM CHLORIDE","448MG; 2.5G; 5.08MG; 18.3MG; 538MG","3L Twinbag (JB9423)",DIALYSIS,Discontinued,SOLUTION,B05ZA,"HEMODIALYTICS AND HEMOFILTRATES",2020-03-31,2020-03-31,"Business reasons",2019-08-12,2020-04-01,No
9600,00434388,Discontinuation,"DIAZEPAM 10TAB 10MG","PRO DOC LIMITEE",DIAZEPAM,DIAZEPAM,10MG,100,ORAL,Discontinued,TABLET,N05BA,ANXIOLYTICS,2017-07-26,2017-07-31,"Business reasons",2017-05-08,2017-07-27,No
9484,00313580,Discontinuation,"DIAZEPAM 5 TAB","PRO DOC LIMITEE",DIAZEPAM,DIAZEPAM,5MG,100,ORAL,Discontinued,TABLET,N05BA,ANXIOLYTICS,2017-05-05,,"Business reasons",2017-05-08,2017-05-08,No
143070,02224119,Discontinuation,DICLOFENAC-SR,"PRO DOC LIMITEE",DICLOFENAC-SR,"DICLOFENAC SODIUM",75MG,100,"ORAL; ORAL",Discontinued,"TABLET (EXTENDED-RELEASE)",M01AB,"ANTIINFLAMMATORY/ANTIRHEUMATIC PROD.,NON-STEROIDS",2021-07-27,,"Business reasons",2021-07-27,2021-08-12,No
143073,02224127,Discontinuation,DICLOFENAC-SR,"PRO DOC LIMITEE",DICLOFENAC-SR,"DICLOFENAC SODIUM",100MG,100,"ORAL; ORAL",Discontinued,"TABLET (EXTENDED-RELEASE)",M01AB,"ANTIINFLAMMATORY/ANTIRHEUMATIC PROD.,NON-STEROIDS",2021-07-27,,"Business reasons",2021-07-27,2021-08-12,No
108364,02039486,Discontinuation,DIFLUNISAL,"AA PHARMA INC",Diflunisal,DIFLUNISAL,250MG,100BTL,ORAL,Discontinued,TABLET,N02BA,"OTHER ANALGESICS AND ANTIPYRETICS",2020-03-10,,"Business reasons",2020-03-10,2020-03-11,No
108367,02039494,Discontinuation,DIFLUNISAL,"AA PHARMA INC",DIFLUNISAL,DIFLUNISAL,500MG,100BTL,ORAL,Discontinued,TABLET,N02BA,"OTHER ANALGESICS AND ANTIPYRETICS",2020-03-10,,"Business reasons",2020-03-10,2020-03-11,No
274800,00023450,Discontinuation,"DILANTIN-125 SUSPENSION","BGP PHARMA ULC",PHENYTOIN,PHENYTOIN,125MG,"250ML BT","ORAL; ORAL",Discontinued,SUSPENSION,N03AB,ANTIEPILEPTICS,2025-12-09,,"Business reasons",2025-12-19,2025-12-19,No
274803,00023442,Discontinuation,"DILANTIN-30 SUSPENSION","BGP PHARMA ULC",PHENYTOIN,PHENYTOIN,30MG,"5ML BT","ORAL; ORAL",Discontinued,SUSPENSION,N03AB,ANTIEPILEPTICS,2025-12-09,,"Business reasons",2025-12-19,2025-12-19,No
41479,00786535,Discontinuation,DILAUDID,"PURDUE PHARMA","hydromorphone hydrochloride","HYDROMORPHONE HYDROCHLORIDE",1MG,450ml,,Discontinued,,,,2018-03-01,2018-03-01,"Business reasons",2018-03-01,2018-03-02,No
2412,02400421,Discontinuation,"DILTIAZEM CD","SANIS HEALTH INC","DILTIAZEM CD CAPS","DILTIAZEM HYDROCHLORIDE",120MG,100,ORAL,Reversed,"CAPSULE (CONTROLLED-DELIVERY)",C08DB,"SELECTIVE CALC.CHANNEL BLOCK. W/DIRECT CARDIAC EFF",2016-04-25,,"Manufacturing issues",2017-03-14,2017-07-31,No
2416,02400448,Discontinuation,"DILTIAZEM CD","SANIS HEALTH INC","DILTIAZEM CD CAPS","DILTIAZEM HYDROCHLORIDE",180MG,100,ORAL,Reversed,"CAPSULE (CONTROLLED-DELIVERY)",C08DB,"SELECTIVE CALC.CHANNEL BLOCK. W/DIRECT CARDIAC EFF",2016-06-21,,"Manufacturing issues",2017-03-14,2017-07-31,No
2421,02400456,Discontinuation,"DILTIAZEM CD","SANIS HEALTH INC","DILTIAZEM CD","DILTIAZEM HYDROCHLORIDE",240MG,100,ORAL,Reversed,"CAPSULE (CONTROLLED-DELIVERY)",C08DB,"SELECTIVE CALC.CHANNEL BLOCK. W/DIRECT CARDIAC EFF",2016-06-21,,"Manufacturing issues",2017-03-14,2017-07-31,No
107342,02400421,Discontinuation,"DILTIAZEM CD","SANIS HEALTH INC","DILTIAZEM CD",,,100,,Discontinued,,,,2017-08-17,,"Business reasons",2020-02-27,2020-02-27,No
107353,02400448,Discontinuation,"DILTIAZEM CD","SANIS HEALTH INC","DILTIAZEM CD",,,100,,Discontinued,,,,2017-08-03,,"Business reasons",2020-02-27,2020-02-27,No
107357,02400456,Discontinuation,"DILTIAZEM CD","SANIS HEALTH INC","DILTIAZEM CD",,,100,,Discontinued,,,,2017-09-27,,"Business reasons",2020-02-27,2020-02-27,No
107364,02400464,Discontinuation,"DILTIAZEM CD","SANIS HEALTH INC","DILTIAZEM CD",,,100,,Discontinued,,,,2017-09-27,,"Business reasons",2020-02-27,2020-02-27,No
143802,02325306,Discontinuation,"DILTIAZEM TZ","PRO DOC LIMITEE","Diltiazem Capsule","DILTIAZEM HYDROCHLORIDE",120MG,100,"ORAL; ORAL",Discontinued,"CAPSULE (EXTENDED RELEASE)",C08DB,"SELECTIVE CALC.CHANNEL BLOCK. W/DIRECT CARDIAC EFF",2021-07-27,,"Business reasons",2021-08-06,2021-08-06,No
143805,02325314,Discontinuation,"DILTIAZEM TZ","PRO DOC LIMITEE","Diltiazem Capsule","DILTIAZEM HYDROCHLORIDE",180MG,100,"ORAL; ORAL",Discontinued,"CAPSULE (EXTENDED RELEASE)",C08DB,"SELECTIVE CALC.CHANNEL BLOCK. W/DIRECT CARDIAC EFF",2021-07-27,,"Business reasons",2021-08-06,2021-08-06,No
143808,02325322,Discontinuation,"DILTIAZEM TZ","PRO DOC LIMITEE","Diltiazem Capsule","DILTIAZEM HYDROCHLORIDE",240MG,100,"ORAL; ORAL",Discontinued,"CAPSULE (EXTENDED RELEASE)",C08DB,"SELECTIVE CALC.CHANNEL BLOCK. W/DIRECT CARDIAC EFF",2021-07-27,,"Business reasons",2021-08-06,2021-08-06,No
143811,02325330,Discontinuation,"DILTIAZEM TZ","PRO DOC LIMITEE","Diltiazem Capsule","DILTIAZEM HYDROCHLORIDE",300MG,100,"ORAL; ORAL",Discontinued,"CAPSULE (EXTENDED RELEASE)",C08DB,"SELECTIVE CALC.CHANNEL BLOCK. W/DIRECT CARDIAC EFF",2021-07-27,,"Business reasons",2021-08-06,2021-08-06,No
143814,02325349,Discontinuation,"DILTIAZEM TZ","PRO DOC LIMITEE","Diltiazem Capsule","DILTIAZEM HYDROCHLORIDE",360MG,100,ORAL,Discontinued,"CAPSULE (EXTENDED RELEASE)",C08DB,"SELECTIVE CALC.CHANNEL BLOCK. W/DIRECT CARDIAC EFF",2021-07-27,,"Business reasons",2021-08-06,2021-08-06,No
143084,02231472,Discontinuation,DILTIAZEM-CD,"PRO DOC LIMITEE",DILTIAZEM-CD,"DILTIAZEM HYDROCHLORIDE",120MG,100,"ORAL; ORAL",Discontinued,"CAPSULE (EXTENDED RELEASE); CAPSULE (CONTROLLED-DELIVERY)",C08DB,"SELECTIVE CALC.CHANNEL BLOCK. W/DIRECT CARDIAC EFF",2021-07-27,,"Business reasons",2021-07-27,2021-08-12,No
143087,02231474,Discontinuation,DILTIAZEM-CD,"PRO DOC LIMITEE",DILTIAZEM-CD,"DILTIAZEM HYDROCHLORIDE",180MG,100,"ORAL; ORAL",Discontinued,"CAPSULE (EXTENDED RELEASE); CAPSULE (CONTROLLED-DELIVERY)",C08DB,"SELECTIVE CALC.CHANNEL BLOCK. W/DIRECT CARDIAC EFF",2021-07-27,,"Business reasons",2021-07-27,2021-08-12,No
143090,02231475,Discontinuation,DILTIAZEM-CD,"PRO DOC LIMITEE",DILTIAZEM-CD,"DILTIAZEM HYDROCHLORIDE",240MG,100,"ORAL; ORAL",Discontinued,"CAPSULE (EXTENDED RELEASE); CAPSULE (CONTROLLED-DELIVERY)",C08DB,"SELECTIVE CALC.CHANNEL BLOCK. W/DIRECT CARDIAC EFF",2021-07-27,,"Business reasons",2021-07-27,2021-08-12,No
143093,02231057,Discontinuation,DILTIAZEM-CD,"PRO DOC LIMITEE",DILTIAZEM-CD,"DILTIAZEM HYDROCHLORIDE",300MG,100,"ORAL; ORAL",Discontinued,"CAPSULE (EXTENDED RELEASE); CAPSULE (CONTROLLED-DELIVERY)",C08DB,"SELECTIVE CALC.CHANNEL BLOCK. W/DIRECT CARDIAC EFF",2021-07-27,,"Business reasons",2021-07-27,2021-08-12,No
2990,00862975,Discontinuation,DIPROLENE,"MERCK CANADA INC","BETAMETHASONE DIPROPIONATE LOTION, USP",BETAMETHASONE,0.5MG,60ML,TOPICAL,Discontinued,LOTION,D07AC,"CORTICOSTEROIDS, PLAIN",2017-11-01,2017-11-30,"Business reasons",2017-03-15,2017-11-02,No
68027,00688622,Discontinuation,DIPROLENE,"MERCK CANADA INC","BETAMETHASONE DIPROPIONATE CREAM (glycol)",BETAMETHASONE,0.5MG,"50g tube",TOPICAL,Discontinued,CREAM,D07AC,"CORTICOSTEROIDS, PLAIN",2019-07-03,2019-06-30,"Business reasons",2018-11-29,2019-07-04,No
109401,00578428,Discontinuation,DIPROSALIC,"MERCK CANADA INC","Betamethasone Dipropionate and Salicylic Acid Lotion","BETAMETHASONE; SALICYLIC ACID","0.5MG; 20MG",60ML,TOPICAL,Discontinued,LOTION,D07XC,"CORTICOSTEROIDS, OTHER COMBINATIONS",2020-03-25,,"Business reasons",2020-03-25,2020-03-26,No
281684,00417246,Discontinuation,DIPROSONE,"ORGANON CANADA INC.","Betamethasone dipropionate lotion",BETAMETHASONE,0.05%,75,"TOPICAL; TOPICAL",Discontinued,LOTION,D07AC,"CORTICOSTEROIDS, PLAIN",2026-06-11,2026-06-12,"Business reasons",2026-03-27,2026-06-12,No
155633,02243960,Discontinuation,"DITROPAN XL","JANSSEN INC","DITROPAN* XL 5mg Tablets 100's","OXYBUTYNIN CHLORIDE",5MG,100,"ORAL; ORAL",Discontinued,"TABLET (EXTENDED-RELEASE)",G04BD,"OTHER UROLOGICALS, INCL ANTISPASMODICS",2022-08-31,2022-08-31,"Business reasons",2022-02-25,2022-09-08,No
155636,02243961,Discontinuation,"DITROPAN XL","JANSSEN INC","DITROPAN* XL 10mg Tablets 100's","OXYBUTYNIN CHLORIDE",10MG,100,"ORAL; ORAL",Discontinued,"TABLET (EXTENDED-RELEASE)",G04BD,"OTHER UROLOGICALS, INCL ANTISPASMODICS",2022-08-31,2022-08-31,"Business reasons",2022-02-25,2022-09-08,No
2389,02400499,Discontinuation,DIVALPROEX,"SANIS HEALTH INC","DIVALPROEX TABS","VALPROIC ACID",125MG,100,ORAL,Reversed,"TABLET (ENTERIC-COATED)",N03AG,ANTIEPILEPTICS,2015-07-29,,"Manufacturing issues",2017-03-14,2017-07-31,No
2396,02400502,Discontinuation,DIVALPROEX,"SANIS HEALTH INC","DIVALPROEX TABS","VALPROIC ACID",250MG,100,ORAL,Reversed,"TABLET (ENTERIC-COATED)",N03AG,ANTIEPILEPTICS,2015-07-29,,"Manufacturing issues",2017-03-14,2017-07-31,No
2402,02400510,Discontinuation,DIVALPROEX,"SANIS HEALTH INC","DIVALPROEX TABS","VALPROIC ACID",500MG,100,ORAL,Reversed,"TABLET (ENTERIC-COATED)",N03AG,ANTIEPILEPTICS,2015-07-29,,"Manufacturing issues",2017-03-14,2017-07-31,No
107369,02400499,Discontinuation,DIVALPROEX,"SANIS HEALTH INC",DIVALPROEX,,,100,,Discontinued,,,,2017-08-03,,"Business reasons",2020-02-27,2020-02-27,No
107372,02400502,Discontinuation,DIVALPROEX,"SANIS HEALTH INC",DIVALPROEX,,,100,,Discontinued,,,,2017-07-31,,"Business reasons",2020-02-27,2020-02-27,No
107375,02400510,Discontinuation,DIVALPROEX,"SANIS HEALTH INC",DIVALPROEX,,,100,,Discontinued,,,,2017-07-31,,"Business reasons",2020-02-27,2020-02-27,No
9488,02240341,Discontinuation,DIVALPROEX-125,"PRO DOC LIMITEE",DIVALPROEX,"VALPROIC ACID",125MG,100,ORAL,Discontinued,"TABLET (ENTERIC-COATED)",N03AG,ANTIEPILEPTICS,2017-05-05,,"Business reasons",2017-05-08,2017-05-08,No
9494,02240342,Discontinuation,DIVALPROEX-250,"PRO DOC LIMITEE",DIVALPROEX,"VALPROIC ACID",250MG,100-500,ORAL,Discontinued,"TABLET (ENTERIC-COATED)",N03AG,ANTIEPILEPTICS,2017-05-05,,"Business reasons",2017-05-08,2017-05-08,No
9502,02240343,Discontinuation,DIVALPROEX-500,"PRO DOC LIMITEE",DIVALPROEX,"VALPROIC ACID",500MG,100,ORAL,Discontinued,"TABLET (ENTERIC-COATED)",N03AG,ANTIEPILEPTICS,2017-05-05,,"Business reasons",2017-05-08,2017-05-08,No
63937,02412225,Discontinuation,"DOCETAXEL INJECTION","TEVA CANADA LIMITED",DOCETAXEL,,,1,,Discontinued,,,,2018-06-30,,"Business reasons",2018-10-12,2018-10-12,No
63940,02412233,Discontinuation,"DOCETAXEL INJECTION","TEVA CANADA LIMITED",DOCETAXEL,,,1,,Discontinued,,,,2018-06-30,,"Business reasons",2018-10-12,2018-10-12,No
261390,02326086,Discontinuation,"DOCUSATE SODIUM","PRO DOC LIMITEE","DOCUSATE SODIUM","DOCUSATE SODIUM",100MG,1000,"ORAL; ORAL",Discontinued,CAPSULE,A06AA,"DRUGS FOR CONSTIPATION",2025-06-30,,"Business reasons",2025-06-30,2025-07-01,No
40738,02367831,Discontinuation,"DOCUSATE SODIUM CAPSULES","APOTEX INC",DOCUSATE,"DOCUSATE SODIUM",100MG,"100 BTL",ORAL,Discontinued,CAPSULE,A06AA,"DRUGS FOR CONSTIPATION",2018-09-14,2018-08-08,"Business reasons",2018-02-23,2018-09-15,No
128343,02251280,Discontinuation,DOM-CIPROFLOXACIN,"DOMINION PHARMACAL","Ciprofloxacin tablets",CIPROFLOXACIN,500MG,100,"ORAL; ORAL",Discontinued,TABLET,J01MA,"QUINOLONE ANTIBACTERIALS",2017-12-31,,"Business reasons",2020-11-13,2020-11-13,No
1262,00619698,Discontinuation,"DOPAMINE HYDROCHLORIDE AND 5% DEXTROSE INJECTION USP","HOSPIRA HEALTHCARE CORPORATION",Dopamine,"DOPAMINE HYDROCHLORIDE; DEXTROSE","1.6MG; 50MG","400 mg/250 mL",INTRAVENOUS,Discontinued,SOLUTION,C01CA,"CARDIAC STIMULANTS EXCL. CARDIAC GLYCOSIDES",2017-02-27,,"Business reasons",2017-03-13,2018-11-26,No
241852,02489635,Discontinuation,"DORZOLAMIDE AND TIMOLOL EYE DROPS BP","HIKMA CANADA LIMITED","DORZOLAMIDE AND TIMOLOL EYE DROPS BP","TIMOLOL; DORZOLAMIDE","5MG; 20MG",10mL,OPHTHALMIC,Discontinued,SOLUTION,S01ED,"ANTIGLAUCOMA PREPARATIONS AND MIOTICS",2024-10-31,,"Business reasons",2024-11-01,2024-11-01,No
11717,02150956,Discontinuation,"DOVONEX - CRM 50MCG/GM","LEO PHARMA INC",calcipotriol,CALCIPOTRIOL,50MCG,"15, 60g and 120 g",TOPICAL,Discontinued,CREAM,D05AX,"ANTIPSORIATICS FOR TOPICAL USE",2017-06-02,2017-06-02,"Business reasons",2017-06-02,2017-06-03,No
9511,02240978,Discontinuation,DOXAZOSIN-1,"PRO DOC LIMITEE",DOXAZOSIN,DOXAZOSIN,1MG,100,ORAL,Discontinued,TABLET,C02CA,"ANTIADRENERGIC AGENTS, PERIPHERALLY ACTING",2017-05-05,,"Business reasons",2017-05-08,2017-05-08,No
9515,02240979,Discontinuation,DOXAZOSIN-2,"PRO DOC LIMITEE",DOXAZOSIN,DOXAZOSIN,2MG,100,ORAL,Discontinued,TABLET,C02CA,"ANTIADRENERGIC AGENTS, PERIPHERALLY ACTING",2017-05-05,,"Business reasons",2017-05-08,2017-05-08,No
9519,02240980,Discontinuation,DOXAZOSIN-4,"PRO DOC LIMITEE",DOXAZOSIN,DOXAZOSIN,4MG,100,ORAL,Discontinued,TABLET,C02CA,"ANTIADRENERGIC AGENTS, PERIPHERALLY ACTING",2017-05-05,,"Business reasons",2017-05-08,2017-05-08,No
65447,02050048,Discontinuation,DOXEPIN,"AA PHARMA INC",DOXEPIN,DOXEPIN,100MG,100BTL,ORAL,Discontinued,CAPSULE,N06AA,ANTIDEPRESSANTS,2018-12-04,2018-12-04,"Business reasons",2018-10-23,2019-01-14,No
65452,02049996,Discontinuation,DOXEPIN,"AA PHARMA INC",DOXEPIN,DOXEPIN,10MG,100BTL,ORAL,Discontinued,CAPSULE,N06AA,ANTIDEPRESSANTS,2018-11-19,2018-11-23,"Business reasons",2018-10-23,2019-01-14,No
65458,02050005,Discontinuation,DOXEPIN,"AA PHARMA INC",DOXEPIN,DOXEPIN,25MG,"100 BTL",ORAL,Discontinued,CAPSULE,N06AA,ANTIDEPRESSANTS,2018-10-23,,"Business reasons",2018-10-23,2018-10-24,No
65463,02050013,Discontinuation,DOXEPIN,"AA PHARMA INC",DOXEPIN,DOXEPIN,50MG,"100 BTL",ORAL,Discontinued,CAPSULE,N06AA,ANTIDEPRESSANTS,2018-12-18,2018-12-18,"Business reasons",2018-10-23,2019-01-07,No
65466,02050021,Discontinuation,DOXEPIN,"AA PHARMA INC",DOXEPIN,DOXEPIN,75MG,"100 BTL",ORAL,Discontinued,CAPSULE,N06AA,ANTIDEPRESSANTS,2019-01-30,2019-02-23,"Business reasons",2018-10-23,2022-01-27,No
144561,02410397,Discontinuation,DOXORUBICIN,"PFIZER CANADA ULC",DOXORUBICIN,"DOXORUBICIN HYDROCHLORIDE",2MG,100mL,"INTRAVESICAL; INTRAVENOUS; INTRAVESICAL; INTRAVENOUS",Discontinued,SOLUTION,L01DB,"CYTOTOXIC ANTIBIOTICS AND RELATED SUBSTANCES",2021-08-24,,"Business reasons",2021-08-24,2021-08-25,No
145256,02410397,Discontinuation,DOXORUBICIN,"PFIZER CANADA ULC",DOXORUBICIN,"DOXORUBICIN HYDROCHLORIDE",2MG,"1 x 100mL","INTRAVESICAL; INTRAVENOUS; INTRAVESICAL; INTRAVENOUS",Discontinued,SOLUTION,L01DB,"CYTOTOXIC ANTIBIOTICS AND RELATED SUBSTANCES",2021-08-25,,"Business reasons",2021-09-07,2021-09-07,No
59179,02375710,Discontinuation,"DOXORUBICIN HYDROCHLORIDE INJECTION","SANDOZ CANADA INCORPORATED",DOXORUBICIN,"DOXORUBICIN HYDROCHLORIDE",2MG,"25ML VIAL","INTRAVENOUS; INTRAVESICAL",Discontinued,SOLUTION,L01DB,"CYTOTOXIC ANTIBIOTICS AND RELATED SUBSTANCES",2019-01-01,,"Raw material availability",2018-08-27,2019-01-02,No
219591,02490897,Discontinuation,DULOXETINE,"SANIS HEALTH INC",DULOXETINE,DULOXETINE,60MG,100,"ORAL; ORAL","To be discontinued","CAPSULE (DELAYED RELEASE)",N06AX,ANTIDEPRESSANTS,,2024-07-05,"Manufacturing issues",2024-02-15,2024-02-15,No
219618,02490889,Discontinuation,DULOXETINE,"SANIS HEALTH INC",DULOXETINE,DULOXETINE,30MG,100,"ORAL; ORAL",Reversed,"CAPSULE (DELAYED RELEASE)",N06AX,ANTIDEPRESSANTS,,2024-07-31,"Business reasons",2024-02-15,2024-04-23,No
59994,02334186,Discontinuation,DURAGESIC,"JANSSEN INC","fentanyl transdermal system",FENTANYL,12MCG,5,TRANSDERMAL,Discontinued,PATCH,N02AB,OPIOIDS,2018-11-01,2018-11-01,"Business reasons",2018-09-05,2018-11-02,No
59997,02275813,Discontinuation,DURAGESIC,"JANSSEN INC","fentanyl transdermal system, narcotic analgesic patch",FENTANYL,25MCG,5,TRANSDERMAL,Discontinued,PATCH,N02AB,OPIOIDS,2018-11-01,2018-11-01,"Business reasons",2018-09-05,2018-11-02,No
60000,02275821,Discontinuation,DURAGESIC,"JANSSEN INC","fentanyl transdermal system, narcotic analgesic patch",FENTANYL,50MCG,5,TRANSDERMAL,Discontinued,PATCH,N02AB,OPIOIDS,2018-11-01,2018-11-01,"Business reasons",2018-09-05,2018-11-02,No
60003,02275848,Discontinuation,DURAGESIC,"JANSSEN INC","fentanyl transdermal system, narcotic analgesic patch",FENTANYL,75MCG,5,TRANSDERMAL,Discontinued,PATCH,N02AB,OPIOIDS,2018-11-01,2018-11-01,"Business reasons",2018-09-05,2018-11-02,No
60006,02275856,Discontinuation,DURAGESIC,"JANSSEN INC","fentanyl transdermal system, narcotic analgesic patch",FENTANYL,100MCG,5,TRANSDERMAL,Discontinued,PATCH,N02AB,OPIOIDS,2018-11-01,2018-11-01,"Business reasons",2018-09-05,2018-11-02,No
135523,02231593,Discontinuation,DURATOCIN,"FERRING INC","carbetocin injection",CARBETOCIN,100MCG,"Boxes of 5 ampoules","INTRAVENOUS; INTRAVENOUS",Discontinued,"LIQUID; SOLUTION",H01BB,"POSTERIOR PITUITARY LOBE HORMONES",2021-05-18,2021-05-15,"Business reasons",2021-03-11,2021-05-19,No
276678,02421712,Discontinuation,DUTASTERIDE,"PRO DOC LIMITEE",DUTASTERIDE,DUTASTERIDE,0.5MG,30,"ORAL; ORAL",Discontinued,CAPSULE,G04CB,"DRUGS USED IN BENIGN PROSTATIC HYPERTROPHY",2024-12-31,,"Other (Please describe in comments)",2026-01-27,2026-01-27,No
278530,02260638,Discontinuation,EBIXA,"LUNDBECK CANADA INC",Memantine,"MEMANTINE HYDROCHLORIDE",10MG,"Blister of 30, 50 and 100 tablets","ORAL; ORAL",Discontinued,TABLET,N06DX,"ANTI-DEMENTIA DRUGS",2026-07-23,2026-07-23,"Business reasons",2026-02-20,2026-09-10,No
12710,00583782,Discontinuation,"EES 600 TABLETS 600MG","AMDIPHARM LIMITED","Erythomycin ethylsuccinate tablets USP",ERYTHROMYCIN,600MG,All,ORAL,Discontinued,TABLET,J01FA,"MACROLIDES, LINCOSAMIDES AND STREPTOGRAMINS",2017-06-12,,"Business reasons",2017-06-13,2017-06-13,No
13646,00000299,Discontinuation,EES-200,"AMDIPHARM LIMITED","erythromycin ethylsuccinate oral suspension USP",ERYTHROMYCIN,40MG,All,ORAL,Discontinued,"POWDER FOR SUSPENSION",J01FA,"MACROLIDES, LINCOSAMIDES AND STREPTOGRAMINS",2017-06-21,2017-06-21,"Business reasons",2017-06-22,2017-06-22,No
13643,00453617,Discontinuation,EES-400,"AMDIPHARM LIMITED","erythromycin ethylsuccinate oral suspension USP",ERYTHROMYCIN,400MG,All,ORAL,Discontinued,"POWDER FOR SUSPENSION",J01FA,"MACROLIDES, LINCOSAMIDES AND STREPTOGRAMINS",2017-06-21,2017-06-21,"Business reasons",2017-06-22,2017-06-22,No
99698,02349124,Discontinuation,EFFIENT,"ELI LILLY CANADA INC","prasugrel ( as prasugrel hydrochoride)",PRASUGREL,10MG,"Blister package of 30 tablets",ORAL,Discontinued,TABLET,B01AC,"ANTITHROMBOTIC AGENTS",2020-02-10,2020-01-31,"Business reasons",2019-11-26,2020-02-11,No
37263,02209764,Discontinuation,EGOZINC-HC,"PHARMASCIENCE INC",EGOZINC,"HYDROCORTISONE ACETATE; ZINC SULFATE","0.5%; 0.5%",30g,"RECTAL; TOPICAL",Discontinued,OINTMENT,C05AA,"AGENTS FOR TREATMENT OF HEMORRHOIDS AND ANAL FISSURES FOR TOPICAL USE",2018-01-24,,"Other (Please describe in comments)",2018-01-26,2018-01-26,No
117754,02209764,Discontinuation,EGOZINC-HC,"PHARMASCIENCE INC",EGOZINC,"ZINC SULFATE; HYDROCORTISONE ACETATE","0.5%; 0.5%",15G,"RECTAL; TOPICAL; RECTAL; TOPICAL",Discontinued,OINTMENT,C05AA,"AGENTS FOR TREATMENT OF HEMORRHOIDS AND ANAL FISSURES FOR TOPICAL USE",2020-06-15,2020-06-15,"Business reasons",2020-06-15,2021-10-27,No
170025,02438712,Discontinuation,EGRIFTA,"THERATECHNOLOGIES INC","Tesamorelin for injection",TESAMORELIN,1MG,"60 vials containing (each) 1 mg of tesamorelin","SUBCUTANEOUS; SUBCUTANEOUS","To be discontinued","POWDER FOR SOLUTION; KIT",H01AC,"ANTERIOR PITUITARY LOBE HORMONES AND ANALOGUES",,2022-09-30,"Business reasons",2022-09-22,2022-09-22,No
247824,00335053,Discontinuation,ELAVIL,"AA PHARMA INC",Elavil,"AMITRIPTYLINE HYDROCHLORIDE",10MG,100BTL,"ORAL; ORAL","To be discontinued",TABLET,N06AA,ANTIDEPRESSANTS,,2025-01-10,"Business reasons",2025-01-16,2025-01-16,No
247827,00335053,Discontinuation,ELAVIL,"AA PHARMA INC",Elavil,"AMITRIPTYLINE HYDROCHLORIDE",10MG,"1000 BTL","ORAL; ORAL","To be discontinued",TABLET,N06AA,ANTIDEPRESSANTS,,2025-01-10,"Business reasons",2025-01-16,2025-01-16,No
247830,00335061,Discontinuation,ELAVIL,"AA PHARMA INC",Elavil,"AMITRIPTYLINE HYDROCHLORIDE",25MG,100BTL,"ORAL; ORAL","To be discontinued",TABLET,N06AA,ANTIDEPRESSANTS,,2025-01-10,"Business reasons",2025-01-16,2025-01-16,No
247833,00335061,Discontinuation,ELAVIL,"AA PHARMA INC",Elavil,"AMITRIPTYLINE HYDROCHLORIDE",25MG,"1000 BTL","ORAL; ORAL","To be discontinued",TABLET,N06AA,ANTIDEPRESSANTS,,2025-01-10,"Business reasons",2025-01-16,2025-01-16,No
247836,00335088,Discontinuation,ELAVIL,"AA PHARMA INC",Elavil,"AMITRIPTYLINE HYDROCHLORIDE",50MG,100BTL,"ORAL; ORAL","To be discontinued",TABLET,N06AA,ANTIDEPRESSANTS,,2025-01-10,"Business reasons",2025-01-16,2025-01-16,No
247839,00335088,Discontinuation,ELAVIL,"AA PHARMA INC",Elavil,"AMITRIPTYLINE HYDROCHLORIDE",50MG,"1000 BTL","ORAL; ORAL","To be discontinued",TABLET,N06AA,ANTIDEPRESSANTS,,2025-04-07,"Business reasons",2025-01-16,2025-01-16,No
247842,00754129,Discontinuation,ELAVIL,"AA PHARMA INC",Elavil,"AMITRIPTYLINE HYDROCHLORIDE",75MG,100BTL,"ORAL; ORAL","To be discontinued",TABLET,N06AA,ANTIDEPRESSANTS,,2025-08-28,"Business reasons",2025-01-16,2025-01-16,No
256965,02425637,Discontinuation,ELELYSO,"PFIZER CANADA ULC",Elelyso,"TALIGLUCERASE ALFA",200UNIT,1x10ml,"INTRAVENOUS; INTRAVENOUS",Discontinued,"POWDER FOR SOLUTION",A16AB,"OTHER ALIMENTARY TRACT AND METABOLISM PRODUCTS",2025-05-05,,"Business reasons",2025-05-09,2025-05-09,No
272684,00871095,Discontinuation,ELOCOM,"ORGANON CANADA INC.","Mometasone Furoate Lotion","MOMETASONE FUROATE",0.1%,75ML,"TOPICAL; TOPICAL",Discontinued,LOTION,D07AC,"CORTICOSTEROIDS, PLAIN",2026-06-30,2026-06-30,"Business reasons",2025-11-27,2026-09-10,No
57608,02296284,Discontinuation,ELOXATIN,"SANOFI-AVENTIS CANADA INC","Eloxatin Solution 50mg/10ml",OXALIPLATIN,5MG,1,INTRAVENOUS,Discontinued,SOLUTION,L01XA,"OTHER ANTINEOPLASTIC AGENTS",2018-10-19,2018-10-19,"Business reasons",2018-08-07,2018-10-24,No
57613,02296284,Discontinuation,ELOXATIN,"SANOFI-AVENTIS CANADA INC","Eloxatin Solution 100mg/20ml",OXALIPLATIN,5MG,1,INTRAVENOUS,Discontinued,SOLUTION,L01XA,"OTHER ANTINEOPLASTIC AGENTS",2018-10-19,2018-10-19,"Business reasons",2018-08-07,2018-10-24,No
57616,02296284,Discontinuation,ELOXATIN,"SANOFI-AVENTIS CANADA INC","Eloxatin Solution 200mg/40ml",OXALIPLATIN,5MG,1,INTRAVENOUS,Discontinued,SOLUTION,L01XA,"OTHER ANTINEOPLASTIC AGENTS",2018-10-19,2018-10-19,"Business reasons",2018-08-07,2018-10-24,No
113481,02213230,Discontinuation,ELTROXIN,"ASPEN PHARMACARE CANADA INC.","Eltroxin 300 mcg","LEVOTHYROXINE SODIUM",300MCG,"500 tablets",ORAL,Discontinued,TABLET,H03AA,"THYROID PREPARATIONS",2018-07-24,,"Business reasons",2020-04-29,2020-04-29,No
98547,02063794,Discontinuation,EMCYT,"PFIZER CANADA ULC",EMCYT,"ESTRAMUSTINE PHOSPHATE SODIUM",140MG,100's,ORAL,Discontinued,CAPSULE,L01XX,"OTHER ANTINEOPLASTIC AGENTS",2019-11-07,,"Business reasons",2019-11-12,2019-11-12,No
275220,02298791,Discontinuation,EMEND,"MERCK CANADA INC","aprepitant capsules",APREPITANT,80MG,2CAP,"ORAL; ORAL","To be discontinued",CAPSULE,A04AD,"ANTIEMETICS AND ANTINAUSEANTS",,2026-12-18,"Business reasons",2026-01-05,2026-07-16,Yes
275223,02298805,Discontinuation,EMEND,"MERCK CANADA INC","aprepitant capsules",APREPITANT,125MG,6CAP,"ORAL; ORAL","To be discontinued",CAPSULE,A04AD,"ANTIEMETICS AND ANTINAUSEANTS",,2027-04-30,"Business reasons",2026-01-05,2026-07-16,Yes
275233,02298813,Discontinuation,"EMEND TRI-PACK","MERCK CANADA INC","aprepitant capsules","APREPITANT; APREPITANT","80MG; 125MG",3CAP,"ORAL; ORAL","To be discontinued","CAPSULE; KIT",A04AD,"ANTIEMETICS AND ANTINAUSEANTS",,2027-02-26,"Business reasons",2026-01-05,2026-07-16,Yes
274742,02458446,Discontinuation,EMERADE,"BAUSCH HEALTH, CANADA INC.",EMERADE,EPINEPHRINE,0.3MG,n,INTRAMUSCULAR,Discontinued,SOLUTION,C01CA,"CARDIAC STIMULANTS EXCL. CARDIAC GLYCOSIDES",2025-12-19,,"Business reasons",2025-12-19,2025-12-20,No
274745,02458454,Discontinuation,EMERADE,"BAUSCH HEALTH, CANADA INC.",EMERADE,EPINEPHRINE,0.5MG,n/a,INTRAMUSCULAR,Discontinued,SOLUTION,C01CA,"CARDIAC STIMULANTS EXCL. CARDIAC GLYCOSIDES",2025-12-19,,"Business reasons",2025-12-19,2025-12-20,No
22574,00595799,Discontinuation,"EMO CORT CREAM 2.5%","GLAXOSMITHKLINE INC","Hydrocortisone cream",HYDROCORTISONE,2.5%,"All pack sizes / Tous les formats",TOPICAL,Discontinued,CREAM,D07AA,"CORTICOSTEROIDS, PLAIN",2017-09-14,,"Business reasons",2017-09-19,2017-09-19,No
8356,00595802,Discontinuation,"EMO CORT LOTION 2.5%","GLAXOSMITHKLINE INC","Hydrocortisone lotion",HYDROCORTISONE,2.5%,60mL,TOPICAL,Discontinued,LOTION,D07AA,"CORTICOSTEROIDS, PLAIN",2017-04-28,,"Manufacturing issues",2017-04-28,2017-04-29,No
288775,02272091,Discontinuation,EMTRIVA,"GILEAD SCIENCES CANADA INC",EMTRICITABINE,EMTRICITABINE,200MG,"30 capsules per bottle (1BTL x 30) / 30 capsules pour chaque flacon (1BTL x 30)",ORAL,Discontinued,CAPSULE,J05AF,"DIRECT ACTING ANTIVIRALS",2026-06-23,,"Business reasons",2026-07-08,2026-07-08,No
168157,02242903,Discontinuation,ENBREL,"IMMUNEX CORPORATION","etanercept for injection","WATER; ETANERCEPT","1ML; 25MG","25 mg/vial","SUBCUTANEOUS; SUBCUTANEOUS",Discontinued,"POWDER FOR SOLUTION; LIQUID; KIT",L04AB,IMMUNOSUPPRESSANTS,2022-12-14,2022-12-15,"Business reasons",2022-08-29,2023-01-13,No
4859,01916548,Discontinuation,ENDOCET,"BRISTOL-MYERS SQUIBB CANADA",Oxycocet,"ACETAMINOPHEN; OXYCODONE HYDROCHLORIDE","325MG; 5MG","1BTL x 100's  and 1 BTL x 500's",ORAL,Discontinued,TABLET,N02AJ,,2017-09-21,2017-09-08,"Business reasons",2017-03-30,2017-09-22,No
100904,01919431,Discontinuation,ENGERIX-B,"GLAXOSMITHKLINE INC","Hepatitis B vaccine (recombinant)","HEPATITIS B SURFACE ANTIGEN",20MCG,"1's (Vial / Fiole)",INTRAMUSCULAR,Discontinued,SUSPENSION,J07BC,"VIRAL VACCINES",2020-05-25,,"Business reasons",2019-12-10,2020-05-27,No
100907,02296454,Discontinuation,ENGERIX-B,"GLAXOSMITHKLINE INC","Hepatitis B vaccine (recombinant)","HEPATITIS B SURFACE ANTIGEN",10MCG,"1's (Vial / Fiole)",INTRAMUSCULAR,Discontinued,SUSPENSION,J07BC,"VIRAL VACCINES",2020-04-24,2020-04-30,"Business reasons",2019-12-10,2020-04-30,No
79932,00038121,Discontinuation,"EPHEDRINE SULFATE INJECTION USP","PFIZER CANADA ULC","EPHEDRINE SULFATE INJECTION USP","EPHEDRINE SULFATE",50MG,"50 x 1mL","INTRAMUSCULAR; SUBCUTANEOUS; INTRAVENOUS",Discontinued,SOLUTION,R03CA,"ADRENERGICS FOR SYSTEMIC USE",2019-03-29,,"Manufacturing issues",2019-03-29,2019-03-30,No
265493,00710814,Discontinuation,"EPINEPHRINE INJECTION USP","PFIZER CANADA ULC","EPINEPHRINE INJECTION USP",EPINEPHRINE,1MG,"10x10mL syringes","INTRAVENOUS; INTRACARDIAC; INTRAVENOUS; INTRACARDIAC",Discontinued,SOLUTION,C01CA,"CARDIAC STIMULANTS EXCL. CARDIAC GLYCOSIDES",2025-08-18,,"Business reasons",2025-08-18,2025-08-19,No
126906,02324091,Discontinuation,"EPIRUBICIN FOR INJECTION","TEVA CANADA LIMITED","EPIRUBICIN FOR INJECTION 2mg/ml","EPIRUBICIN HYDROCHLORIDE",2MG,5ML,"INTRAVENOUS; INTRAVENOUS",Discontinued,SOLUTION,L01DB,"CYTOTOXIC ANTIBIOTICS AND RELATED SUBSTANCES",2020-10-23,2020-10-23,"Business reasons",2020-10-22,2020-10-24,No
15441,02264927,Discontinuation,"EPIRUBICIN HYDROCHLORIDE INJECTION","PFIZER CANADA INC",Epirubicin,"EPIRUBICIN HYDROCHLORIDE",2MG,"5mL & 25mL & 100mL",INTRAVENOUS,Discontinued,SOLUTION,L01DB,"CYTOTOXIC ANTIBIOTICS AND RELATED SUBSTANCES",2017-09-04,,"Business reasons",2017-07-11,2017-09-05,No
288110,02243239,Discontinuation,"EPREX STERILE SOLUTION","JANSSEN INC","EPREX 20000IU single-dose in 0.5mL","EPOETIN ALFA",20000UNIT,"1 syringe","SUBCUTANEOUS; INTRAVENOUS; SUBCUTANEOUS; INTRAVENOUS","To be discontinued",SOLUTION,B03XA,"OTHER ANTIANEMIC PREPARATIONS",,2027-04-30,"Business reasons",2026-06-26,2026-06-26,No
288113,02288680,Discontinuation,"EPREX STERILE SOLUTION","JANSSEN INC","EPREX 30000IU single-dose in 0.75mL","EPOETIN ALFA",30000UNIT,"1 syringe","SUBCUTANEOUS; INTRAVENOUS; SUBCUTANEOUS; INTRAVENOUS","To be discontinued",SOLUTION,B03XA,"OTHER ANTIANEMIC PREPARATIONS",,2027-04-30,"Business reasons",2026-06-26,2026-06-26,No
288107,02231587,Discontinuation,"EPREX STERILE SOLUTION 10000IU/1.0ML","JANSSEN INC","EPREX 10000IU single-dose in 1mL","EPOETIN ALFA",10000UNIT,"6 syringes","SUBCUTANEOUS; INTRAVENOUS; SUBCUTANEOUS; INTRAVENOUS","To be discontinued",SOLUTION,B03XA,"OTHER ANTIANEMIC PREPARATIONS",,2027-04-30,"Business reasons",2026-06-26,2026-06-26,No
288084,02231583,Discontinuation,"EPREX STERILE SOLUTION 1000IU/0.5ML","JANSSEN INC","EPREX 1000IU single-dose in 0.5mL","EPOETIN ALFA",1000UNIT,"6 syringes","SUBCUTANEOUS; INTRAVENOUS; SUBCUTANEOUS; INTRAVENOUS","To be discontinued",SOLUTION,B03XA,"OTHER ANTIANEMIC PREPARATIONS",,2027-04-30,"Business reasons",2026-06-26,2026-06-26,No
288089,02231584,Discontinuation,"EPREX STERILE SOLUTION 2000IU/0.5ML","JANSSEN INC","EPREX 2000IU single-dose in 0.5mL","EPOETIN ALFA",2000UNIT,"6 syringes","SUBCUTANEOUS; INTRAVENOUS; SUBCUTANEOUS; INTRAVENOUS","To be discontinued",SOLUTION,B03XA,"OTHER ANTIANEMIC PREPARATIONS",,2027-04-30,"Business reasons",2026-06-26,2026-06-26,No
288092,02231585,Discontinuation,"EPREX STERILE SOLUTION 3000IU/0.3ML","JANSSEN INC","EPREX 3000IU single-dose in 0.3mL","EPOETIN ALFA",3000UNIT,"6 syringes","SUBCUTANEOUS; INTRAVENOUS; SUBCUTANEOUS; INTRAVENOUS","To be discontinued",SOLUTION,B03XA,"OTHER ANTIANEMIC PREPARATIONS",,2027-04-30,"Business reasons",2026-06-26,2026-06-26,No
288116,02240722,Discontinuation,"EPREX STERILE SOLUTION 40000IU/ML","JANSSEN INC","EPREX 40000IU single-dose in 1mL","EPOETIN ALFA",40000UNIT,"1 syringe","SUBCUTANEOUS; INTRAVENOUS; SUBCUTANEOUS; INTRAVENOUS","To be discontinued",SOLUTION,B03XA,"OTHER ANTIANEMIC PREPARATIONS",,2027-04-30,"Business reasons",2026-06-26,2026-06-26,No
288095,02231586,Discontinuation,"EPREX STERILE SOLUTION 4000IU/0.4ML","JANSSEN INC","EPREX 4000IU single-dose in 0.4mL","EPOETIN ALFA",4000UNIT,"6 syringes","SUBCUTANEOUS; INTRAVENOUS; SUBCUTANEOUS; INTRAVENOUS","To be discontinued",SOLUTION,B03XA,"OTHER ANTIANEMIC PREPARATIONS",,2027-04-30,"Business reasons",2026-06-26,2026-06-26,No
288098,02243400,Discontinuation,"EPREX STERILE SOLUTION 5000IU/0.5ML","JANSSEN INC","EPREX 5000IU single-dose in 0.5mL","EPOETIN ALFA",5000UNIT,"6 syringes","SUBCUTANEOUS; INTRAVENOUS; SUBCUTANEOUS; INTRAVENOUS","To be discontinued",SOLUTION,B03XA,"OTHER ANTIANEMIC PREPARATIONS",,2027-04-30,"Business reasons",2026-06-26,2026-06-26,No
288101,02243401,Discontinuation,"EPREX STERILE SOLUTION 6000 IU/0.6 ML","JANSSEN INC","EPREX 6000IU single-dose in 0.6mL","EPOETIN ALFA",6000UNIT,"6 syringes","SUBCUTANEOUS; INTRAVENOUS; SUBCUTANEOUS; INTRAVENOUS","To be discontinued",SOLUTION,B03XA,"OTHER ANTIANEMIC PREPARATIONS",,2027-04-30,"Business reasons",2026-06-26,2026-06-26,No
288104,02243403,Discontinuation,"EPREX STERILE SOLUTION 8000 IU/0.8 ML","JANSSEN INC","EPREX 8000IU single-dose in 0.8mL","EPOETIN ALFA",8000UNIT,"6 syringes","SUBCUTANEOUS; INTRAVENOUS; SUBCUTANEOUS; INTRAVENOUS","To be discontinued",SOLUTION,B03XA,"OTHER ANTIANEMIC PREPARATIONS",,2027-04-30,"Business reasons",2026-06-26,2026-06-26,No
14024,02405083,Discontinuation,"EPTIFIBATIDE INJECTION","TEVA CANADA LIMITED",EPTIFIBATIDE,EPTIFIBATIDE,0.75MG,100ML,INTRAVENOUS,Discontinued,SOLUTION,B01AC,"ANTITHROMBOTIC AGENTS",2017-03-03,,"Manufacturing issues",2017-06-27,2017-06-27,No
14027,02367858,Discontinuation,"EPTIFIBATIDE INJECTION","TEVA CANADA LIMITED",EPTIFIBATIDE,EPTIFIBATIDE,2MG,10ML,INTRAVENOUS,Discontinued,SOLUTION,B01AC,"ANTITHROMBOTIC AGENTS",2017-03-03,,"Manufacturing issues",2017-06-27,2017-06-27,No
106170,02367858,Discontinuation,"EPTIFIBATIDE INJECTION","TEVA CANADA LIMITED","EPTIFIBATIDE INJECTION",,,10ML,,Discontinued,,,,2017-03-03,,"Business reasons",2020-02-13,2020-02-13,No
106176,02405083,Discontinuation,"EPTIFIBATIDE INJECTION","TEVA CANADA LIMITED","EPTIFIBATIDE INJECTION",,,"7.5 100ML",,Discontinued,,,,2017-03-03,,"Business reasons",2020-02-13,2020-02-13,No
243998,02489147,Discontinuation,ERFA-AMIKACIN,"SEARCHLIGHT PHARMA INC",ERFA-AMIKACIN,AMIKACIN,250MG,2ml,"INTRAVENOUS; INTRAMUSCULAR; INTRAVENOUS; INTRAMUSCULAR",Discontinued,SOLUTION,J01GB,"AMINOGLYCOSIDE ANTIBACTERIALS",2024-11-22,,"Manufacturing issues",2024-11-27,2024-11-27,No
129623,02237815,Discontinuation,ERWINASE,"JAZZ PHARMACEUTICALS FRANCE SAS","Erwinia L-asparaginase",ASPARAGINASE,10000UNIT,"3 mL vials","INTRAMUSCULAR; INTRAVENOUS; SUBCUTANEOUS; INTRAMUSCULAR; INTRAVENOUS; SUBCUTANEOUS",Discontinued,"POWDER FOR SOLUTION",L01XX,"OTHER ANTINEOPLASTIC AGENTS",2021-04-09,2021-04-01,"Business reasons",2020-12-04,2026-02-02,No
13638,00893862,Discontinuation,ERYBID,"AMDIPHARM LIMITED","Erythromycin Tablets",ERYTHROMYCIN,500MG,All,ORAL,Discontinued,TABLET,J01FA,"MACROLIDES, LINCOSAMIDES AND STREPTOGRAMINS",2017-06-21,,"Business reasons",2017-06-22,2017-06-22,No
95138,00607142,Discontinuation,"ERYC DELAYED-RELEASE CAPSULES","PFIZER CANADA ULC",Eryc,ERYTHROMYCIN,250MG,"1 x 100s",ORAL,Discontinued,"CAPSULE (ENTERIC-COATED)",J01FA,"MACROLIDES, LINCOSAMIDES AND STREPTOGRAMINS",2020-04-07,2020-04-01,"Business reasons",2019-10-01,2020-04-13,No
190904,00873454,Discontinuation,"ERYC DELAYED-RELEASE CAPSULES","PFIZER CANADA ULC","ERYC DELAYED-RELEASE CAPSULES",ERYTHROMYCIN,333MG,"Bottle 100","ORAL; ORAL",Discontinued,"CAPSULE (ENTERIC-COATED)",J01FA,"MACROLIDES, LINCOSAMIDES AND STREPTOGRAMINS",2023-04-27,,"Business reasons",2023-04-27,2023-04-28,No
4584,00682020,Discontinuation,ERYTHRO-BASE,"AA PHARMA INC",ERYTHRO-BASE,ERYTHROMYCIN,250MG,"1000 Bottle",ORAL,Discontinued,TABLET,J01FA,"MACROLIDES, LINCOSAMIDES AND STREPTOGRAMINS",2016-10-28,,"Business reasons",2017-03-29,2017-03-28,No
157808,00682020,Discontinuation,ERYTHRO-BASE,"AA PHARMA INC",ERETHRO-BASE,ERYTHROMYCIN,250MG,"100 BTL","ORAL; ORAL",Discontinued,TABLET,J01FA,"MACROLIDES, LINCOSAMIDES AND STREPTOGRAMINS",2022-04-01,,"Business reasons",2022-04-01,2022-04-02,No
68904,00637416,Discontinuation,ERYTHRO-ES,"AA PHARMA INC",Erythro-ES,,,100BTL,,Discontinued,,,,2018-12-07,,"Business reasons",2018-12-07,2018-12-08,No
121825,00637416,Discontinuation,ERYTHRO-ES,"AA PHARMA INC","Erythromycin tablet",ERYTHROMYCIN,600MG,100,ORAL,Discontinued,TABLET,J01FA,"MACROLIDES, LINCOSAMIDES AND STREPTOGRAMINS",2019-01-15,,"Business reasons",2020-08-06,2020-08-06,No
5060,00688568,Discontinuation,ERYTHRO-S,"AA PHARMA INC",ERYTHRO-S,ERYTHROMYCIN,500MG,"100 Bottle",ORAL,Discontinued,TABLET,J01FA,"MACROLIDES, LINCOSAMIDES AND STREPTOGRAMINS",2017-03-31,,"Raw material availability",2017-04-02,2017-04-02,No
121300,00545678,Discontinuation,ERYTHRO-S,"AA PHARMA INC",Erythro-S,ERYTHROMYCIN,250MG,100BTL,"ORAL; ORAL",Discontinued,TABLET,J01FA,"MACROLIDES, LINCOSAMIDES AND STREPTOGRAMINS",2020-07-28,,"Business reasons",2020-07-28,2020-07-29,No
200955,02464489,Discontinuation,ESBRIET,"HOFFMANN-LA ROCHE LIMITED",Pirfenidone,PIRFENIDONE,267MG,"267mg - 42 tabs","ORAL; ORAL",Discontinued,TABLET,L04AX,IMMUNOSUPPRESSANTS,2021-11-25,,"Business reasons",2023-08-03,2023-08-03,No
200961,02393751,Discontinuation,ESBRIET,"HOFFMANN-LA ROCHE LIMITED",Pirfenidone,PIRFENIDONE,267MG,"267MG 270'S","ORAL; ORAL",Discontinued,CAPSULE,L04AX,IMMUNOSUPPRESSANTS,2023-07-07,,"Business reasons",2023-08-03,2023-08-03,No
200964,02393751,Discontinuation,ESBRIET,"HOFFMANN-LA ROCHE LIMITED",Pirfenidone,PIRFENIDONE,267MG,"267MG 63'S","ORAL; ORAL",Discontinued,CAPSULE,L04AX,IMMUNOSUPPRESSANTS,2023-03-20,,"Business reasons",2023-08-03,2023-08-03,No
117876,02303949,Discontinuation,ESCITALOPRAM,"PHARMASCIENCE INC",ESCITALOPRAM,ESCITALOPRAM,10MG,"30, 100","ORAL; ORAL",Discontinued,TABLET,N06AB,ANTIDEPRESSANTS,2020-06-15,2020-06-15,"Business reasons",2020-06-15,2021-10-27,No
117879,02303965,Discontinuation,ESCITALOPRAM,"PHARMASCIENCE INC",ESCITALOPRAM,ESCITALOPRAM,20MG,"30, 100","ORAL; ORAL",Discontinued,TABLET,N06AB,ANTIDEPRESSANTS,2020-06-15,2020-06-15,"Business reasons",2020-06-15,2021-10-27,No
53714,02388138,Discontinuation,"ESME 21","MYLAN PHARMACEUTICALS ULC","Ethinylestradiol / Levonorgestrel","ETHINYL ESTRADIOL; LEVONORGESTREL","20MCG; 100MCG","21 BL",ORAL,Discontinued,TABLET,G03AA,"HORMONAL CONTRACEPTIVES FOR SYSTEMIC USE",2018-07-03,2018-07-03,"Business reasons",2018-07-03,2018-07-04,No
53722,02388146,Discontinuation,"ESME 28","MYLAN PHARMACEUTICALS ULC","Ethinylestradiol / Levonorgestrel","ETHINYL ESTRADIOL; LEVONORGESTREL","20MCG; 100MCG","28 BL",ORAL,Discontinued,TABLET,G03AA,"HORMONAL CONTRACEPTIVES FOR SYSTEMIC USE",2018-07-03,2018-07-03,"Business reasons",2018-07-03,2018-07-04,No
4959,02353210,Discontinuation,ETIDROCAL,"SANIS HEALTH INC","ETIDROCAL KIT","ETIDRONATE DISODIUM; CALCIUM","400MG; 500MG","1 UNIT",ORAL,Discontinued,TABLET,M05BB,"DRUGS AFFECTING BONE STRUCTURE AND MINERALIZATION",2014-07-30,,"Business reasons",2017-03-31,2017-03-31,No
70188,02232317,Discontinuation,ETODOLAC,"AA PHARMA INC",ETODOLAC,ETODOLAC,200MG,100BTL,ORAL,Discontinued,CAPSULE,M01AB,"ANTIINFLAMMATORY/ANTIRHEUMATIC PROD.,NON-STEROIDS",2018-12-11,,"Business reasons",2018-12-20,2019-01-15,No
70191,02232318,Discontinuation,ETODOLAC,"AA PHARMA INC",ETODOLAC,ETODOLAC,300MG,100BTL,ORAL,Discontinued,CAPSULE,M01AB,"ANTIINFLAMMATORY/ANTIRHEUMATIC PROD.,NON-STEROIDS",2018-11-12,,"Business reasons",2018-12-20,2019-01-14,No
203717,02348497,Discontinuation,EVICEL,"OMRIX BIOPHARMACEUTICALS LTD","THROMBIN FIBRINOGEN","THROMBIN; FIBRINOGEN","1200UNIT; 90MG",Vial,"TOPICAL; TOPICAL",Discontinued,"KIT; SOLUTION",B02BC,"VITAMIN K AND OTHER HEMOSTATICS",2023-06-06,,"Business reasons",2023-09-06,2023-09-06,No
257316,02239028,Discontinuation,EVISTA,"ELI LILLY CANADA INC","raloxifene hydrochloride tablet","RALOXIFENE HYDROCHLORIDE",60MG,"Carton containing 28 tablets in blister packaging","ORAL; ORAL",Discontinued,TABLET,G03XC,"OTHER SEX HORM. & MODULATORS OF THE GENITAL SYSTEM",2026-01-30,2026-02-02,"Business reasons",2025-05-14,2026-02-02,No
23000,02446731,Discontinuation,EVOTAZ,"BRISTOL-MYERS SQUIBB CANADA","Atazanavir Cobicistat","ATAZANAVIR; Cobicistat","300MG; 150MG","1BTL x 30",ORAL,Discontinued,TABLET,J05AR,"DIRECT ACTING ANTIVIRALS",2017-09-21,,"Business reasons",2017-09-21,2017-09-22,No
224094,02526271,Discontinuation,EVUSHELD,"ASTRAZENECA CANADA INC","CILGAVIMAB TIXAGEVIMAB SOLUTION",,"150MG; 150MG","2 single dose vials",INTRAMUSCULAR,Discontinued,SOLUTION,J06BD,,2024-03-27,,"Business reasons",2024-04-02,2024-04-04,No
152532,02337819,Discontinuation,EXTAVIA,"NOVARTIS PHARMACEUTICALS CANADA INC","EXTAVIA  30G / VIAL 0.3MG (X15)","INTERFERON BETA-1B",0.3MG,X15,"SUBCUTANEOUS; SUBCUTANEOUS",Discontinued,"POWDER FOR SOLUTION",L03AB,IMMUNOSTIMULANTS,2022-02-10,2022-02-18,"Business reasons",2022-01-12,2022-02-11,No
6139,02315955,Discontinuation,"EXTRA STRENGTH ALLERGY RELIEF","PHARMASCIENCE INC",CETIRIZINE,"CETIRIZINE HYDROCHLORIDE",10MG,120,ORAL,Discontinued,TABLET,R06AE,"ANTIHISTAMINES FOR SYSTEMIC USE",2017-03-31,,"Business reasons",2017-04-07,2017-04-07,No
43179,02276704,Discontinuation,"EXTRA STRENGTH CONTAC COLD & SORE THROAT","VALEANT CANADA LP/VALEANT CANADA S.E.C.","EXTRA STRENGTH CONTAC COLD & SORE THROAT","PHENYLEPHRINE HYDROCHLORIDE; ACETAMINOPHEN","5MG; 500MG",n/a,ORAL,Discontinued,TABLET,N02BE,"OTHER ANALGESICS AND ANTIPYRETICS",2017-07-01,,"Other (Please describe in comments)",2018-03-16,2018-03-16,No
43186,02276224,Discontinuation,"EXTRA STRENGTH CONTAC COMPLETE COUGH, COLD & FLU","VALEANT CANADA LP/VALEANT CANADA S.E.C.","EXTRA STRENGTH CONTAC COMPLETE COUGH, COLD & FLU","DEXTROMETHORPHAN HYDROBROMIDE; PHENYLEPHRINE HYDROCHLORIDE; ACETAMINOPHEN","15MG; 5MG; 500MG",n/a,ORAL,Discontinued,TABLET,N02BE,"OTHER ANALGESICS AND ANTIPYRETICS",2017-07-01,,"Other (Please describe in comments)",2018-03-16,2018-03-16,No
228021,00707937,Discontinuation,"EYE STREAM","ALCON CANADA INC","EYE STREAM","MAGNESIUM CHLORIDE; CALCIUM CHLORIDE; POTASSIUM CHLORIDE; SODIUM CHLORIDE","0.03%; 0.048%; 0.075%; 0.64%","30 ml and 118 ml","OPHTHALMIC; OPHTHALMIC",Discontinued,SOLUTION,V07AB,"ALL OTHER NON-THERAPEUTIC PRODUCTS",2022-10-25,2022-10-31,"Other (Please describe in comments)",2024-05-15,2024-05-15,No
29008,02324881,Discontinuation,FAMCICLOVIR,"PRO DOC LIMITEE",FAMCICLOVIR,FAMCICLOVIR,500MG,21,ORAL,Reversed,TABLET,J05AB,"DIRECT ACTING ANTIVIRALS",2017-11-13,,"Business reasons",2017-11-13,2017-11-14,No
44123,02324873,Discontinuation,FAMCICLOVIR,"PRO DOC LIMITEE",FAMCICLOVIR,FAMCICLOVIR,250MG,30,ORAL,Discontinued,TABLET,J05AB,"DIRECT ACTING ANTIVIRALS",2018-03-27,,"Business reasons",2018-03-27,2018-03-28,No
45794,02324865,Discontinuation,FAMCICLOVIR,"PRO DOC LIMITEE",FAMCICLOVIR,FAMCICLOVIR,125MG,10,ORAL,Discontinued,TABLET,J05AB,"DIRECT ACTING ANTIVIRALS",2018-04-13,,"Business reasons",2018-04-13,2018-04-14,No
114019,02240360,Discontinuation,FENO-MICRO-200,"PRO DOC LIMITEE","FENO MICRO",FENOFIBRATE,200MG,"30,100","ORAL; ORAL",Discontinued,CAPSULE,C10AB,"LIPID MODIFYING AGENTS, PLAIN",2020-05-04,,"Business reasons",2020-05-04,2020-05-05,No
17972,02286092,Discontinuation,"FENOFIBRATE MICRO","SANIS HEALTH INC","FENOFIBRATE MICRO CAPS",FENOFIBRATE,200MG,100,ORAL,Discontinued,CAPSULE,C10AB,"LIPID MODIFYING AGENTS, PLAIN",2013-03-25,,"Business reasons",2017-08-02,2017-08-02,No
4891,02356570,Discontinuation,FENOFIBRATE-S,"SANIS HEALTH INC","FENOFIBRATE-S TAB",FENOFIBRATE,100MG,30,ORAL,Discontinued,TABLET,C10AB,"LIPID MODIFYING AGENTS, PLAIN",2016-10-05,,"Business reasons",2017-03-31,2017-03-31,No
4894,02356589,Discontinuation,FENOFIBRATE-S,"SANIS HEALTH INC","FENOFIBRATE-S TABS",FENOFIBRATE,160MG,100,ORAL,Discontinued,TABLET,C10AB,"LIPID MODIFYING AGENTS, PLAIN",2016-02-11,,"Business reasons",2017-03-31,2017-03-31,No
89949,02395657,Discontinuation,"FENTANYL PATCH","PRO DOC LIMITEE","FENTANYL PATCH",FENTANYL,12MCG,5,TRANSDERMAL,Discontinued,PATCH,N02AB,OPIOIDS,2019-11-01,,"Business reasons",2019-07-25,2019-11-02,No
89952,02395665,Discontinuation,"FENTANYL PATCH","PRO DOC LIMITEE","FENTANYL PATCH",FENTANYL,25MCG,5,TRANSDERMAL,Discontinued,PATCH,N02AB,OPIOIDS,2019-11-01,,"Business reasons",2019-07-25,2019-11-02,No
89955,02395673,Discontinuation,"FENTANYL PATCH","PRO DOC LIMITEE","FENTANYL PATCH",FENTANYL,50MCG,5,TRANSDERMAL,Discontinued,PATCH,N02AB,OPIOIDS,2019-11-01,,"Business reasons",2019-07-25,2019-11-02,No
89958,02395681,Discontinuation,"FENTANYL PATCH","PRO DOC LIMITEE","FENTANYL PATCH",FENTANYL,75MCG,5,TRANSDERMAL,Discontinued,PATCH,N02AB,OPIOIDS,2019-11-01,,"Business reasons",2019-07-25,2019-11-02,No
89961,02395703,Discontinuation,"FENTANYL PATCH","PRO DOC LIMITEE","FENTANYL PATCH",FENTANYL,100MCG,5,TRANSDERMAL,Discontinued,PATCH,N02AB,OPIOIDS,2019-11-01,,"Business reasons",2019-07-25,2019-11-02,No
240240,02460424,Discontinuation,FIASP,"NOVO NORDISK CANADA INC",FIASP,"INSULIN ASPART",100UNIT,5,"SUBCUTANEOUS; SUBCUTANEOUS",Discontinued,SOLUTION,A10AB,"INSULINS AND ANALOGUES",2025-12-03,2025-12-31,"Business reasons",2024-10-15,2025-12-08,No
125735,02408163,Discontinuation,FIBRISTAL,"ALLERGAN INC",Fibristal,"ULIPRISTAL ACETATE",5MG,"30 tablets","ORAL; ORAL",Discontinued,TABLET,G03XB,"OTHER SEX HORM. & MODULATORS OF THE GENITAL SYSTEM",2020-09-24,,"Other (Please describe in comments)",2020-10-06,2020-10-06,No
187634,01926853,Discontinuation,FLAGYL,"ODAN LABORATORIES LTD","Metronidazole capsules",METRONIDAZOLE,500MG,100,"ORAL; ORAL",Discontinued,CAPSULE,P01AB,"AGENTS AGAINST AMOEBIASIS AND OTHER PROTOZOAL DIS.",2023-01-31,,"Business reasons",2023-03-22,2023-03-22,No
223877,01926861,Discontinuation,FLAGYL,"SANOFI-AVENTIS CANADA INC",Metronidazole,METRONIDAZOLE,10%,60g,"VAGINAL; VAGINAL",Discontinued,CREAM,G01AF,"ANTIINFECTIVES/ANTISEPT.,EXCL COMB WITH CORTICOST.",2024-11-19,2024-09-30,"Other (Please describe in comments)",2024-03-28,2024-11-20,No
263349,00323098,Discontinuation,FLAMAZINE,"SMITH & NEPHEW INC","Silver Sulfadiazine","SILVER SULFADIAZINE",1%,"Tube 20g, tube 50g, jar 500g","TOPICAL; TOPICAL",Discontinued,CREAM,D06BA,"CHEMOTHERAPEUTICS FOR TOPICAL USE",2025-11-27,2026-09-30,"Business reasons",2025-07-23,2026-01-12,No
235987,00756784,Discontinuation,FLAREX,"NOVARTIS PHARMACEUTICALS CANADA INC","FLAREX 0.1%SUSP 5ML","FLUOROMETHOLONE ACETATE",0.1%,5ML,"OPHTHALMIC; OPHTHALMIC",Discontinued,SUSPENSION,S01BA,"ANTIINFLAMMATORY AGENTS",2024-09-09,2024-09-16,"Business reasons",2024-08-27,2024-11-28,No
70194,02244680,Discontinuation,FLOCTAFENINE,"AA PHARMA INC",FLOCTAFENINE,FLOCTAFENINE,200MG,100BTL,ORAL,Discontinued,TABLET,N02BG,"OTHER ANALGESICS AND ANTIPYRETICS",2019-04-03,2019-03-31,"Business reasons",2018-12-20,2022-01-27,No
70197,02244681,Discontinuation,FLOCTAFENINE,"AA PHARMA INC",FLOCTAFENINE,FLOCTAFENINE,400MG,100BTL,ORAL,Discontinued,TABLET,N02BG,"OTHER ANALGESICS AND ANTIPYRETICS",2019-02-22,2019-04-30,"Business reasons",2018-12-20,2022-01-27,No
213714,02270102,Discontinuation,"FLOMAX CR","BOEHRINGER INGELHEIM (CANADA) LTD LTEE","FLOMAX CR","TAMSULOSIN HYDROCHLORIDE",0.4MG,"3 X 10","ORAL; ORAL",Discontinued,"TABLET (EXTENDED-RELEASE)",G04CA,"DRUGS USED IN BENIGN PROSTATIC HYPERTROPHY",2024-02-16,2024-02-29,"Business reasons",2023-12-18,2025-05-21,No
18117,02213672,Discontinuation,"FLONASE - AEM-SUS NAS  50MCG/MD","GLAXOSMITHKLINE INC","Fluticasone propionate aqueous nasal spray","FLUTICASONE PROPIONATE",50MCG,120's,NASAL,Discontinued,"METERED-DOSE PUMP",R01AD,"DECONGESTANTS AND OTHER NASAL PREP.FOR TOPICAL USE",2017-08-01,,"Other (Please describe in comments)",2017-08-02,2018-10-17,No
267589,02426544,Discontinuation,"FLUMIST QUADRIVALENT","ASTRAZENECA CANADA INC","Influenza Virus Type A (H1N1), Type A (H3N2), Type B (Victoria) and Type B (Yamagata) strains","INFLUENZA VIRUS TYPE A; INFLUENZA VIRUS TYPE B; INFLUENZA VIRUS TYPE B; INFLUENZA VIRUS TYPE A","32000000FFU; 32000000FFU; 32000000FFU; 32000000FFU","10 sprayers","NASAL; NASAL",Discontinued,SPRAY,J07BB,"VIRAL VACCINES",2025-09-26,2025-09-26,"Other (Please describe in comments)",2025-09-22,2025-09-27,No
125282,02182742,Discontinuation,"FLUOROURACIL INJECTION USP","PFIZER CANADA ULC","Fluorouracil Injection USP",FLUOROURACIL,50MG,"100mL vial","INTRAVENOUS; INTRAVENOUS",Discontinued,SOLUTION,L01BC,ANTIMETABOLITES,2020-11-30,2020-11-30,"Business reasons",2020-09-29,2022-01-17,No
2140,02239636,Discontinuation,"FLUPHENAZINE OMEGA","OMEGA LABORATORIES LTD","Fluphenazine Decanoate Injection BP","FLUPHENAZINE DECANOATE",25MG,"5mL vial","INTRAMUSCULAR; SUBCUTANEOUS",Reversed,LIQUID,N05AB,ANTIPSYCHOTICS,2012-08-13,,"Business reasons",2017-03-14,2017-03-14,No
2143,02242570,Discontinuation,"FLUPHENAZINE OMEGA","OMEGA LABORATORIES LTD","Fluphenazine Decanoate Injection BP","FLUPHENAZINE DECANOATE",100MG,"1mL vial","INTRAMUSCULAR; SUBCUTANEOUS",Reversed,LIQUID,N05AB,ANTIPSYCHOTICS,2012-07-12,,"Business reasons",2017-03-14,2017-03-14,No
46659,00578479,Discontinuation,"FLURAZEPAM 15","PRO DOC LIMITEE",FLURAZEPAM,"FLURAZEPAM HYDROCHLORIDE",15MG,100,ORAL,Discontinued,CAPSULE,N05CD,"HYPNOTICS AND SEDATIVES",2018-04-18,,"Business reasons",2018-04-20,2018-04-20,No
9603,00578487,Discontinuation,"FLURAZEPAM 30","PRO DOC LIMITEE",FLURAZEPAM,"FLURAZEPAM HYDROCHLORIDE",30MG,100,ORAL,Discontinued,CAPSULE,N05CD,"HYPNOTICS AND SEDATIVES",2017-06-21,,"Business reasons",2017-05-08,2017-10-05,No
135284,02216728,Discontinuation,FLURESS,"AKORN INC","fluorescein sodium and benoxinate hydrochloride solution","FLUORESCEIN SODIUM; BENOXINATE HYDROCHLORIDE","0.25%; 0.4%",5mL,OPHTHALMIC,Discontinued,SOLUTION,S01JA,DIAGNOSTICAGENTS,2021-02-22,,"Business reasons",2021-03-08,2021-03-08,No
188847,02236754,Discontinuation,FLUVOXAMINE-100,"PRO DOC LIMITEE",FLUVOXAMINE,"FLUVOXAMINE MALEATE",100MG,100,"ORAL; ORAL",Discontinued,TABLET,N06AB,ANTIDEPRESSANTS,2023-08-16,2023-08-31,"Business reasons",2023-04-05,2023-09-05,No
188844,02236753,Discontinuation,FLUVOXAMINE-50,"PRO DOC LIMITEE",FLUVOXAMINE,"FLUVOXAMINE MALEATE",50MG,100,"ORAL; ORAL",Discontinued,TABLET,N06AB,ANTIDEPRESSANTS,2023-08-17,2023-09-30,"Business reasons",2023-04-05,2023-09-05,No
134564,02445646,Discontinuation,"FLUZONE HIGH-DOSE","SANOFI PASTEUR LIMITED","Influenza Virus Vaccine Trivalent Types A and B (Split Virion)","HAEMAGGLUTININ-STRAIN A; HAEMAGGLUTININ-STRAIN A; HAEMAGGLUTININ-STRAIN B","60MCG; 60MCG; 60MCG","10 x 0.5 mL (single dose) syringes without attached needle","INTRAMUSCULAR; INTRAMUSCULAR",Discontinued,"SUSPENSION; SUSPENSION",J07BB,"VIRAL VACCINES",2020-11-06,2020-11-06,"Business reasons",2021-02-23,2021-03-11,No
82956,00816086,Discontinuation,"FOLIC ACID INJECTION USP","SANDOZ CANADA INCORPORATED","FOLIC ACID","FOLIC ACID",5MG,"10ML vial)","INTRAMUSCULAR; INTRAVENOUS; SUBCUTANEOUS","To be discontinued",LIQUID,B03BB,"VITAMIN B12 AND FOLIC ACID",,2019-10-31,"Business reasons",2019-05-01,2019-05-01,No
104481,00816086,Discontinuation,"FOLIC ACID INJECTION USP","SANDOZ CANADA INCORPORATED","FOLIC ACID","FOLIC ACID",5MG,"10ml X 1 vial","INTRAMUSCULAR; INTRAVENOUS; SUBCUTANEOUS",Discontinued,LIQUID,B03BB,"VITAMIN B12 AND FOLIC ACID",2019-04-30,,"Business reasons",2020-01-28,2020-01-28,No
172087,02230898,Discontinuation,"FORADIL DRY POWDER CAPSULES FOR INHALATION","NOVARTIS PHARMACEUTICALS CANADA INC","FORADIL 12UG  CAPS","FORMOTEROL FUMARATE",12MCG,"6 X 10","INHALATION; INHALATION",Discontinued,CAPSULE,R03AC,"ADRENERGICS, INHALANTS",2023-01-03,2022-12-31,"Business reasons",2022-10-18,2023-01-25,No
130594,02212218,Discontinuation,FORTAZ,"GLAXOSMITHKLINE INC",Ceftazidime,CEFTAZIDIME,1G,"All pack sizes / Tous les formats","INTRAMUSCULAR; INTRAVENOUS",Discontinued,"POWDER FOR SOLUTION",J01DD,"OTHER BETA-LACTAM ANTIBACTERIALS",2020-12-21,,"Business reasons",2020-12-22,2020-12-22,No
130597,02212226,Discontinuation,FORTAZ,"GLAXOSMITHKLINE INC",Ceftazidime,CEFTAZIDIME,2G,"All pack sizes / Tous les formats",INTRAVENOUS,Discontinued,"POWDER FOR SOLUTION",J01DD,"OTHER BETA-LACTAM ANTIBACTERIALS",2020-12-21,,"Business reasons",2020-12-22,2020-12-22,No
130600,02212234,Discontinuation,FORTAZ,"GLAXOSMITHKLINE INC",Ceftazidime,CEFTAZIDIME,6G,"All pack sizes / Tous les formats",INTRAVENOUS,Discontinued,"POWDER FOR SOLUTION",J01DD,"OTHER BETA-LACTAM ANTIBACTERIALS",2020-12-21,,"Business reasons",2020-12-22,2020-12-22,No
263846,02254689,Discontinuation,FORTEO,"ELI LILLY CANADA INC","teriparatide (rDNA origin) injection",TERIPARATIDE,250MCG,"Carton package containing one 2.4 mL prefilled injection pen","SUBCUTANEOUS; SUBCUTANEOUS",Discontinued,SOLUTION,H05AA,"PARATHYROID HORMONES AND ANALOGUES",2026-02-24,2026-02-26,"Business reasons",2025-07-30,2026-02-27,No
143097,02303000,Discontinuation,FOSINOPRIL-10,"PRO DOC LIMITEE",FOSINOPRIL,"FOSINOPRIL SODIUM",10MG,100,"ORAL; ORAL",Discontinued,TABLET,C09AA,"ACE INHIBITORS, PLAIN",2021-07-27,,"Business reasons",2021-07-27,2021-08-12,No
143100,02303019,Discontinuation,FOSINOPRIL-20,"PRO DOC LIMITEE",FOSINOPRIL,"FOSINOPRIL SODIUM",20MG,100,"ORAL; ORAL",Discontinued,TABLET,C09AA,"ACE INHIBITORS, PLAIN",2021-07-27,,"Business reasons",2021-07-27,2021-08-12,No
178916,02287145,Discontinuation,FOSRENOL,"TAKEDA CANADA INC","Lanthanum carbonate hydrate chewable tablets",LANTHANUM,250MG,"Bottles of 90 tablets","ORAL; ORAL",Discontinued,"TABLET (CHEWABLE)",V03AE,"ALL OTHER THERAPEUTIC PRODUCTS",2023-04-30,2023-04-30,"Business reasons",2022-12-20,2023-04-30,No
228178,02287153,Discontinuation,FOSRENOL,"TAKEDA CANADA INC","Lanthanum carbonate hydrate chewable tablets",LANTHANUM,500MG,"2 Bottles of 45 tablets","ORAL; ORAL",Discontinued,"TABLET (CHEWABLE)",V03AE,"ALL OTHER THERAPEUTIC PRODUCTS",2024-06-10,2024-07-31,"Business reasons",2024-05-17,2024-06-10,No
228181,02287161,Discontinuation,FOSRENOL,"TAKEDA CANADA INC","Lanthanum carbonate hydrate chewable tablets",LANTHANUM,750MG,"6 Bottles of 15 tablets","ORAL; ORAL",Discontinued,"TABLET (CHEWABLE)",V03AE,"ALL OTHER THERAPEUTIC PRODUCTS",2024-07-31,2024-07-31,"Business reasons",2024-05-17,2024-08-01,No
228184,02287188,Discontinuation,FOSRENOL,"TAKEDA CANADA INC","Lanthanum carbonate hydrate chewable tablets",LANTHANUM,1000MG,"9 Bottles of 10 tablets","ORAL; ORAL",Discontinued,"TABLET (CHEWABLE)",V03AE,"ALL OTHER THERAPEUTIC PRODUCTS",2024-07-31,2024-07-31,"Business reasons",2024-05-17,2024-08-01,No
196174,02132664,Discontinuation,FRAGMIN,"PFIZER CANADA ULC",FRAGMIN,"DALTEPARIN SODIUM",10000UNIT,"10 x 1mL amp","SUBCUTANEOUS; INTRAVENOUS; SUBCUTANEOUS; INTRAVENOUS",Discontinued,SOLUTION,B01AB,"ANTITHROMBOTIC AGENTS",2024-02-13,,"Business reasons",2023-06-22,2024-02-14,No
34601,02221799,Discontinuation,"FRISIUM TABLET 10MG","LUNDBECK PHARMACEUTICALS LLC",clobazam,CLOBAZAM,10MG,"5 sheets of 6 foil blister cards in carton for a total of 30 tablets",ORAL,Discontinued,TABLET,N05BA,ANXIOLYTICS,2018-08-31,2018-08-31,"Business reasons",2018-01-02,2018-09-18,No
16371,02243861,Discontinuation,FUCITHALMIC,"AMDIPHARM LIMITED","Fusidic acid","FUSIDIC ACID",1%,"Unit Dose (0.2 g x 12)",OPHTHALMIC,Discontinued,DROPS,S01AA,ANTIINFECTIVES,2017-07-18,2017-07-18,"Business reasons",2017-07-19,2017-07-19,No
239548,02247725,Discontinuation,FUZEON,"HOFFMANN-LA ROCHE LIMITED",ENFUVIRTIDE,ENFUVIRTIDE,108MG,"60 X 3ML VIAL","SUBCUTANEOUS; SUBCUTANEOUS","To be discontinued","POWDER FOR SOLUTION",J05AX,"DIRECT ACTING ANTIVIRALS",,2025-03-31,"Manufacturing issues",2024-10-07,2024-10-07,No
198163,02416581,Discontinuation,"GALANTAMINE ER","PRO DOC LIMITEE",GALANTAMINE,GALANTAMINE,16MG,30,"ORAL; ORAL",Discontinued,"CAPSULE (EXTENDED RELEASE)",N06DA,"ANTI-DEMENTIA DRUGS",2023-07-10,,"Business reasons",2023-07-11,2023-07-11,No
198167,02416603,Discontinuation,"GALANTAMINE ER","PRO DOC LIMITEE",GALANTAMINE,GALANTAMINE,24MG,30,"ORAL; ORAL",Discontinued,"CAPSULE (EXTENDED RELEASE)",N06DA,"ANTI-DEMENTIA DRUGS",2023-07-10,,"Business reasons",2023-07-11,2023-07-11,No
198170,02416573,Discontinuation,"GALANTAMINE ER","PRO DOC LIMITEE",GALANTAMINE,GALANTAMINE,8MG,30,"ORAL; ORAL",Discontinued,"CAPSULE (EXTENDED RELEASE)",N06DA,"ANTI-DEMENTIA DRUGS",2023-07-10,,"Business reasons",2023-07-11,2023-07-11,No
41584,02416441,Discontinuation,GALEXOS,"JANSSEN INC","simeprevir capsules",simeprevir,150MG,1x28,ORAL,Discontinued,CAPSULE,J05AP,,2018-03-31,2018-03-31,"Business reasons",2018-03-02,2018-04-01,No
161428,02327759,Discontinuation,GALLIUM,"LANTHEUS MI CANADA INC","Gallium Citrate Ga-67 Injection","GALLIUM CITRATE GA 67",74MBq,"10 mL vial","INTRAVENOUS; INTRAVENOUS",Discontinued,SOLUTION,V09HX,,2022-09-29,2022-12-31,"Business reasons",2022-05-27,2023-01-20,No
92339,02283190,Discontinuation,GARDASIL,"MERCK CANADA INC","Quadrivalent Human Papillomavirus (Types 6, 11, 16, 18) Recombinant Vaccine] - Suspension for Injection","RECOMBINANT HUMAN PAPILLOMAVIRUS TYPE 6 L1 PROTEIN; RECOMBINANT HUMAN PAPILLOMAVIRUS TYPE 11 L1 PROTEIN; RECOMBINANT HUMAN PAPILLOMAVIRUS TYPE 16 L1 PROTEIN; RECOMBINANT HUMAN PAPILLOMAVIRUS TYPE 18 L1 PROTEIN","20MCG; 40MCG; 40MCG; 20MCG","10 x 1 Dose",INTRAMUSCULAR,Discontinued,SUSPENSION,J07BM,"VIRAL VACCINES",2019-08-22,,"Business reasons",2019-08-23,2019-08-23,No
92342,02283190,Discontinuation,GARDASIL,"MERCK CANADA INC","Quadrivalent Human Papillomavirus (Types 6, 11, 16, 18) Recombinant Vaccine] - Suspension for Injection","RECOMBINANT HUMAN PAPILLOMAVIRUS TYPE 6 L1 PROTEIN; RECOMBINANT HUMAN PAPILLOMAVIRUS TYPE 11 L1 PROTEIN; RECOMBINANT HUMAN PAPILLOMAVIRUS TYPE 16 L1 PROTEIN; RECOMBINANT HUMAN PAPILLOMAVIRUS TYPE 18 L1 PROTEIN","20MCG; 40MCG; 40MCG; 20MCG","1 Dose",INTRAMUSCULAR,Discontinued,SUSPENSION,J07BM,"VIRAL VACCINES",2019-08-22,,"Business reasons",2019-08-23,2019-08-23,No
242142,02517590,Discontinuation,GAVRETO,"HOFFMANN-LA ROCHE LIMITED",PRALSETINIB,PRALSETINIB,100MG,"120 Capsules",ORAL,"To be discontinued",CAPSULE,L01EX,,,2025-02-28,"Business reasons",2024-11-06,2025-01-08,No
66777,02280132,Discontinuation,GD-AMLODIPINE,"GENMED A DIVISION OF PFIZER CANADA INC",GD-AMLODIPINE,AMLODIPINE,5MG,250's,ORAL,Discontinued,TABLET,C08CA,"SELECTIVE CALC.CHANNEL BLOCK. W/MAINLY VASC. EFF.",2019-02-28,,"Business reasons",2018-11-13,2019-03-26,No
66780,02280132,Discontinuation,GD-AMLODIPINE,"GENMED A DIVISION OF PFIZER CANADA INC",GD-AMLODIPINE,AMLODIPINE,5MG,250's,ORAL,Discontinued,TABLET,C08CA,"SELECTIVE CALC.CHANNEL BLOCK. W/MAINLY VASC. EFF.",2019-02-28,,"Business reasons",2018-11-13,2019-03-26,No
66793,02280140,Discontinuation,GD-AMLODIPINE,"GENMED A DIVISION OF PFIZER CANADA INC",GD-AMLODIPINE,AMLODIPINE,10MG,250's,ORAL,Discontinued,TABLET,C08CA,"SELECTIVE CALC.CHANNEL BLOCK. W/MAINLY VASC. EFF.",2019-04-03,,"Business reasons",2018-11-13,2019-04-04,No
10629,02274531,Discontinuation,GD-AZITHROMYCIN,"GENMED A DIVISION OF PFIZER CANADA INC",GD-Azithromycin,AZITHROMYCIN,250MG,30,ORAL,Discontinued,TABLET,J01FA,"MACROLIDES, LINCOSAMIDES AND STREPTOGRAMINS",2017-06-28,2017-07-17,"Business reasons",2017-05-18,2017-09-27,No
62358,02274566,Discontinuation,GD-AZITHROMYCIN,"GENMED A DIVISION OF PFIZER CANADA INC",AZITHROMYCIN,AZITHROMYCIN,100MG,"1 Bottle (300MG/15ML)",ORAL,"To be discontinued","POWDER FOR SUSPENSION",J01FA,"MACROLIDES, LINCOSAMIDES AND STREPTOGRAMINS",,2019-11-30,"Business reasons",2018-09-25,2018-10-19,No
62361,02274574,Discontinuation,GD-AZITHROMYCIN,"GENMED A DIVISION OF PFIZER CANADA INC",AZITHROMYCIN,AZITHROMYCIN,200MG,"1 Bottle (600MG/15ML)",ORAL,"To be discontinued","POWDER FOR SUSPENSION",J01FA,"MACROLIDES, LINCOSAMIDES AND STREPTOGRAMINS",,2019-10-31,"Business reasons",2018-09-25,2018-10-19,No
62364,02274574,Discontinuation,GD-AZITHROMYCIN,"GENMED A DIVISION OF PFIZER CANADA INC",AZITHROMYCIN,AZITHROMYCIN,200MG,"1 Bottle (900MG/22.5ML)",ORAL,"To be discontinued","POWDER FOR SUSPENSION",J01FA,"MACROLIDES, LINCOSAMIDES AND STREPTOGRAMINS",,2019-12-31,"Business reasons",2018-09-25,2018-10-19,No
66945,02274531,Discontinuation,GD-AZITHROMYCIN,"GENMED A DIVISION OF PFIZER CANADA INC",GD-AZITHROMYCIN,AZITHROMYCIN,250MG,"3 blisters x 6 TABS",ORAL,Discontinued,TABLET,J01FA,"MACROLIDES, LINCOSAMIDES AND STREPTOGRAMINS",2019-10-31,,"Business reasons",2018-11-15,2019-11-06,No
58961,02291975,Discontinuation,GD-CELECOXIB,"GENMED A DIVISION OF PFIZER CANADA INC",CELECOXIB,CELECOXIB,100MG,1x100,ORAL,Discontinued,CAPSULE,M01AH,"ANTIINFLAMMATORY/ANTIRHEUMATIC PROD.,NON-STEROIDS",2019-10-29,,"Business reasons",2018-08-24,2019-10-31,No
58964,02291983,Discontinuation,GD-CELECOXIB,"GENMED A DIVISION OF PFIZER CANADA INC",CELECOXIB,CELECOXIB,200MG,1x100,ORAL,Discontinued,CAPSULE,M01AH,"ANTIINFLAMMATORY/ANTIRHEUMATIC PROD.,NON-STEROIDS",2019-08-28,,"Business reasons",2018-08-24,2019-08-29,No
22063,02285827,Discontinuation,GD-GABAPENTIN,"GENMED A DIVISION OF PFIZER CANADA INC",Gabapentin,GABAPENTIN,300MG,"100 tabs",ORAL,Discontinued,CAPSULE,N03AX,ANTIEPILEPTICS,2018-01-06,,"Business reasons",2017-09-13,2019-01-14,No
67262,02285843,Discontinuation,GD-GABAPENTIN,"GENMED A DIVISION OF PFIZER CANADA INC",GD-GABAPENTIN,GABAPENTIN,600MG,100's,ORAL,Discontinued,TABLET,N03AX,ANTIEPILEPTICS,2019-09-26,2019-09-30,"Business reasons",2018-11-20,2019-09-26,No
62044,02290987,Discontinuation,GD-QUINAPRIL,"GENMED A DIVISION OF PFIZER CANADA INC",QUINAPRIL,QUINAPRIL,5MG,90's,ORAL,Discontinued,TABLET,C09AA,"ACE INHIBITORS, PLAIN",2018-09-19,,"Business reasons",2018-09-19,2018-09-20,No
62050,02291002,Discontinuation,GD-QUINAPRIL,"GENMED A DIVISION OF PFIZER CANADA INC",QUINAPRIL,QUINAPRIL,20MG,90's,ORAL,Discontinued,TABLET,C09AA,"ACE INHIBITORS, PLAIN",2019-04-23,2019-04-30,"Business reasons",2018-09-19,2019-04-24,No
62054,02291010,Discontinuation,GD-QUINAPRIL,"GENMED A DIVISION OF PFIZER CANADA INC",QUINAPRIL,QUINAPRIL,40MG,90's,,Discontinued,,,,2018-09-19,,"Business reasons",2018-09-19,2018-09-20,No
62086,02290995,Discontinuation,GD-QUINAPRIL,"GENMED A DIVISION OF PFIZER CANADA INC",QUINAPRIL,QUINAPRIL,10MG,90's,ORAL,Discontinued,TABLET,C09AA,"ACE INHIBITORS, PLAIN",2019-01-18,,"Business reasons",2018-09-20,2019-01-24,No
45706,02360020,Discontinuation,"GD-VENLAFAXINE XR","GENMED A DIVISION OF PFIZER CANADA INC",VENLAFAXINE,VENLAFAXINE,37.5MG,90's,ORAL,Discontinued,"CAPSULE (EXTENDED RELEASE)",N06AX,ANTIDEPRESSANTS,2018-07-12,,"Business reasons",2018-04-13,2018-07-13,No
45710,02360039,Discontinuation,"GD-VENLAFAXINE XR","GENMED A DIVISION OF PFIZER CANADA INC",VENLAFAXINE,VENLAFAXINE,75MG,90's,ORAL,Discontinued,"CAPSULE (EXTENDED RELEASE)",N06AX,ANTIDEPRESSANTS,2018-07-12,,"Business reasons",2018-04-13,2018-07-13,No
45713,02360047,Discontinuation,"GD-VENLAFAXINE XR","GENMED A DIVISION OF PFIZER CANADA INC",VENLAFAXINE,VENLAFAXINE,150MG,90's,ORAL,Discontinued,"CAPSULE (EXTENDED RELEASE)",N06AX,ANTIDEPRESSANTS,2018-06-12,,"Business reasons",2018-04-13,2018-06-14,No
14033,02305534,Discontinuation,"GEMCITABINE FOR INJECTION","TEVA CANADA LIMITED",GEMCITABINE,GEMCITABINE,1G,1,INTRAVENOUS,Discontinued,"POWDER FOR SOLUTION",L01BC,ANTIMETABOLITES,2017-04-07,,"Business reasons",2017-06-27,2017-06-27,No
63967,02305526,Discontinuation,"GEMCITABINE FOR INJECTION","TEVA CANADA LIMITED",GEMCITABINE,,,1,,Discontinued,,,,2018-06-30,,"Business reasons",2018-10-12,2018-10-12,No
63970,02305534,Discontinuation,"GEMCITABINE FOR INJECTION","TEVA CANADA LIMITED",GEMCITABINE,,,1,,Discontinued,,,,2018-06-30,,"Business reasons",2018-10-12,2018-10-12,No
106155,02305534,Discontinuation,"GEMCITABINE FOR INJECTION","TEVA CANADA LIMITED","GEMCITABINE FOR INJECTION",,,1000mg/1g,,Discontinued,,,,2018-06-30,2018-06-30,"Business reasons",2020-02-13,2020-02-13,No
6698,02407302,Discontinuation,"GEMCITABINE FOR INJECTION, USP","MYLAN PHARMACEUTICALS ULC",Gemcitabine,GEMCITABINE,1G,1,INTRAVENOUS,Discontinued,"POWDER FOR SOLUTION",L01BC,ANTIMETABOLITES,2017-04-12,,"Business reasons",2017-04-13,2017-04-13,No
6701,02407310,Discontinuation,"GEMCITABINE FOR INJECTION, USP","MYLAN PHARMACEUTICALS ULC",Gemcitabine,GEMCITABINE,2G,1,INTRAVENOUS,Discontinued,"POWDER FOR SOLUTION",L01BC,ANTIMETABOLITES,2017-04-12,,"Business reasons",2017-04-13,2017-04-13,No
288149,02415666,Discontinuation,GIOTRIF,"BOEHRINGER INGELHEIM (CANADA) LTD LTEE","Giotrif Tabs, 20mg, 4x28",AFATINIB,20MG,4x28,"ORAL; ORAL","To be discontinued",TABLET,L01XE,"OTHER ANTINEOPLASTIC AGENTS",,2027-01-31,"Business reasons",2026-06-26,2026-06-26,No
288152,02415674,Discontinuation,GIOTRIF,"BOEHRINGER INGELHEIM (CANADA) LTD LTEE","Giotrif Tabs, 30mg, 4x28",AFATINIB,30MG,4x28,"ORAL; ORAL","To be discontinued",TABLET,L01EB,,,2027-01-31,"Business reasons",2026-06-26,2026-06-26,No
288155,02415682,Discontinuation,GIOTRIF,"BOEHRINGER INGELHEIM (CANADA) LTD LTEE","Giotrif Tabs, 40mg, 4x28",AFATINIB,40MG,4x28,"ORAL; ORAL","To be discontinued",TABLET,L01EB,,,2027-01-31,"Business reasons",2026-06-26,2026-06-26,No
136513,02248453,Discontinuation,GLICLAZIDE-80,"PRO DOC LIMITEE","GLICLAZIDE 80",GLICLAZIDE,80MG,"60,100","ORAL; ORAL",Discontinued,TABLET,A10BB,"BLOOD GLUCOSE LOWERING DRUGS, EXCL. INSULINS",2021-03-29,,"Business reasons",2021-03-29,2021-03-30,No
198040,02333619,Discontinuation,GLUCAGEN,"NOVO NORDISK CANADA INC",Glucagen,GLUCAGON,1MG,1,"INTRAMUSCULAR; INTRAMUSCULAR",Discontinued,"POWDER FOR SOLUTION; KIT",H04AA,"GLYCOGENOLYTIC HORMONES",2024-02-29,2024-02-29,"Manufacturing issues",2023-07-10,2024-03-06,No
198052,02333627,Discontinuation,"GLUCAGEN HYPOKIT","NOVO NORDISK CANADA INC","Glucagen Hypokit",GLUCAGON,1MG,1,"INTRAMUSCULAR; INTRAMUSCULAR",Discontinued,"POWDER FOR SOLUTION; KIT",H04AA,"GLYCOGENOLYTIC HORMONES",2024-02-29,2024-02-01,"Manufacturing issues",2023-07-10,2024-03-06,No
165759,02243297,Discontinuation,GLUCAGON,"ELI LILLY CANADA INC","Glucagon for Injection, rDNA origin",GLUCAGON,1MG,"Kit containing 1 mg glucagon sterile lyophilized powder in a 3 mL vial and 1 mL prefilled diluent syringe","SUBCUTANEOUS; INTRAVENOUS; INTRAMUSCULAR; SUBCUTANEOUS; INTRAVENOUS; INTRAMUSCULAR",Discontinued,"POWDER FOR SOLUTION; KIT",H04AA,"GLYCOGENOLYTIC HORMONES",2023-12-18,2023-12-20,"Business reasons",2022-07-29,2023-12-20,Yes
198128,02190893,Discontinuation,GLUCOBAY,"BAYER INC",ACARBOSE,ACARBOSE,100MG,120's,"ORAL; ORAL",Discontinued,TABLET,A10BF,"BLOOD GLUCOSE LOWERING DRUGS, EXCL. INSULINS",2023-07-10,,"Business reasons",2023-07-11,2023-07-11,No
198131,02190885,Discontinuation,GLUCOBAY,"BAYER INC",ACARBOSE,ACARBOSE,50MG,120's,"ORAL; ORAL",Discontinued,TABLET,A10BF,"BLOOD GLUCOSE LOWERING DRUGS, EXCL. INSULINS",2023-07-10,,"Business reasons",2023-07-11,2023-07-11,No
201483,02239924,Discontinuation,"GLUCONORM 0.5MG","NOVO NORDISK CANADA INC","Gluconorm 0.5MG",REPAGLINIDE,0.5MG,90,"ORAL; ORAL",Discontinued,TABLET,A10BX,"BLOOD GLUCOSE LOWERING DRUGS, EXCL. INSULINS",2024-02-28,2024-02-28,"Business reasons",2023-08-09,2024-03-04,No
201486,02239925,Discontinuation,"GLUCONORM 1.0MG","NOVO NORDISK CANADA INC","Gluconorm 1.0MG",REPAGLINIDE,1.0MG,90,"ORAL; ORAL",Discontinued,TABLET,A10BX,"BLOOD GLUCOSE LOWERING DRUGS, EXCL. INSULINS",2024-02-28,2024-02-28,"Business reasons",2023-08-09,2024-03-04,No
201489,02239926,Discontinuation,"GLUCONORM 2.0MG","NOVO NORDISK CANADA INC",Gluconorm,REPAGLINIDE,2.0MG,90,"ORAL; ORAL",Discontinued,TABLET,A10BX,"BLOOD GLUCOSE LOWERING DRUGS, EXCL. INSULINS",2024-08-30,2024-08-30,"Business reasons",2023-08-09,2024-09-05,No
271873,02162849,Discontinuation,GLUCOPHAGE,"SANOFI-AVENTIS CANADA INC","METFORMIN HYDROCHLORIDE","METFORMIN HYDROCHLORIDE",850MG,100,"ORAL; ORAL",Discontinued,TABLET,A10BA,"BLOOD GLUCOSE LOWERING DRUGS, EXCL. INSULINS",2026-06-24,2026-05-15,"Other (Please describe in comments)",2025-11-14,2026-07-13,No
230701,01959352,Discontinuation,GLYBURIDE,"PRO DOC LIMITEE",GLYBURIDE,GLYBURIDE,2.5MG,500,"ORAL; ORAL",Discontinued,TABLET,A10BB,"BLOOD GLUCOSE LOWERING DRUGS, EXCL. INSULINS",2024-06-17,2024-08-31,"Business reasons",2024-06-17,2024-06-27,No
230704,02485664,Discontinuation,GLYBURIDE,"PRO DOC LIMITEE",GLYBURIDE,GLYBURIDE,5MG,500,"ORAL; ORAL",Discontinued,TABLET,A10BB,"BLOOD GLUCOSE LOWERING DRUGS, EXCL. INSULINS",2024-06-17,2024-12-31,"Business reasons",2024-06-17,2024-06-27,No
285083,00783668,Discontinuation,"GLYCEROLYTE 57 SOLUTION","FRESENIUS KABI AG","GLYCEROLYTE 57 SOLUTION","GLYCERINE; SODIUM PHOSPHATE DIBASIC; SODIUM LACTATE; SODIUM PHOSPHATE MONOBASIC; POTASSIUM CHLORIDE","57G; 124.2MG; 1.6G; 51.7MG; 30MG","400 mL bottle","0-UNASSIGNED; 0-UNASSIGNED",Discontinued,SOLUTION,V07AC,"ALL OTHER NON-THERAPEUTIC PRODUCTS",2026-04-21,,"Business reasons",2026-05-12,2026-06-18,No
285077,00498793,Discontinuation,"GLYCINE IRRIGATION USP","ICU MEDICAL CANADA INC","Glycine Irrigation USP",GLYCINE,15MG,"3000 mL","IRRIGATION; IRRIGATION","To be discontinued",SOLUTION,B05CX,"IRRIGATING SOLUTIONS",,2027-09-30,"Business reasons",2026-05-12,2026-05-12,No
139870,02459752,Discontinuation,GLYXAMBI,"BOEHRINGER INGELHEIM (CANADA) LTD LTEE","GLYXAMBI 10/5MG 3X10S","LINAGLIPTIN; EMPAGLIFLOZIN","5MG; 10MG","3X10 BLISTER PACK","ORAL; ORAL",Discontinued,TABLET,A10BD,"BLOOD GLUCOSE LOWERING DRUGS, EXCL. INSULINS",2021-06-11,2021-06-09,"Business reasons",2021-05-25,2021-06-12,No
139877,02459760,Discontinuation,GLYXAMBI,"BOEHRINGER INGELHEIM (CANADA) LTD LTEE","GLYXAMBI 25/5MG 3X10S","LINAGLIPTIN; EMPAGLIFLOZIN","5MG; 25MG","3X10 BLISTER PACK","ORAL; ORAL",Discontinued,TABLET,A10BD,"BLOOD GLUCOSE LOWERING DRUGS, EXCL. INSULINS",2021-12-09,2021-12-15,"Business reasons",2021-05-25,2021-12-10,No
75734,02248156,Discontinuation,GONAL-F,"EMD SERONO A DIVISION OF EMD INC CANADA","follitropin alfa for injection","FOLLITROPIN ALFA",33MCG,"1 vial / flacon","INTRAMUSCULAR; SUBCUTANEOUS",Discontinued,"POWDER FOR SOLUTION",G03GA,"GONADOTROPHINS AND OTHER OVULATION STIMULANTS",2020-02-29,2020-02-29,"Business reasons",2019-02-14,2020-03-01,No
75742,02248157,Discontinuation,GONAL-F,"EMD SERONO A DIVISION OF EMD INC CANADA","follitropin alfa for injection","FOLLITROPIN ALFA",77MCG,"1 vial / flacon","INTRAMUSCULAR; SUBCUTANEOUS",Discontinued,"POWDER FOR SOLUTION",G03GA,"GONADOTROPHINS AND OTHER OVULATION STIMULANTS",2019-10-31,2019-10-31,"Business reasons",2019-02-14,2019-11-01,No
254491,02248154,Discontinuation,GONAL-F,"EMD SERONO, A DIVISION OF EMD INC., CANADA","Follitropin alfa for Injection","FOLLITROPIN ALFA",5.5MCG,"Single unit - 3mL vial","SUBCUTANEOUS; INTRAMUSCULAR; SUBCUTANEOUS; INTRAMUSCULAR",Discontinued,"POWDER FOR SOLUTION",G03GA,"GONADOTROPHINS AND OTHER OVULATION STIMULANTS",2025-08-06,2025-11-01,"Business reasons",2025-04-08,2025-09-03,No
274712,00013579,Discontinuation,"GRAVOL IM","CHURCH & DWIGHT CANADA CORP","DIMENHYDRINATE INJECTION",DIMENHYDRINATE,50MG,"10 x 1ml Ampoules","INTRAMUSCULAR; INTRAMUSCULAR",Discontinued,SOLUTION,R06AA,,2025-06-11,2025-06-11,"Business reasons",2025-12-19,2025-12-19,No
47641,02243186,Discontinuation,"HELIXATE FS","BAYER HEALTHCARE LLC","Antihemophilic factor","ANTIHEMOPHILIC FACTOR",250UNIT,"2.5 mL",INTRAVENOUS,Discontinued,"POWDER FOR SOLUTION",B02BD,"VITAMIN K AND OTHER HEMOSTATICS",2018-04-05,,"Business reasons",2018-05-01,2018-05-03,No
47643,02243187,Discontinuation,"HELIXATE FS","BAYER HEALTHCARE LLC","Antihemophilic factor","ANTIHEMOPHILIC FACTOR",500UNIT,"2.5 mL",INTRAVENOUS,Discontinued,"POWDER FOR SOLUTION",B02BD,"VITAMIN K AND OTHER HEMOSTATICS",2018-04-05,,"Business reasons",2018-05-01,2018-05-03,No
47645,02243188,Discontinuation,"HELIXATE FS","BAYER HEALTHCARE LLC","Hemophilic factor","ANTIHEMOPHILIC FACTOR",1000UNIT,"2.5 mL",INTRAVENOUS,Discontinued,"POWDER FOR SOLUTION",B02BD,"VITAMIN K AND OTHER HEMOSTATICS",2018-04-05,,"Business reasons",2018-05-01,2018-05-03,No
47647,02308592,Discontinuation,"HELIXATE FS","BAYER HEALTHCARE LLC","Hemophilic factor","ANTIHEMOPHILIC FACTOR",2000UNIT,"5.0 mL",INTRAVENOUS,Discontinued,"POWDER FOR SOLUTION",B02BD,"VITAMIN K AND OTHER HEMOSTATICS",2018-04-05,,"Business reasons",2018-05-01,2018-05-03,No
1448,02382296,Discontinuation,"HEPARIN SODIUM INJECTION USP","PFIZER CANADA INC",HEPARIN,"HEPARIN SODIUM",1000UNIT,"25 x 10ML","INTRAVENOUS; SUBCUTANEOUS",Discontinued,SOLUTION,B01AB,"ANTITHROMBOTIC AGENTS",2017-04-01,,"Other (Please describe in comments)",2017-03-13,2017-04-02,No
54349,02303094,Discontinuation,"HEPARIN SODIUM INJECTION USP         (SINGLE USE VIAL-PRESERVATIVE FREE)","SANDOZ CANADA INCORPORATED","HEPARIN Na Inj 10,000U/mL 10x1mLV","HEPARIN SODIUM",10000UNIT,"10 X 1mL Vials","INTRAVENOUS; SUBCUTANEOUS",Discontinued,SOLUTION,B01AB,"ANTITHROMBOTIC AGENTS",2018-07-30,2018-07-30,"Business reasons",2018-07-04,2018-07-31,No
207275,02303108,Discontinuation,"HEPARIN SODIUM INJECTION USP       (MULTIDOSE VIAL-WITH PRESERVATIVE)","SANDOZ CANADA INCORPORATED","HEPARIN NA","HEPARIN SODIUM",10000UNIT,"5ML 10LIVI","SUBCUTANEOUS; INTRAVENOUS; SUBCUTANEOUS; INTRAVENOUS",Discontinued,SOLUTION,B01AB,"ANTITHROMBOTIC AGENTS",2023-10-18,,"Business reasons",2023-10-18,2023-10-19,No
228249,02303108,Discontinuation,"HEPARIN SODIUM INJECTION USP       (MULTIDOSE VIAL-WITH PRESERVATIVE)","SANDOZ CANADA INCORPORATED","HEPARIN NA","HEPARIN SODIUM",10000UNIT,"50ML 1LIVI","SUBCUTANEOUS; INTRAVENOUS; SUBCUTANEOUS; INTRAVENOUS",Discontinued,SOLUTION,B01AB,"ANTITHROMBOTIC AGENTS",2024-05-17,,"Manufacturing issues",2024-05-17,2024-05-18,No
171243,02247823,Discontinuation,HEPSERA,"GILEAD SCIENCES CANADA INC","adefovir dipivoxil","ADEFOVIR DIPIVOXIL",10MG,"30 tablets per bottle","ORAL; ORAL",Discontinued,TABLET,J05AF,"DIRECT ACTING ANTIVIRALS",2022-12-21,2022-12-21,"Business reasons",2022-10-06,2022-12-27,No
160500,02239193,Discontinuation,HEPTOVIR,"GLAXOSMITHKLINE INC","lamivudine tablets",LAMIVUDINE,100MG,"All pack sizes / Tous les formats","ORAL; ORAL",Discontinued,TABLET,J05AF,"DIRECT ACTING ANTIVIRALS",2022-08-09,,"Business reasons",2022-05-13,2022-08-10,No
160503,02239194,Discontinuation,HEPTOVIR,"GLAXOSMITHKLINE INC","lamivudine oral solution",LAMIVUDINE,5MG,"All pack sizes / Tous les formats","ORAL; ORAL",Discontinued,SOLUTION,J05AF,"DIRECT ACTING ANTIVIRALS",2022-07-13,,"Business reasons",2022-05-13,2022-07-22,No
175258,02239200,Discontinuation,HIBERIX,"GLAXOSMITHKLINE INC","Haemophilus influenzae type b (Hib) conjugate vaccine","HAEMOPHILUS INFLUENZAE TYPE B-PRP AND TETANUS TOXOID CONJUGATE",10MCG,"All pack sizes / Tous les formats","INTRAMUSCULAR; INTRAMUSCULAR",Discontinued,"POWDER FOR SOLUTION",J07AG,"BACTERIAL VACCINES",2023-03-24,,"Business reasons",2022-11-18,2023-03-29,No
31302,02436027,Discontinuation,"HOLKIRA PAK","ABBVIE CORPORATION","HOLKIRA PAK 12.5/75/50/250MG TABS, 28DAY","RITONAVIR; Ombitasvir; Dasabuvir; Paritaprevir","50MG; 12.5MG; 250MG; 75MG","4 inner cartons x 7blisters",ORAL,Discontinued,"KIT; TABLET",J05AX,"DIRECT ACTING ANTIVIRALS",2018-08-15,2018-08-15,"Business reasons",2017-11-30,2018-08-30,No
118321,02238525,Discontinuation,HP-PAC,"TAKEDA PHARMACEUTICALS AMERICA INC","AMOXICILLIN, LANSOPRAZOLE, CLARITHROMYCIN","LANSOPRAZOLE; AMOXICILLIN; CLARITHROMYCIN","30MG; 500MG; 500MG","HP PAC 7 DAY THERAPY","ORAL; ORAL",Discontinued,"KIT; CAPSULE; TABLET; CAPSULE (DELAYED RELEASE)",A02BD,"DRUGS FOR PEPTIC ULCER AND GASTROESOPHAGEAL REFLUX DISEASE (GERD)",2021-03-08,,"Business reasons",2020-06-18,2021-03-09,No
224347,02229704,Discontinuation,HUMALOG,"ELI LILLY CANADA INC","insulin lispro injection","INSULIN LISPRO",100UNIT,"Vial VL7533, 3 mL, 100 units/mL","SUBCUTANEOUS; INTRAVENOUS; INTRAMUSCULAR; SUBCUTANEOUS; INTRAVENOUS; INTRAMUSCULAR",Discontinued,SOLUTION,A10AB,"INSULINS AND ANALOGUES",2024-12-10,2024-12-20,"Business reasons",2024-04-04,2024-12-20,No
106800,00745626,Discontinuation,HUMATROPE,"ELI LILLY CANADA INC","Somatropin for injection",SOMATROPIN,1MG,"5 mg vial","INTRAMUSCULAR; SUBCUTANEOUS",Discontinued,"POWDER FOR SOLUTION",H01AC,"ANTERIOR PITUITARY LOBE HORMONES AND ANALOGUES",2021-01-15,2021-01-15,"Business reasons",2020-02-20,2021-01-18,No
240676,02243077,Discontinuation,HUMATROPE,"ELI LILLY CANADA INC","somatropin for injection","SOMATROPIN; DILUENT","6MG; 3.15ML","Combination package containing 6 mg humatrope sterile lyophilized powder in a 3.5 mL cartridge and 3.15 mL prefilled diluent syringe","SUBCUTANEOUS; INTRAMUSCULAR; SUBCUTANEOUS; INTRAMUSCULAR",Discontinued,"POWDER FOR SOLUTION; LIQUID",H01AC,"ANTERIOR PITUITARY LOBE HORMONES AND ANALOGUES",2025-12-22,2025-12-22,"Business reasons",2024-10-18,2025-12-24,No
240679,02243078,Discontinuation,HUMATROPE,"ELI LILLY CANADA INC","somatropin for injection","SOMATROPIN; DILUENT","12MG; 3.15ML","Combination package containing 12 mg humatrope sterile lyophilized powder in a 3.5 mL cartridge and 3.15 mL prefilled diluent syringe","SUBCUTANEOUS; INTRAMUSCULAR; SUBCUTANEOUS; INTRAMUSCULAR",Discontinued,"POWDER FOR SOLUTION; LIQUID",H01AC,"ANTERIOR PITUITARY LOBE HORMONES AND ANALOGUES",2025-12-22,2025-12-22,"Business reasons",2024-10-18,2025-12-24,No
240682,02243079,Discontinuation,HUMATROPE,"ELI LILLY CANADA INC","somatropin for injection","SOMATROPIN; DILUENT","24MG; 3.15ML","Combination package containing 24 mg humatrope sterile lyophilized powder in a 3.5 mL cartridge and 3.15 mL prefilled diluent syringe","SUBCUTANEOUS; INTRAMUSCULAR; SUBCUTANEOUS; INTRAMUSCULAR",Discontinued,"POWDER FOR SOLUTION; LIQUID",H01AC,"ANTERIOR PITUITARY LOBE HORMONES AND ANALOGUES",2025-12-18,2025-12-22,"Business reasons",2024-10-18,2025-12-24,No
277251,02258595,Discontinuation,HUMIRA,"ABBVIE CORPORATION",adalimumab,ADALIMUMAB,40MG,"Pre-filled syringe and PEN","SUBCUTANEOUS; SUBCUTANEOUS","To be discontinued",SOLUTION,L04AB,IMMUNOSUPPRESSANTS,,2026-08-31,"Business reasons",2026-02-04,2026-07-21,No
119141,02258595,Discontinuation,"HUMIRA VIAL","ABBVIE CORPORATION","HUMIRA (ADALIMUMAB) VIAL",ADALIMUMAB,40MG,"2 x 0.8mL vial (40mg/0.8mL)",SUBCUTANEOUS,Discontinued,SOLUTION,L04AB,IMMUNOSUPPRESSANTS,2020-11-18,2020-11-02,"Business reasons",2020-06-29,2020-11-19,No
257310,00795879,Discontinuation,"HUMULIN 30/70 (INSULIN HUMAN BIOSYNTH INJ)","ELI LILLY CANADA INC","30% insulin injection, 70% insulin isophane, human biosynthetic (rDNA origin)","INSULIN ISOPHANE; INSULIN","70UNIT; 30UNIT","Vial HI0710, 10 mL, 100 units/mL","SUBCUTANEOUS; SUBCUTANEOUS","To be discontinued",SUSPENSION,A10AD,"INSULINS AND ANALOGUES",,2027-09-18,"Business reasons",2025-05-14,2026-07-28,No
156217,00587737,Discontinuation,"HUMULIN N","ELI LILLY CANADA INC","insulin isophane, human biosynthetic (rDNA origin)","INSULIN NPH HUMAN DNA ORIGIN",100UNIT,"Vial HI0313, 3 mL, 100 units/mL","SUBCUTANEOUS; SUBCUTANEOUS",Discontinued,SUSPENSION,A10AC,"INSULINS AND ANALOGUES",2022-12-07,2022-11-16,"Business reasons",2022-03-07,2022-12-09,No
257307,00587737,Discontinuation,"HUMULIN N","ELI LILLY CANADA INC","insulin isophane, human biosynthetic (rDNA origin)","INSULIN NPH HUMAN DNA ORIGIN",100UNIT,"Vial HI0310, 10 mL, 100 units/mL","SUBCUTANEOUS; SUBCUTANEOUS","To be discontinued",SUSPENSION,A10AC,"INSULINS AND ANALOGUES",,2027-04-18,"Business reasons",2025-05-14,2026-07-28,No
224344,00586714,Discontinuation,"HUMULIN R","ELI LILLY CANADA INC","insulin, human biosynthetic","INSULIN SEMI SYNTHETIC HUMAN",100UNIT,"Vial HI0213, 3 mL, 100 units/mL","SUBCUTANEOUS; INTRAVENOUS; INTRAMUSCULAR; SUBCUTANEOUS; INTRAVENOUS; INTRAMUSCULAR",Discontinued,SOLUTION,A10AB,"INSULINS AND ANALOGUES",2024-09-23,2024-09-23,"Business reasons",2024-04-04,2024-09-24,No
257304,00586714,Discontinuation,"HUMULIN R","ELI LILLY CANADA INC","insulin, human biosynthetic","INSULIN SEMI SYNTHETIC HUMAN",100UNIT,"Vial HI0210, 10 mL, 100 units/mL","SUBCUTANEOUS; INTRAVENOUS; INTRAMUSCULAR; SUBCUTANEOUS; INTRAVENOUS; INTRAMUSCULAR",Discontinued,SOLUTION,A10AB,"INSULINS AND ANALOGUES",2026-05-25,2026-05-25,"Business reasons",2025-05-14,2026-05-26,No
8129,02231116,Discontinuation,HYCAMTIN,"NOVARTIS PHARMACEUTICALS CANADA INC","Hycamtin4mg/Vials 5's",TOPOTECAN,4MG,"4mg x 5",INTRAVENOUS,Discontinued,"POWDER FOR SOLUTION",L01XX,"OTHER ANTINEOPLASTIC AGENTS",2019-06-10,2019-05-31,"Business reasons",2017-04-26,2019-06-11,No
4865,01916580,Discontinuation,"HYCODAN SYRUP","BRISTOL-MYERS SQUIBB CANADA",Hydrocodone,"HYDROCODONE BITARTRATE",1MG,"1 BTL x 500ml",ORAL,Discontinued,SYRUP,R05DA,"COUGH SUPPRESSANTS EXCL. COMB. WITH EXPECTORANTS",2017-07-14,2017-07-31,"Business reasons",2017-03-30,2017-07-15,No
4862,01916599,Discontinuation,"HYCODAN TABLETS","BRISTOL-MYERS SQUIBB CANADA",Hydrocodone,"HYDROCODONE BITARTRATE",5MG,"1 BTL x 100",ORAL,Discontinued,TABLET,R05DA,"COUGH SUPPRESSANTS EXCL. COMB. WITH EXPECTORANTS",2017-07-26,2017-08-31,"Business reasons",2017-03-30,2017-07-29,No
57012,00341975,Discontinuation,"HYDROCHLOROTHIAZIDE TAB 25MG","PRO DOC LIMITEE",HYDROCHLOROTHIAZIDE,HYDROCHLOROTHIAZIDE,25MG,1000,ORAL,Discontinued,TABLET,C03AA,"LOW-CEILING DIURETICS, THIAZIDES",2018-07-31,,"Business reasons",2018-07-31,2018-08-01,No
81330,00872520,Discontinuation,"HYDROCORTISONE SODIUM SUCCINATE FOR INJECTION","TEVA CANADA LIMITED","HYDROCORTISONE SODIUM SUCCINATE",,,10,,Discontinued,,,,2019-01-09,,"Business reasons",2019-04-11,2019-04-11,No
81337,00872539,Discontinuation,"HYDROCORTISONE SODIUM SUCCINATE FOR INJECTION","TEVA CANADA LIMITED","HYDROCORTISONE SODIUM SUCCINATE",,,10,,Discontinued,,,,2019-01-09,,"Business reasons",2019-04-11,2019-04-11,No
81344,00878618,Discontinuation,"HYDROCORTISONE SODIUM SUCCINATE FOR INJECTION","TEVA CANADA LIMITED","HYDROCORTISONE SODIUM SUCCINATE",,,10,,Discontinued,,,,2019-01-09,,"Business reasons",2019-04-11,2019-04-11,No
81347,00878626,Discontinuation,"HYDROCORTISONE SODIUM SUCCINATE INJECTION","TEVA CANADA LIMITED","HYDROCORTISONE SODIUM SUCCINATE",,,1,,Discontinued,,,,2019-01-09,,"Business reasons",2019-04-11,2019-04-11,No
77142,02382636,Discontinuation,"HYDROMORPHONE HYDROCHLORIDE INJECTION USP","PFIZER CANADA ULC",Hydromorphone,"HYDROMORPHONE HYDROCHLORIDE",10MG,"10x1mL vial","INTRAMUSCULAR; INTRAVENOUS; SUBCUTANEOUS",Discontinued,SOLUTION,N02AA,OPIOIDS,2019-09-01,,"Business reasons",2019-02-28,2019-09-09,No
268501,02382636,Discontinuation,"HYDROMORPHONE HYDROCHLORIDE INJECTION USP","PFIZER CANADA ULC","HYDROMORPHONE HYDROCHLORIDE INJECTION USP","HYDROMORPHONE HYDROCHLORIDE",10MG,"1 X 50ML VIAL","SUBCUTANEOUS; INTRAVENOUS; INTRAMUSCULAR; SUBCUTANEOUS; INTRAVENOUS; INTRAMUSCULAR",Discontinued,SOLUTION,N02AA,OPIOIDS,2025-10-01,,"Business reasons",2025-10-02,2025-10-02,No
268504,02382636,Discontinuation,"HYDROMORPHONE HYDROCHLORIDE INJECTION USP","PFIZER CANADA ULC","HYDROMORPHONE HYDROCHLORIDE INJECTION USP","HYDROMORPHONE HYDROCHLORIDE",10MG,"10 X 5ML VIAL","SUBCUTANEOUS; INTRAVENOUS; INTRAMUSCULAR; SUBCUTANEOUS; INTRAVENOUS; INTRAMUSCULAR",Discontinued,SOLUTION,N02AA,OPIOIDS,2025-10-01,,"Business reasons",2025-10-02,2025-10-02,No
82607,02242984,Discontinuation,"HYDROVAL CREAM 0.2%","TAROPHARMA, A DIVISION OF TARO PHARMACEUTICALS INC.","HYDROVAL CREAM 0.2%","HYDROCORTISONE VALERATE",0.2%,15g,TOPICAL,Discontinued,CREAM,D07AA,"CORTICOSTEROIDS, PLAIN",2019-04-26,,"Business reasons",2019-04-29,2019-04-29,No
82818,02242984,Discontinuation,"HYDROVAL CREAM 0.2%","TAROPHARMA, A DIVISION OF TARO PHARMACEUTICALS INC.","HYDROVAL CREAM 0.2%","HYDROCORTISONE VALERATE",0.2%,15g,TOPICAL,Reversed,CREAM,D07AA,"CORTICOSTEROIDS, PLAIN",,,"Business reasons",2019-04-30,2021-12-07,No
82821,02242985,Discontinuation,"HYDROVAL OINTMENT 0.2%","TAROPHARMA, A DIVISION OF TARO PHARMACEUTICALS INC.","HYDROVAL OINTMENT 0.2%","HYDROCORTISONE VALERATE",0.2%,"15 g",TOPICAL,Discontinued,OINTMENT,D07AA,"CORTICOSTEROIDS, PLAIN",2019-04-26,,"Business reasons",2019-04-30,2019-04-30,No
5084,02343096,Discontinuation,HYDROXYUREA,"SANIS HEALTH INC","HYDROXYUREA CAPS",HYDROXYUREA,500MG,100,ORAL,Discontinued,CAPSULE,L01XX,"OTHER ANTINEOPLASTIC AGENTS",2013-10-01,,"Business reasons",2017-04-03,2017-04-03,No
255197,02275864,Discontinuation,"HYPURIN NPH INSULIN ISOPHANE PORK","WOCKHARDT UK LIMITED","HYPURIN NPH INSULIN ISOPHANE PORK","INSULIN ISOPHANE INJECTION PORK",100UNIT,1,"SUBCUTANEOUS; INTRAMUSCULAR; SUBCUTANEOUS; INTRAMUSCULAR",Discontinued,SUSPENSION,A10AC,"INSULINS AND ANALOGUES",2026-04-30,2026-04-30,"Manufacturing issues",2025-04-17,2026-05-12,No
255200,02275872,Discontinuation,"HYPURIN REGULAR INSULIN PORK","WOCKHARDT UK LIMITED","HYPURIN REGULAR INSULIN PORK","INSULIN INJECTION PORK",100UNIT,1,"SUBCUTANEOUS; INTRAVENOUS; INTRAMUSCULAR; SUBCUTANEOUS; INTRAVENOUS; INTRAMUSCULAR",Discontinued,SOLUTION,A10AB,"INSULINS AND ANALOGUES",2025-12-31,,"Manufacturing issues",2025-04-17,2026-01-01,No
8396,00818666,Discontinuation,HYTRIN,"BGP PHARMA ULC",Hytrin,"TERAZOSIN HYDROCHLORIDE",5MG,100,ORAL,Discontinued,TABLET,G04CA,"DRUGS USED IN BENIGN PROSTATIC HYPERTROPHY",2017-04-24,,"Business reasons",2017-04-28,2017-04-28,No
182029,02425890,Discontinuation,IBAVYR,"PENDOPHARM DIVISION OF PHARMASCIENCE INC",IBAVYR,RIBAVIRIN,400MG,100,"ORAL; ORAL",Discontinued,TABLET,J05AP,,2022-12-09,,"Manufacturing issues",2023-01-20,2023-01-20,No
182060,02439212,Discontinuation,IBAVYR,"PENDOPHARM DIVISION OF PHARMASCIENCE INC",IBAVYR,RIBAVIRIN,200MG,100,"ORAL; ORAL",Discontinued,TABLET,J05AP,,2022-12-09,,"Manufacturing issues",2023-01-20,2023-01-20,No
71436,02439689,Discontinuation,IBUPROFEN,"APOTEX INC","IBUPROFEN TAB 200MG",IBUPROFEN,200MG,"24 BTL",ORAL,Discontinued,TABLET,M01AE,"ANTIINFLAMMATORY/ANTIRHEUMATIC PROD.,NON-STEROIDS",2018-07-12,,"Business reasons",2019-01-07,2019-01-07,No
71439,02439689,Discontinuation,IBUPROFEN,"APOTEX INC","IBUPROFEN TAB 200MG",IBUPROFEN,200MG,"50 BTL",ORAL,Discontinued,TABLET,M01AE,"ANTIINFLAMMATORY/ANTIRHEUMATIC PROD.,NON-STEROIDS",2019-07-19,2019-08-04,"Business reasons",2019-01-07,2019-07-22,No
71112,02439727,Discontinuation,"IBUPROFEN CAPLETS","APOTEX INC","IBUPROFEN TAB 200MG",IBUPROFEN,200MG,"24 BTL",ORAL,Discontinued,TABLET,M01AE,"ANTIINFLAMMATORY/ANTIRHEUMATIC PROD.,NON-STEROIDS",2018-10-29,,"Business reasons",2019-01-03,2019-01-03,No
71451,02439735,Discontinuation,"IBUPROFEN CAPLETS","APOTEX INC","IBUPROFEN TAB 400MG",IBUPROFEN,400MG,"32 BTL",ORAL,Discontinued,TABLET,M01AE,"ANTIINFLAMMATORY/ANTIRHEUMATIC PROD.,NON-STEROIDS",2019-07-12,2020-03-03,"Business reasons",2019-01-07,2019-07-13,No
89135,02439727,Discontinuation,"IBUPROFEN CAPLETS","APOTEX INC",IBUPROFEN,IBUPROFEN,200MG,"100 BTL",ORAL,Discontinued,TABLET,M01AE,"ANTIINFLAMMATORY/ANTIRHEUMATIC PROD.,NON-STEROIDS",2019-07-12,2019-07-08,"Business reasons",2019-07-12,2019-07-13,No
71095,02376598,Discontinuation,"IBUPROFEN LIQUID GEL CAPSULES","APOTEX INC","IBUPROFEN CAP 200MG",IBUPROFEN,200MG,"16 BTL & 32 BTL",ORAL,Discontinued,CAPSULE,M01AE,"ANTIINFLAMMATORY/ANTIRHEUMATIC PROD.,NON-STEROIDS",2018-01-03,,"Business reasons",2019-01-03,2019-01-03,No
9525,00636533,Discontinuation,"IBUPROFEN TAB 400MG","PRO DOC LIMITEE",IBUPROFEN,IBUPROFEN,400MG,1000,ORAL,Discontinued,TABLET,M01AE,"ANTIINFLAMMATORY/ANTIRHEUMATIC PROD.,NON-STEROIDS",2017-05-05,,"Business reasons",2017-05-08,2017-05-08,No
135288,02014793,Discontinuation,IC-GREEN,"AKORN INC","INDOCYANINE GREEN","INDOCYANINE GREEN",25MG,"25 MG / VIAL","INTRAVENOUS; INTRAVENOUS",Discontinued,POWDER,V04CX,"OTHER DIAGNOSTIC AGENTS",2021-03-01,,"Business reasons",2021-03-08,2021-03-08,No
193910,02485427,Discontinuation,IDHIFA,"CELGENE INC",Enasidenib,ENASIDENIB,50MG,1X30,"ORAL; ORAL",Discontinued,TABLET,L01XX,,2023-06-08,,"Other (Please describe in comments)",2023-06-08,2023-06-09,No
193913,02485435,Discontinuation,IDHIFA,"CELGENE INC",Enasidenib,ENASIDENIB,100MG,1X30,"ORAL; ORAL",Discontinued,TABLET,L01XX,,2023-06-08,,"Other (Please describe in comments)",2023-06-08,2023-06-09,No
93588,02344939,Discontinuation,ILARIS,"NOVARTIS PHARMACEUTICALS CANADA INC","ILARIS 150MG 1X1 VIAL",CANAKINUMAB,150MG,"1 X 1",SUBCUTANEOUS,Discontinued,"POWDER FOR SOLUTION",L04AC,IMMUNOSUPPRESSANTS,2019-09-11,,"Business reasons",2019-09-11,2019-09-12,No
233587,02126559,Discontinuation,IMDUR,"JUNO PHARMACEUTICALS CORP.",Isosorbide-5-mononitrate,ISOSORBIDE-5-MONONITRATE,60MG,"30 tablets/pack and 100 tablet bottles","ORAL; ORAL",Discontinued,"TABLET (EXTENDED-RELEASE)",C01DA,"VASODILATORS USED IN CARDIAC DISEASES",2024-10-28,,"Business reasons",2024-07-24,2024-10-29,No
233589,02126559,Discontinuation,IMDUR,"JUNO PHARMACEUTICALS CORP.","Isosorbide-5-mononitrate extended release tablet",ISOSORBIDE-5-MONONITRATE,60MG,"30 tablets/pack and 100 tablet bottles","ORAL; ORAL",Discontinued,"TABLET (EXTENDED-RELEASE)",C01DA,"VASODILATORS USED IN CARDIAC DISEASES",2024-07-24,,"Business reasons",2024-07-24,2024-07-25,No
58106,02357437,Discontinuation,"IMIPENEM AND CILASTATIN FOR INJECTION","PFIZER CANADA INC","IMIPENEM AND CILASTATIN",,,"500mg x 10",,Discontinued,,,,2018-08-14,,"Manufacturing issues",2018-08-14,2018-08-15,No
144467,02358336,Discontinuation,"IMIPENEM AND CILASTATIN FOR INJECTION USP","SANDOZ CANADA INCORPORATED","IMIPENEM AND CILASTATIN FOR INJECTION USP","CILASTATIN; IMIPENEM","250MG; 250MG","10PSOIJ CA","INTRAVENOUS; INTRAVENOUS",Discontinued,"POWDER FOR SOLUTION",J01DH,"OTHER BETA-LACTAM ANTIBACTERIALS",2021-08-20,,"Business reasons",2021-08-23,2021-08-23,No
4593,00326852,Discontinuation,IMIPRAMINE,"AA PHARMA INC",IMIPRAMINE,"IMIPRAMINE HYDROCHLORIDE",50MG,"1000 BOTTLE",ORAL,Discontinued,TABLET,N06AA,ANTIDEPRESSANTS,2016-05-27,,"Business reasons",2017-03-29,2017-03-28,No
270582,02212153,Discontinuation,"IMITREX DF - TAB 50MG","GLAXOSMITHKLINE INC","Sumatriptan succinate tablets",SUMATRIPTAN,50MG,"All pack sizes","ORAL; ORAL",Discontinued,TABLET,N02CC,"ANTIMIGRAINE PREPARATIONS",2025-10-27,,"Business reasons",2025-10-30,2025-10-30,No
33704,02194376,Discontinuation,IMMUCYST,"SANOFI PASTEUR LIMITED","Bacillus Calmette-Guérin (BCG), substrain Connaught","BACILLUS CALMETTE-GUERIN",81MG,"1 x 81 mg vial (1 Treatment)",INTRAVESICAL,Discontinued,"POWDER FOR SUSPENSION",L03AX,IMMUNOSTIMULANTS,2018-01-01,2018-01-01,"Business reasons",2017-12-19,2018-01-02,No
160688,02216167,Discontinuation,IMOVANE,"SANOFI-AVENTIS CANADA INC",ZOPICLONE,ZOPICLONE,5.0MG,"Bottle of 100 tablets","ORAL; ORAL","To be discontinued",TABLET,N05CF,"HYPNOTICS AND SEDATIVES",,2022-05-31,"Business reasons",2022-05-16,2022-05-16,No
128667,02244895,Discontinuation,IMURAN,"ASPEN PHARMACARE CANADA INC.","Imuran® Injection 	(azathioprine sodium)",AZATHIOPRINE,50MG,"1 vial","INTRAVENOUS; INTRAVENOUS",Discontinued,"POWDER FOR SOLUTION",L04AX,IMMUNOSUPPRESSANTS,2021-04-07,2021-02-15,"Business reasons",2020-11-20,2021-04-08,No
2450,02445832,Discontinuation,INDAPAMIDE,"SANIS HEALTH INC","INDAPAMIDE TABS",INDAPAMIDE,2.5MG,100,ORAL,Discontinued,TABLET,C03BA,"LOW-CEILING DIURETICS, EXCL THIAZIDES",2017-02-17,,"Business reasons",2017-03-14,2017-03-14,No
2453,02445824,Discontinuation,INDAPAMIDE,"SANIS HEALTH INC","INDAPAMIDE TABS",INDAPAMIDE,1.25MG,100,ORAL,Discontinued,TABLET,C03BA,"LOW-CEILING DIURETICS, EXCL THIAZIDES",2017-02-15,,"Business reasons",2017-03-14,2017-03-14,No
135291,02014815,Discontinuation,"INDIGO CARMINE","AKORN INC","Indigolindisulronate Sodium Injection","INDIGO CARMINE",0.8%,"5 mL ampule","INTRAMUSCULAR; INTRAVENOUS",Discontinued,SOLUTION,V04CH,"OTHER DIAGNOSTIC AGENTS",2021-03-01,,"Business reasons",2021-03-08,2021-03-08,No
148433,02241284,Discontinuation,INFANRIX-IPV,"GLAXOSMITHKLINE INC","Combined diphtheria, tetanus, acellular pertussis and inactivated poliomyelitis vaccine","INACTIVATED POLIOVIRUS TYPE III; INACTIVATED POLIOVIRUS TYPE II; INACTIVATED POLIOVIRUS TYPE I; TETANUS TOXOID; DIPHTHERIA TOXOID; PERTACTIN; FILAMENTOUS HAEMAGGLUTININ; PERTUSSIS TOXOID","32UNIT; 8UNIT; 40UNIT; 40UNIT; 30UNIT; 8MCG; 25MCG; 25MCG","All pack sizes / Tous les formats",INTRAMUSCULAR,Discontinued,SUSPENSION,J07CA,"BACTERIAL AND VIRAL VACCINES, COMBINED",2021-10-26,,"Business reasons",2021-10-28,2021-10-28,No
155790,02240351,Discontinuation,INTEGRILIN,"MERCK CANADA INC","eptifibatide injection",EPTIFIBATIDE,0.75MG,"75 mg/100 mL infusion vial","INTRAVENOUS; INTRAVENOUS",Discontinued,SOLUTION,B01AC,"ANTITHROMBOTIC AGENTS",2022-10-17,2022-10-18,"Business reasons",2022-03-01,2024-02-14,No
155794,02240352,Discontinuation,INTEGRILIN,"MERCK CANADA INC","eptifibatide injection",EPTIFIBATIDE,2MG,"20 mg/10 mL bolus vial - Fiole de 20 mg/10 mL pour bolus","INTRAVENOUS; INTRAVENOUS",Discontinued,SOLUTION,B01AC,"ANTITHROMBOTIC AGENTS",2022-10-17,2022-10-18,"Business reasons",2022-03-01,2024-02-14,No
183668,02396750,Discontinuation,INTELENCE,"JANSSEN INC",INTELENCE,ETRAVIRINE,25MG,"1 x 120","ORAL; ORAL",Discontinued,TABLET,J05AG,"DIRECT ACTING ANTIVIRALS",2023-08-08,2023-08-04,"Business reasons",2023-02-06,2023-08-09,No
18629,02231651,Discontinuation,"INTRON A","MERCK CANADA INC","interferon alfa-2b  lyophilized powder",,,"Kit,  Liquid,  Powder For Solution",,Discontinued,,,,2017-08-09,,"Business reasons",2017-08-09,2017-08-10,No
33898,02240693,Discontinuation,"INTRON A","MERCK CANADA INC","interferon alfa-2b solution for injection (multi-dose pen)","INTERFERON ALFA-2B",15000000UNIT,"18MIU PEN",SUBCUTANEOUS,Discontinued,LIQUID,L03AB,IMMUNOSTIMULANTS,2019-01-07,,"Business reasons",2017-12-20,2019-01-07,No
33901,02240694,Discontinuation,"INTRON A","MERCK CANADA INC","interferon alfa-2b solution for injection (multi-dose pen)","INTERFERON ALFA-2B",25000000UNIT,"30MIU PEN",SUBCUTANEOUS,Discontinued,LIQUID,L03AB,IMMUNOSTIMULANTS,2019-02-25,,"Business reasons",2017-12-20,2019-02-26,No
33904,02240695,Discontinuation,"INTRON A","MERCK CANADA INC","interferon alfa-2b solution for injection (multi-dose pen)","INTERFERON ALFA-2B",50000000UNIT,"60MIU PEN",SUBCUTANEOUS,Discontinued,LIQUID,L03AB,IMMUNOSTIMULANTS,2019-01-07,,"Business reasons",2017-12-20,2019-01-07,No
92451,02238675,Discontinuation,"INTRON A","MERCK CANADA INC","interferon alfa-2b solution for injection","INTERFERON ALFA-2B",10000000UNIT,"1 x 10MIU","INTRAMUSCULAR; INTRAVENOUS; SUBCUTANEOUS",Discontinued,SOLUTION,L03AB,IMMUNOSTIMULANTS,2021-04-12,2021-04-12,"Business reasons",2019-08-26,2021-04-13,No
92454,02223406,Discontinuation,"INTRON A","MERCK CANADA INC","interferon alfa-2b  lyophilized powder","WATER; INTERFERON ALFA-2B","1ML; 10000000UNIT","1 x 10MIU","INTRALESIONAL; INTRAMUSCULAR; INTRAVENOUS; SUBCUTANEOUS",Discontinued,"LIQUID; POWDER FOR SOLUTION",L03AB,IMMUNOSTIMULANTS,2021-11-10,2021-11-12,"Business reasons",2019-08-26,2021-11-11,No
92457,02238674,Discontinuation,"INTRON A","MERCK CANADA INC","interferon alfa-2b solution for injection","INTERFERON ALFA-2B",6000000UNIT,"1 x 18MIU","INTRAMUSCULAR; INTRAVENOUS; SUBCUTANEOUS",Discontinued,SOLUTION,L03AB,IMMUNOSTIMULANTS,2021-08-31,2021-08-31,"Business reasons",2019-08-26,2021-09-01,No
92460,02238675,Discontinuation,"INTRON A","MERCK CANADA INC","interferon alfa-2b solution for injection","INTERFERON ALFA-2B",10000000UNIT,"1 x 25MIU","INTRAMUSCULAR; INTRAVENOUS; SUBCUTANEOUS",Discontinued,SOLUTION,L03AB,IMMUNOSTIMULANTS,2021-04-07,2021-05-03,"Business reasons",2019-08-26,2021-04-08,No
132101,02279320,Discontinuation,INVIRASE,"HOFFMANN-LA ROCHE LIMITED","PrINVIRASE® (saquinavir mesylate) 500 mg",SAQUINAVIR,500MG,"Glass or plastic (HDPE) bottles- 270 capsules","ORAL; ORAL",Discontinued,TABLET,J05AE,"DIRECT ACTING ANTIVIRALS",2021-01-05,2020-12-31,"Business reasons",2021-01-20,2021-01-20,No
53093,02216965,Discontinuation,"INVIRASE - CAP 200MG","HOFFMANN-LA ROCHE LIMITED","Saquinavir mesylate (Invirase)",SAQUINAVIR,200MG,"270 pills/pack",ORAL,"To be discontinued",CAPSULE,J05AE,"DIRECT ACTING ANTIVIRALS",,2018-12-31,"Business reasons",2018-06-28,2018-06-28,No
37086,02455412,Discontinuation,INVOKAMET,"JANSSEN INC","canagliflozin and metformin hydrochloride tablets","METFORMIN HYDROCHLORIDE; Canagliflozin","850MG; 50MG",1x60,ORAL,"To be discontinued",TABLET,A10BD,"BLOOD GLUCOSE LOWERING DRUGS, EXCL. INSULINS",,2018-05-08,"Business reasons",2018-01-24,2018-01-24,No
37089,02455447,Discontinuation,INVOKAMET,"JANSSEN INC","canagliflozin and metformin hydrochloride tablets","METFORMIN HYDROCHLORIDE; Canagliflozin","850MG; 150MG",1x60,ORAL,"To be discontinued",TABLET,A10BD,"BLOOD GLUCOSE LOWERING DRUGS, EXCL. INSULINS",,2018-05-08,"Business reasons",2018-01-24,2018-01-24,No
230850,02455439,Discontinuation,INVOKAMET,"JANSSEN INC","INVOKAMET 150/500MG","METFORMIN HYDROCHLORIDE; CANAGLIFLOZIN","500MG; 150MG",60,"ORAL; ORAL",Discontinued,TABLET,A10BD,"BLOOD GLUCOSE LOWERING DRUGS, EXCL. INSULINS",2024-11-12,2024-11-15,"Business reasons",2024-06-18,2024-11-13,No
4159,02245568,Discontinuation,"IODOVET TOPICAL SOLUTION","LABORATOIRE RIVA INC","IODOVET TOPICAL SOLUTION",POVIDONE-IODINE,10%,"5L & 450 ml",TOPICAL,Discontinued,SOLUTION,,,2017-03-24,,"Business reasons",2017-03-24,2017-03-25,No
121828,02246083,Discontinuation,IPRAVENT,"AA PHARMA INC","Ipratropium bromide solution","IPRATROPIUM BROMIDE",21MCG,"15 mL",NASAL,Discontinued,SOLUTION,R01AX,"DECONGESTANTS AND OTHER NASAL PREP.FOR TOPICAL USE",2017-07-28,,"Business reasons",2020-08-06,2020-08-06,No
161820,02410419,Discontinuation,IRINOTECAN,"PFIZER CANADA ULC",IRINOTECAN,"IRINOTECAN HYDROCHLORIDE",20MG,15mL,"INTRAVENOUS; INTRAVENOUS",Discontinued,SOLUTION,L01CE,,2022-06-03,,"Business reasons",2022-06-03,2022-06-04,No
258762,02312409,Discontinuation,"IRINOTECAN FOR INJECTION","TEVA CANADA LIMITED","IRINOTECAN FOR INJECTION","IRINOTECAN HYDROCHLORIDE",20MG,25mL,"INTRAVENOUS; INTRAVENOUS",Discontinued,SOLUTION,L01CE,,2022-09-23,,"Business reasons",2025-05-28,2025-05-28,No
159004,02412187,Discontinuation,"IRINOTECAN HYDROCHLORIDE INJECTION","TELIP, LLC, A SUBSIDIARY OF TELIGENT, INC.","IRINOTECAN HYDROCHLORIDE INJECTION","IRINOTECAN HYDROCHLORIDE",20MG,5ML,"INTRAVENOUS; INTRAVENOUS",Discontinued,"SOLUTION; SOLUTION",L01XX,"OTHER ANTINEOPLASTIC AGENTS",2022-04-19,,"Business reasons",2022-04-19,2022-04-20,No
70182,00441686,Discontinuation,ISDN,"AA PHARMA INC",ISDN,"ISOSORBIDE DINITRATE",10MG,1000BTL,ORAL,Discontinued,TABLET,C01DA,"VASODILATORS USED IN CARDIAC DISEASES",2019-10-31,2019-09-30,"Business reasons",2018-12-20,2022-01-27,No
108370,00670944,Discontinuation,ISDN,"AA PHARMA INC",ISDN,"ISOSORBIDE DINITRATE",5MG,100BTL,SUBLINGUAL,Discontinued,TABLET,C01DA,"VASODILATORS USED IN CARDIAC DISEASES",2020-03-10,,"Business reasons",2020-03-10,2020-03-11,No
204160,02392437,Discontinuation,ISENTRESS,"MERCK CANADA INC","raltegravir chewable tablets",RALTEGRAVIR,100MG,60TAB,"ORAL; ORAL",Discontinued,"TABLET (CHEWABLE)",J05AJ,,2024-07-12,2024-08-30,"Business reasons",2023-09-12,2024-07-15,No
263516,02392429,Discontinuation,ISENTRESS,"MERCK CANADA INC","raltegravir chewable tablets",RALTEGRAVIR,25MG,60TAB,"ORAL; ORAL",Discontinued,"TABLET (CHEWABLE)",J05AJ,,2025-11-07,2025-11-07,"Business reasons",2025-07-25,2025-11-08,No
14096,02446073,Discontinuation,ISMN,"SIVEM PHARMACEUTICALS ULC",ISMN,ISOSORBIDE-5-MONONITRATE,60MG,30,ORAL,Discontinued,"TABLET (EXTENDED-RELEASE)",C01DA,"VASODILATORS USED IN CARDIAC DISEASES",2017-06-27,2017-06-27,"Business reasons",2017-06-27,2017-06-28,No
14099,02446073,Discontinuation,ISMN,"SIVEM PHARMACEUTICALS ULC",ISMN,ISOSORBIDE-5-MONONITRATE,60MG,100,ORAL,Discontinued,"TABLET (EXTENDED-RELEASE)",C01DA,"VASODILATORS USED IN CARDIAC DISEASES",2017-06-27,2017-06-27,"Business reasons",2017-06-27,2017-06-28,No
209726,00393711,Discontinuation,"ISOCAINE HCL INJ 2%","NOVOCOL PHARMACEUTICAL OF CANADA INC","Mepivacaine Hydrochloride and Corbadrine (Levonordefrin) Injection","CORBADRINE; MEPIVACAINE HYDROCHLORIDE","0.05MG; 20MG","Box of 50 Cartridges of 1.8mL each","BLOCK/INFILTRATION; BLOCK/INFILTRATION",Discontinued,SOLUTION,N01BB,"ANESTHETICS, LOCAL",2023-11-09,,"Raw material availability",2023-11-10,2023-11-10,No
43530,00035017,Discontinuation,"ISOPTO ATROPINE","NOVARTIS PHARMACEUTICALS CANADA INC","ISOPTO ATROPINE 1% SOLUTION 5ML","ATROPINE SULFATE",1%,5ML,OPHTHALMIC,Reversed,SOLUTION,S01FA,"MYDRIATICSAND CYCLOPLEGICS",2018-03-13,,"Other (Please describe in comments)",2018-03-20,2018-08-29,No
160361,00000884,Discontinuation,"ISOPTO CARPINE","NOVARTIS PHARMACEUTICALS CANADA INC","ISOPTO CARPINE 4%SOLN. 15ML","PILOCARPINE HYDROCHLORIDE",4%,15ML,"OPHTHALMIC; OPHTHALMIC",Discontinued,LIQUID,S01EB,"ANTIGLAUCOMA PREPARATIONS AND MIOTICS",2022-07-05,2022-06-30,"Business reasons",2022-05-11,2022-07-14,No
113293,02400111,Discontinuation,JAMP-ALPRAZOLAM,"JAMP PHARMA CORPORATION","Alprazolam tablets",ALPRAZOLAM,0.25MG,500,"ORAL; ORAL",Discontinued,TABLET,N05BA,ANXIOLYTICS,2019-08-15,,"Business reasons",2020-04-27,2020-04-27,No
113296,02400111,Discontinuation,JAMP-ALPRAZOLAM,"JAMP PHARMA CORPORATION",Alprazolam,ALPRAZOLAM,0.25MG,100,"ORAL; ORAL",Discontinued,TABLET,N05BA,ANXIOLYTICS,2019-08-15,,"Business reasons",2020-04-27,2020-04-27,No
113299,02400138,Discontinuation,JAMP-ALPRAZOLAM,"JAMP PHARMA CORPORATION",Alprazolam,ALPRAZOLAM,0.5MG,100,"ORAL; ORAL",Discontinued,TABLET,N05BA,ANXIOLYTICS,2019-08-15,,"Business reasons",2020-04-27,2020-04-27,No
113302,02400138,Discontinuation,JAMP-ALPRAZOLAM,"JAMP PHARMA CORPORATION",JAMP-Alprazolam,ALPRAZOLAM,0.5MG,500,"ORAL; ORAL",Discontinued,TABLET,N05BA,ANXIOLYTICS,2019-08-15,,"Business reasons",2020-04-27,2020-04-27,No
113305,02400146,Discontinuation,JAMP-ALPRAZOLAM,"JAMP PHARMA CORPORATION",Alprazolam,ALPRAZOLAM,1MG,100,"ORAL; ORAL",Discontinued,TABLET,N05BA,ANXIOLYTICS,2019-08-15,,"Business reasons",2020-04-27,2020-04-27,No
113308,02400154,Discontinuation,JAMP-ALPRAZOLAM,"JAMP PHARMA CORPORATION",Alprazolam,ALPRAZOLAM,2MG,100,"ORAL; ORAL",Discontinued,TABLET,N05BA,ANXIOLYTICS,2019-08-15,,"Business reasons",2020-04-27,2020-04-27,No
168981,02408252,Discontinuation,"JAMP-LOSARTAN HCTZ","JAMP PHARMA CORPORATION","Losartan potassium and Hydrochlorothiazide tablets","HYDROCHLOROTHIAZIDE; LOSARTAN POTASSIUM","25MG; 100MG",100,"ORAL; ORAL",Discontinued,TABLET,C09DA,"ANGIOTENSIN II ANTAGONISTS, COMBINATIONS",2022-09-06,,"Business reasons",2022-09-09,2022-09-09,No
168984,02408252,Discontinuation,"JAMP-LOSARTAN HCTZ","JAMP PHARMA CORPORATION","Losartan potassium and Hydrochlorothiazide tablets","HYDROCHLOROTHIAZIDE; LOSARTAN POTASSIUM","25MG; 100MG",30,"ORAL; ORAL",Discontinued,TABLET,C09DA,"ANGIOTENSIN II ANTAGONISTS, COMBINATIONS",2022-09-06,,"Business reasons",2022-09-09,2022-09-09,No
168987,02408244,Discontinuation,"JAMP-LOSARTAN HCTZ","JAMP PHARMA CORPORATION","Losartan potassium and Hydrochlorothiazide tablets","HYDROCHLOROTHIAZIDE; LOSARTAN POTASSIUM","12.5MG; 50MG",100,"ORAL; ORAL",Discontinued,TABLET,C09DA,"ANGIOTENSIN II ANTAGONISTS, COMBINATIONS",2022-09-06,,"Business reasons",2022-09-09,2022-09-09,No
168990,02408244,Discontinuation,"JAMP-LOSARTAN HCTZ","JAMP PHARMA CORPORATION","Losartan potassium and Hydrochlorothiazide tablets","HYDROCHLOROTHIAZIDE; LOSARTAN POTASSIUM","12.5MG; 50MG",30,"ORAL; ORAL",Discontinued,TABLET,C09DA,"ANGIOTENSIN II ANTAGONISTS, COMBINATIONS",2022-09-06,,"Business reasons",2022-09-09,2022-09-09,No
168995,02429241,Discontinuation,"JAMP-RIZATRIPTAN IR","JAMP PHARMA CORPORATION","Rizatriptan Benzoate Tablets",RIZATRIPTAN,10MG,2x6,"ORAL; ORAL",Discontinued,TABLET,N02CC,"ANTIMIGRAINE PREPARATIONS",2022-09-07,,"Business reasons",2022-09-09,2022-09-09,No
168998,02429241,Discontinuation,"JAMP-RIZATRIPTAN IR","JAMP PHARMA CORPORATION","Rizatriptan Benzoate Tablets",RIZATRIPTAN,10MG,1x6,"ORAL; ORAL",Discontinued,TABLET,N02CC,"ANTIMIGRAINE PREPARATIONS",2022-09-07,,"Business reasons",2022-09-09,2022-09-09,No
169003,02405660,Discontinuation,JAMP-SILDENAFIL,"JAMP PHARMA CORPORATION","Sildenafil Citrate Tablets",SILDENAFIL,25.0MG,4,"ORAL; ORAL",Discontinued,TABLET,G04BE,"OTHER UROLOGICALS, INCL ANTISPASMODICS",2022-09-07,,"Business reasons",2022-09-09,2022-09-09,No
169006,02405679,Discontinuation,JAMP-SILDENAFIL,"JAMP PHARMA CORPORATION","Sildenafil Citrate Tablets",SILDENAFIL,50.0MG,4,"ORAL; ORAL",Discontinued,TABLET,G04BE,"OTHER UROLOGICALS, INCL ANTISPASMODICS",2022-09-07,,"Business reasons",2022-09-09,2022-09-09,No
245516,02333864,Discontinuation,JANUMET,"MERCK CANADA INC","sitagliptin and metformin hydrochloride tablets","METFORMIN HYDROCHLORIDE; SITAGLIPTIN","850MG; 50MG",60TAB,"ORAL; ORAL",Discontinued,TABLET,A10BD,"BLOOD GLUCOSE LOWERING DRUGS, EXCL. INSULINS",2025-08-13,2025-08-30,"Business reasons",2024-12-12,2025-08-14,No
65614,02408295,Discontinuation,JAYDESS,"BAYER INC",Levonorgestrel,LEVONORGESTREL,13.5MG,1's,INTRAUTERINE,Discontinued,"INSERT (EXTENDED-RELEASE)",G02BA,"CONTRACEPTIVES FOR TOPICAL USE",2018-12-20,,"Business reasons",2018-10-26,2019-01-04,No
108683,02410818,Discontinuation,JETREA,"THROMBOGENICS NV","Solution for intravitreal injection",OCRIPLASMIN,2.5MG,0.2mL,INTRAVITREAL,Discontinued,SOLUTION,S01XA,"OTHER OPHTHALMOLOGICALS",2020-03-10,,"Business reasons",2020-03-13,2020-03-13,No
109082,02452154,Discontinuation,JETREA,"THROMBOGENICS NV","Solution for Intravitreal Injection",OCRIPLASMIN,1.25MG,0.3mL,INTRAVITREAL,Discontinued,SOLUTION,S01XA,"OTHER OPHTHALMOLOGICALS",2020-03-10,,"Business reasons",2020-03-20,2020-03-20,No
196086,02369524,Discontinuation,JEVTANA,"SANOFI-AVENTIS CANADA INC",JEVTANA,CABAZITAXEL,40MG,1,"INTRAVENOUS; INTRAVENOUS",Discontinued,SOLUTION,L01CD,"PLANT ALKALOIDS AND OTHER NATURAL PRODUCTS",2023-09-11,2023-10-31,"Other (Please describe in comments)",2023-06-21,2023-09-13,No
60943,02337266,Discontinuation,JURNISTA,"JANSSEN INC","hyrdomorphone hydrochloride, prolonged-release tablets","HYDROMORPHONE HYDROCHLORIDE",4MG,30s,ORAL,Discontinued,"TABLET (EXTENDED-RELEASE)",N02AA,OPIOIDS,2018-11-01,2018-11-01,"Business reasons",2018-09-10,2018-11-02,No
60946,02337282,Discontinuation,JURNISTA,"JANSSEN INC","hyrdomorphone hydrochloride, prolonged-release tablets","HYDROMORPHONE HYDROCHLORIDE",16MG,30s,ORAL,Discontinued,"TABLET (EXTENDED-RELEASE)",N02AA,OPIOIDS,2018-11-01,2018-11-01,"Business reasons",2018-09-10,2018-11-02,No
60949,02337290,Discontinuation,JURNISTA,"JANSSEN INC","hyrdomorphone hydrochloride, prolonged-release tablets","HYDROMORPHONE HYDROCHLORIDE",32MG,30s,ORAL,Discontinued,"TABLET (EXTENDED-RELEASE)",N02AA,OPIOIDS,2018-11-01,2018-11-01,"Business reasons",2018-09-10,2018-11-02,No
60952,02337274,Discontinuation,JURNISTA,"JANSSEN INC","hyrdomorphone hydrochloride, prolonged-release tablets","HYDROMORPHONE HYDROCHLORIDE",8MG,30s,ORAL,Discontinued,"TABLET (EXTENDED-RELEASE)",N02AA,OPIOIDS,2018-11-01,2018-11-01,"Business reasons",2018-09-10,2018-11-02,No
2146,00765252,Discontinuation,"K-EXIT POUDRE","OMEGA LABORATORIES LTD","Sodium Polystyrene Sulfonate","SODIUM POLYSTYRENE SULFONATE",100%,"454g bottle","ORAL; RECTAL",Reversed,"POWDER FOR SOLUTION",V03AE,"ALL OTHER THERAPEUTIC PRODUCTS",2007-05-07,,"Business reasons",2017-03-14,2017-03-14,No
121831,00790427,Discontinuation,KETOPROFEN,"AA PHARMA INC","Ketoprofen capsule",KETOPROFEN,50MG,100,ORAL,Discontinued,CAPSULE,M01AE,"ANTIINFLAMMATORY/ANTIRHEUMATIC PROD.,NON-STEROIDS",2019-07-31,,"Business reasons",2020-08-06,2020-08-06,No
264341,02239944,Discontinuation,"KETOROLAC TROMETHAMINE INJECTION USP","SANDOZ CANADA INCORPORATED",KETOROLAC,"KETOROLAC TROMETHAMINE",30MG,"1 ML","INTRAMUSCULAR; INTRAMUSCULAR",Discontinued,"SOLUTION; LIQUID",M01AB,"ANTIINFLAMMATORY/ANTIRHEUMATIC PROD.,NON-STEROIDS",2025-08-04,,"Business reasons",2025-08-04,2025-08-05,No
267479,02390582,Discontinuation,"KETOROLAC TROMETHAMINE INJECTION USP","PFIZER CANADA ULC","KETOROLAC TROMETHAMINE INJECTION USP","KETOROLAC TROMETHAMINE",30MG,"25 X 1ML","INTRAMUSCULAR; INTRAMUSCULAR",Discontinued,SOLUTION,M01AB,"ANTIINFLAMMATORY/ANTIRHEUMATIC PROD.,NON-STEROIDS",2025-09-12,,"Business reasons",2025-09-18,2025-09-18,No
164491,02460521,Discontinuation,KEVZARA,"SANOFI-AVENTIS CANADA INC",Kevzara,SARILUMAB,150MG,2,"SUBCUTANEOUS; SUBCUTANEOUS",Discontinued,SOLUTION,L04AC,IMMUNOSUPPRESSANTS,2022-07-29,2022-07-29,"Business reasons",2022-07-12,2022-08-02,No
72658,02441152,Discontinuation,KEYTRUDA,"MERCK CANADA INC","pembrolizumab for injection",Pembrolizumab,50MG,"50 mg",INTRAVENOUS,Discontinued,"POWDER FOR SOLUTION",L01XC,"OTHER ANTINEOPLASTIC AGENTS",2019-12-05,2019-12-20,"Business reasons",2019-01-16,2019-12-06,No
108355,01926438,Discontinuation,KIDROLASE,"JAZZ PHARMACEUTICALS FRANCE SAS","L-asparaginase powder for solution",ASPARAGINASE,10000UNIT,"1 vial/pack","INTRAMUSCULAR; INTRAVENOUS",Discontinued,"POWDER FOR SOLUTION",L01XX,"OTHER ANTINEOPLASTIC AGENTS",2021-06-30,2020-11-10,"Manufacturing issues",2020-03-10,2021-09-01,No
238375,02269341,Discontinuation,KIVEXA,"VIIV HEALTHCARE ULC","abacavir and lamivudine tablets","LAMIVUDINE; ABACAVIR","300MG; 600MG","All pack sizes / Tous les formats","ORAL; ORAL",Discontinued,TABLET,J05AR,"DIRECT ACTING ANTIVIRALS",2025-11-11,,"Business reasons",2024-09-23,2025-11-13,No
265936,02389185,Discontinuation,KOMBOGLYZE,"ASTRAZENECA CANADA INC","saxagliptin and metformin hydrochloride tablets","SAXAGLIPTIN; METFORMIN HYDROCHLORIDE","2.5MG; 1000MG","60 tablets","ORAL; ORAL",Discontinued,TABLET,A10BD,"BLOOD GLUCOSE LOWERING DRUGS, EXCL. INSULINS",2026-03-10,2026-03-27,"Business reasons",2025-08-26,2026-03-11,No
277205,02389169,Discontinuation,KOMBOGLYZE,"ASTRAZENECA CANADA INC","saxagliptin and metformin hydrochloride tablets","METFORMIN HYDROCHLORIDE; SAXAGLIPTIN","500MG; 2.5MG","60 tablets","ORAL; ORAL",Discontinued,TABLET,A10BD,"BLOOD GLUCOSE LOWERING DRUGS, EXCL. INSULINS",2026-05-14,2026-05-26,"Business reasons",2026-02-03,2026-09-10,No
277208,02389177,Discontinuation,KOMBOGLYZE,"ASTRAZENECA CANADA INC","saxagliptin and metformin hydrochloride tablets","METFORMIN HYDROCHLORIDE; SAXAGLIPTIN","850MG; 2.5MG","60 tablets","ORAL; ORAL",Discontinued,TABLET,A10BD,"BLOOD GLUCOSE LOWERING DRUGS, EXCL. INSULINS",2026-07-03,2026-07-05,"Business reasons",2026-02-03,2026-07-06,No
263830,02482215,Discontinuation,KUVAN,"BIOMARIN INTERNATIONAL LIMITED",Kuvan,"SAPROPTERIN DIHYDROCHLORIDE",500MG,"500mg single-use packet","ORAL; ORAL",Discontinued,POWDER,A16AX,"OTHER ALIMENTARY TRACT AND METABOLISM PRODUCTS",2025-08-15,2025-08-19,"Business reasons",2025-07-30,2025-08-25,No
263882,02482215,Discontinuation,KUVAN,"BIOMARIN INTERNATIONAL LIMITED",Kuvan,"SAPROPTERIN DIHYDROCHLORIDE",500MG,"500mg single-use packet","ORAL; ORAL",Discontinued,POWDER,A16AX,"OTHER ALIMENTARY TRACT AND METABOLISM PRODUCTS",2025-08-15,2025-08-19,"Business reasons",2025-07-31,2025-08-20,No
190913,02500264,Discontinuation,KYNMOBI,"SUNOVION PHARMACEUTICALS CANADA INC","Apomorphine HCl soluble film","APOMORPHINE HYDROCHLORIDE",10MG,"Cartons of 30 films",SUBLINGUAL,Discontinued,"FILM, SOLUBLE",N04BC,,2023-09-29,2023-09-30,"Business reasons",2023-04-27,2023-11-17,Yes
191447,02500272,Discontinuation,KYNMOBI,"SUNOVION PHARMACEUTICALS CANADA INC","Apomorphine HCl soluble film","APOMORPHINE HYDROCHLORIDE",15MG,"Cartons of 30 films",SUBLINGUAL,Discontinued,"FILM, SOLUBLE",N04BC,,2023-09-29,2023-09-30,"Business reasons",2023-05-02,2023-11-17,Yes
191453,02500280,Discontinuation,KYNMOBI,"SUNOVION PHARMACEUTICALS CANADA INC","Apomorphine HCl soluble film","APOMORPHINE HYDROCHLORIDE",20MG,"Cartons of 30 films",SUBLINGUAL,Discontinued,"FILM, SOLUBLE",N04BC,,2023-09-29,2023-09-30,"Business reasons",2023-05-02,2023-11-17,Yes
191456,02500299,Discontinuation,KYNMOBI,"SUNOVION PHARMACEUTICALS CANADA INC","Apomorphine HCl soluble film","APOMORPHINE HYDROCHLORIDE",25MG,"Cartons of 30 films",SUBLINGUAL,Discontinued,"FILM, SOLUBLE",N04BC,,2023-09-29,2023-09-30,"Business reasons",2023-05-02,2023-11-17,Yes
191459,02500302,Discontinuation,KYNMOBI,"SUNOVION PHARMACEUTICALS CANADA INC","film soluble de chlorhydrate d'apomorphine","APOMORPHINE HYDROCHLORIDE",30MG,"Cartons of 30 films",SUBLINGUAL,Discontinued,"FILM, SOLUBLE",N04BC,,2023-09-29,2023-09-30,"Business reasons",2023-05-02,2023-11-17,Yes
290729,02391090,Discontinuation,"LABETALOL HYDROCHLORIDE INJECTION USP","PFIZER CANADA ULC","LABETALOL HYDROCHLORIDE INJECTION USP","LABETALOL HYDROCHLORIDE",5MG,"1 X 20ML VIAL","INTRAVENOUS; INTRAVENOUS",Discontinued,SOLUTION,C07AG,"BETA BLOCKING AGENTS",2025-07-31,,"Business reasons",2026-08-05,2026-08-05,No
245264,02387468,Discontinuation,"LABETALOL HYDROCHLORIDE INJECTION, USP","MYLAN PHARMACEUTICALS ULC","LABETALOL HYDROCHLORIDE INJECTION, USP","LABETALOL HYDROCHLORIDE",5MG,"20ML 1VL","INTRAVENOUS; INTRAVENOUS",Discontinued,SOLUTION,C07AG,"BETA BLOCKING AGENTS",2023-01-10,,"Business reasons",2024-12-10,2024-12-10,No
244096,02031116,Discontinuation,LAMISIL,"NOVARTIS PHARMACEUTICALS CANADA INC","LAMISIL TAB 250MG 2 X 14",TERBINAFINE,250MG,"2 X 14","ORAL; ORAL","To be discontinued",TABLET,D01BA,"ANTIFUNGALS FOR SYSTEMIC USE",,2025-03-01,"Business reasons",2024-11-28,2024-11-28,No
149318,02433028,Discontinuation,LANSOPRAZOLE,"PHARMASCIENCE INC",LANSOPRAZOLE,LANSOPRAZOLE,30MG,100,"ORAL; ORAL",Discontinued,"CAPSULE (DELAYED RELEASE)",A02BC,"DRUGS FOR PEPTIC ULCER AND GASTROESOPHAGEAL REFLUX DISEASE (GERD)",2021-11-14,,"Business reasons",2021-11-15,2021-11-15,No
14927,00229636,Discontinuation,"LARGAL ULTRA",SEPTODONT,"Disodium Edetate, Cetrimonium Bromide","CETRIMONIUM BROMIDE; DISODIUM EDETATE","750MG; 15G","13 mL",DENTAL,Discontinued,LIQUID,A01AD,"STOMATOLOGICAL PREPARATIONS",2017-07-07,2017-07-07,"Business reasons",2017-07-07,2017-07-08,No
117642,02469227,Discontinuation,LARTRUVO,"ELI LILLY CANADA INC",OLARATUMAB,OLARATUMAB,500MG,"I Vial , 500 MG / 50 ML","INTRAVENOUS; INTRAVENOUS",Discontinued,SOLUTION,L01XC,,2020-06-04,2020-06-04,"Business reasons",2020-06-15,2020-06-15,No
124196,02480271,Discontinuation,LARTRUVO,"ELI LILLY CANADA INC",OLARATUMAB,OLARATUMAB,190MG,"1 Vial, 190 MG / 19 ML",INTRAVENOUS,Discontinued,SOLUTION,L01XC,,2020-09-25,2020-10-22,"Business reasons",2020-09-14,2020-10-05,No
239073,02489368,Discontinuation,"LATANOPROST AND TIMOLOL OPHTHALMIC SOLUTION","HIKMA CANADA LIMITED","LATANOPROST AND TIMOLOL OPHTHALMIC SOLUTION","TIMOLOL; LATANOPROST","5MG; 50MCG",2.5mL,OPHTHALMIC,Discontinued,SOLUTION,S01ED,"ANTIGLAUCOMA PREPARATIONS AND MIOTICS",2024-10-01,,"Business reasons",2024-10-01,2024-10-02,No
253336,02489570,Discontinuation,"LATANOPROST OPHTHALMIC SOLUTION","HIKMA CANADA LIMITED","LATANOPROST OPHTHALMIC SOLUTION",LATANOPROST,50MCG,2.5mL,OPHTHALMIC,Discontinued,SOLUTION,S01EE,"ANTIGLAUCOMA PREPARATIONS AND MIOTICS",2025-04-01,,"Business reasons",2025-03-24,2025-04-02,No
255554,02387786,Discontinuation,LATUDA,"SUMITOMO PHARMA CANADA, INC.","lurasidone hydrochloride tablets","LURASIDONE HYDROCHLORIDE",120MG,30,"ORAL; ORAL",Discontinued,TABLET,N05AE,ANTIPSYCHOTICS,2025-08-19,2025-08-30,"Business reasons",2025-04-24,2025-08-20,No
266748,02422050,Discontinuation,LATUDA,"SUMITOMO PHARMA CANADA, INC.","lurasidone hydrochloride tablets","LURASIDONE HYDROCHLORIDE",20MG,"30 tablets","ORAL; ORAL",Discontinued,TABLET,N05AE,ANTIPSYCHOTICS,2026-06-30,2026-06-30,"Business reasons",2025-09-08,2026-09-10,No
266754,02387751,Discontinuation,LATUDA,"SUMITOMO PHARMA CANADA, INC.","lurasidone hydrochloride tablets","LURASIDONE HYDROCHLORIDE",40MG,"30 tablets","ORAL; ORAL",Discontinued,TABLET,N05AE,ANTIPSYCHOTICS,2026-06-30,2026-06-30,"Business reasons",2025-09-08,2026-07-02,No
266757,02413361,Discontinuation,LATUDA,"SUMITOMO PHARMA CANADA, INC.","lurasidone hydrochloride tablets","LURASIDONE HYDROCHLORIDE",60MG,"30 tablets","ORAL; ORAL",Discontinued,TABLET,N05AE,ANTIPSYCHOTICS,2026-06-30,2026-06-30,"Business reasons",2025-09-08,2026-09-10,No
266760,02387778,Discontinuation,LATUDA,"SUMITOMO PHARMA CANADA, INC.","lurasidone hydrochloride tablets","LURASIDONE HYDROCHLORIDE",80MG,"30 tablets","ORAL; ORAL",Discontinued,TABLET,N05AE,ANTIPSYCHOTICS,2026-06-30,2026-06-23,"Business reasons",2025-09-08,2026-09-10,No
272975,02422050,Discontinuation,LATUDA,"SUMITOMO PHARMA CANADA, INC.","lurasidone hydrochloride tablets","LURASIDONE HYDROCHLORIDE",20MG,30,"ORAL; ORAL",Discontinued,TABLET,N05AE,ANTIPSYCHOTICS,2026-06-30,2026-06-30,"Business reasons",2025-12-01,2026-09-10,No
288298,02422050,Discontinuation,LATUDA,"SUMITOMO PHARMA CANADA, INC.","lurasidone hydrochloride tablets","LURASIDONE HYDROCHLORIDE",20MG,30,"ORAL; ORAL",Discontinued,TABLET,N05AE,ANTIPSYCHOTICS,2026-06-30,2026-06-30,"Business reasons",2026-06-30,2026-09-10,No
20572,00518123,Discontinuation,"LECTOPAM TAB 3MG","HOFFMANN-LA ROCHE LIMITED",Bromazepam,BROMAZEPAM,3MG,"10 pills/pack",ORAL,Discontinued,TABLET,N05BA,ANXIOLYTICS,2018-02-20,2018-02-28,"Business reasons",2017-08-29,2018-04-03,No
20448,00518131,Discontinuation,"LECTOPAM TAB 6MG","HOFFMANN-LA ROCHE LIMITED",Bromazepam,BROMAZEPAM,6MG,"10 pills/pack",ORAL,Discontinued,TABLET,N05BA,ANXIOLYTICS,2018-03-31,2018-03-31,"Business reasons",2017-08-28,2018-04-03,No
109153,02250527,Discontinuation,"LESCOL XL","NOVARTIS PHARMACEUTICALS CANADA INC","LESCOL XL 80MG 2X14",FLUVASTATIN,80MG,2X14,ORAL,Discontinued,"TABLET (EXTENDED-RELEASE)",C10AA,"LIPID MODIFYING AGENTS, PLAIN",2020-04-03,2020-04-03,"Manufacturing issues",2020-03-20,2020-04-17,No
14036,02087316,Discontinuation,"LEUCOVORIN CALCIUM INJECTION","TEVA CANADA LIMITED",LEUCOVORIN,LEUCOVORIN,10MG,10,"INTRAMUSCULAR; INTRAVENOUS",Discontinued,SOLUTION,V03AF,"ALL OTHER THERAPEUTIC PRODUCTS",2017-04-07,,"Business reasons",2017-06-27,2017-06-27,No
182902,02412829,Discontinuation,"LEVEMIR FLEXTOUCH","NOVO NORDISK CANADA INC","LEVEMIR FLEXTOUCH 5X3 ML","INSULIN DETEMIR",100UNIT,EA,"SUBCUTANEOUS; SUBCUTANEOUS",Discontinued,SOLUTION,A10AE,"INSULINS AND ANALOGUES",2023-08-04,2023-07-31,"Business reasons",2023-02-01,2023-08-07,No
240231,02271842,Discontinuation,"LEVEMIR PENFILL","NOVO NORDISK CANADA INC","LEVEMIR PENFILL","INSULIN DETEMIR",100UNIT,5,"SUBCUTANEOUS; SUBCUTANEOUS","To be discontinued",SOLUTION,A10AE,"INSULINS AND ANALOGUES",,2025-12-31,"Business reasons",2024-10-15,2026-01-05,No
116076,02454653,Discontinuation,LEVETIRACETAM,"PHARMASCIENCE INC",Levetiracetam,LEVETIRACETAM,250MG,120,"ORAL; ORAL",Discontinued,TABLET,N03AX,ANTIEPILEPTICS,2021-05-29,2021-05-29,"Business reasons",2020-05-29,2021-10-27,No
117912,02454661,Discontinuation,LEVETIRACETAM,"PHARMASCIENCE INC",LEVETIRACETAM,LEVETIRACETAM,500MG,120,"ORAL; ORAL",Discontinued,TABLET,N03AX,ANTIEPILEPTICS,2020-06-15,2020-06-15,"Business reasons",2020-06-15,2021-10-27,No
149323,02454688,Discontinuation,LEVETIRACETAM,"PHARMASCIENCE INC",LEVETIRACETAM,LEVETIRACETAM,750MG,120,"ORAL; ORAL",Discontinued,TABLET,N03AX,ANTIEPILEPTICS,2021-05-29,,"Business reasons",2021-11-15,2021-11-15,No
121585,02250462,Discontinuation,LEVITRA,"BAYER INC",Vardenafil,VARDENAFIL,5MG,4's,"ORAL; ORAL",Discontinued,TABLET,G04BE,"OTHER UROLOGICALS, INCL ANTISPASMODICS",2020-11-16,2020-09-30,"Business reasons",2020-07-31,2020-11-20,No
192794,02250489,Discontinuation,LEVITRA,"BAYER INC",VARDENAFIL,VARDENAFIL,20MG,4's,"ORAL; ORAL",Discontinued,TABLET,G04BE,"OTHER UROLOGICALS, INCL ANTISPASMODICS",2023-05-15,2023-05-31,"Business reasons",2023-05-19,2023-06-08,No
194016,02250470,Discontinuation,LEVITRA,"BAYER INC",VARDENAFIL,VARDENAFIL,10MG,4's,"ORAL; ORAL",Discontinued,TABLET,G04BE,"OTHER UROLOGICALS, INCL ANTISPASMODICS",2022-12-21,,"Business reasons",2023-06-08,2023-06-08,No
236113,02241981,Discontinuation,LEVOPHED,"PFIZER CANADA ULC",LEVOPHED,NOREPINEPHRINE,1MG,4ML,"INTRAVENOUS; INTRAVENOUS",Discontinued,SOLUTION,C01CA,"CARDIAC STIMULANTS EXCL. CARDIAC GLYCOSIDES",2024-08-28,,"Business reasons",2024-08-28,2024-08-29,No
212566,02487152,Discontinuation,LIBTAYO,"SANOFI-AVENTIS CANADA INC",Cemiplimab,CEMIPLIMAB,250MG,"1 vial / carton","INTRAVENOUS; INTRAVENOUS",Discontinued,SOLUTION,L01XC,,2023-12-08,2023-12-08,"Business reasons",2023-12-06,2023-12-09,No
212804,02161923,Discontinuation,LIDEX,"BAUSCH HEALTH, CANADA INC.",LIDEX,FLUOCINONIDE,0.05%,60g,"TOPICAL; TOPICAL",Discontinued,CREAM,D07AC,"CORTICOSTEROIDS, PLAIN",2023-12-01,,"Business reasons",2023-12-08,2023-12-08,No
79439,01901958,Discontinuation,"LIDOCAINE HYDROCHLORIDE 1% AND EPINEPHRINE 1:100 000 INJECTION USP","HOSPIRA HEALTHCARE ULC","Lidocaine Hydrochloride and Epinephrine Injection USP","LIDOCAINE HYDROCHLORIDE; EPINEPHRINE","10MG; 10MCG","25 x 20mL GVL MD",BLOCK/INFILTRATION,Discontinued,SOLUTION,N01BB,"ANESTHETICS, LOCAL",2019-03-25,,"Business reasons",2019-03-26,2019-03-26,No
79452,01901915,Discontinuation,"LIDOCAINE HYDROCHLORIDE 2% AND EPINEPHRINE 1:100 000 INJECTION USP","HOSPIRA HEALTHCARE ULC","Lidocaine Hydrochloride and Epinephrine Injection USP","LIDOCAINE HYDROCHLORIDE; EPINEPHRINE","20MG; 10MCG","25 x 50mL GVL MD",BLOCK/INFILTRATION,Discontinued,SOLUTION,N01BB,"ANESTHETICS, LOCAL",2019-03-25,,"Business reasons",2019-03-26,2019-03-26,No
79696,01901915,Discontinuation,"LIDOCAINE HYDROCHLORIDE 2% AND EPINEPHRINE 1:100 000 INJECTION USP","HOSPIRA HEALTHCARE ULC","Lidocaine Hydrochloride Injection USP","LIDOCAINE HYDROCHLORIDE; EPINEPHRINE","20MG; 10MCG","25 x 20mL",BLOCK/INFILTRATION,Discontinued,SOLUTION,N01BB,"ANESTHETICS, LOCAL",2019-03-25,,"Business reasons",2019-03-28,2019-03-28,No
79455,02439468,Discontinuation,"LIDOCAINE HYDROCHLORIDE 2% AND EPINEPHRINE 1:200000 INJECTION USP","HOSPIRA HEALTHCARE ULC","Lidocaine Hydrochloride and Epinephrine Injection USP","LIDOCAINE HYDROCHLORIDE; EPINEPHRINE","20MG; 0.005MG","5 x 20mL GVL","BLOCK/INFILTRATION; EPIDURAL",Discontinued,SOLUTION,N01BB,"ANESTHETICS, LOCAL",2019-03-25,,"Business reasons",2019-03-26,2019-03-26,No
136528,01901982,Discontinuation,"LIDOCAINE HYDROCHLORIDE INJECTION USP","PFIZER CANADA ULC","Lidocaine Hydrochloride Injection USP","LIDOCAINE HYDROCHLORIDE",20MG,"25 x 2mL","BLOCK/INFILTRATION; BLOCK/INFILTRATION",Discontinued,SOLUTION,N01BB,"ANESTHETICS, LOCAL",2021-03-26,,"Business reasons",2021-03-29,2021-03-29,No
225805,02421984,Discontinuation,"LIDOCAINE HYDROCHLORIDE INJECTION USP","HIKMA CANADA LIMITED","LIDOCAINE HYDROCHLORIDE INJECTION USP","LIDOCAINE HYDROCHLORIDE",10MG,"5mL glass ampoules","BLOCK/INFILTRATION; BLOCK/INFILTRATION",Discontinued,SOLUTION,N01BB,"ANESTHETICS, LOCAL",2024-04-19,2024-04-19,"Business reasons",2024-04-19,2024-04-22,No
265655,00436208,Discontinuation,"LIDOCAINE HYDROCHLORIDE INJECTION USP","PFIZER CANADA ULC","LIDOCAINE HYDROCHLORIDE INJECTION USP","LIDOCAINE HYDROCHLORIDE",20MG,"10x5mL Lifeshield syringes","INTRAVENOUS; INTRAVENOUS",Discontinued,SOLUTION,C01BB,"ANTIARRHYTHMICS, CLASS I AND III",2025-08-18,,"Business reasons",2025-08-19,2025-08-19,No
79690,00884154,Discontinuation,"LIDOCAINE HYDROCHLORIDE INJECTION USP 1%","HOSPIRA HEALTHCARE ULC","Lidocaine Hydrochloride Injection USP","LIDOCAINE HYDROCHLORIDE",10MG,"5 x 5mL AMP",BLOCK/INFILTRATION,Discontinued,SOLUTION,N01BB,"ANESTHETICS, LOCAL",2019-03-25,,"Business reasons",2019-03-28,2019-03-28,No
79699,00884154,Discontinuation,"LIDOCAINE HYDROCHLORIDE INJECTION USP 1%","HOSPIRA HEALTHCARE ULC","Lidocaine Hydrochloride Injection USP","LIDOCAINE HYDROCHLORIDE",10MG,"25 x 50mL",BLOCK/INFILTRATION,Discontinued,SOLUTION,N01BB,"ANESTHETICS, LOCAL",2019-03-25,,"Business reasons",2019-03-28,2019-03-28,No
79702,00884154,Discontinuation,"LIDOCAINE HYDROCHLORIDE INJECTION USP 1%","HOSPIRA HEALTHCARE ULC","Lidocaine Hydrochloride Injection USP","LIDOCAINE HYDROCHLORIDE",10MG,"25 x 20mL",BLOCK/INFILTRATION,Discontinued,SOLUTION,N01BB,"ANESTHETICS, LOCAL",2019-03-25,,"Business reasons",2019-03-28,2019-03-28,No
79705,01901982,Discontinuation,"LIDOCAINE HYDROCHLORIDE INJECTION USP 2%","HOSPIRA HEALTHCARE ULC","Lidocaine Hydrochloride Injection USP","LIDOCAINE HYDROCHLORIDE",20MG,"10 x 5mL",BLOCK/INFILTRATION,Discontinued,SOLUTION,N01BB,"ANESTHETICS, LOCAL",2019-03-25,,"Business reasons",2019-03-28,2019-03-28,No
106173,02402637,Discontinuation,"LINEZOLID INJECTION","TEVA CANADA LIMITED","LINEZOLID INJECTION",,,"2mg 10",,Discontinued,,,,2017-09-30,,"Business reasons",2020-02-13,2020-02-13,No
103075,00636576,Discontinuation,"LIORESAL D.S. TAB 20MG","NOVARTIS PHARMACEUTICALS CANADA INC","LIORESAL D.S. 20MG CT 100'S",BACLOFEN,20MG,100'S,ORAL,Discontinued,TABLET,M03BX,"MUSCLE RELAXANTS, CENTRALLY ACTING AGENTS",2020-01-31,2020-01-31,"Business reasons",2020-01-10,2020-02-24,No
201576,02131048,Discontinuation,"LIORESAL INTRATHECAL 0.05MG/ML","NOVARTIS PHARMACEUTICALS CANADA INC","LIORESAL INTR 0.05MG/ML 1X5AMP",BACLOFEN,0.05MG,"1 x 5 amp","INTRATHECAL; INTRATHECAL",Discontinued,SOLUTION,M03BX,"MUSCLE RELAXANTS, CENTRALLY ACTING AGENTS",2023-09-01,2023-10-31,"Business reasons",2023-08-10,2023-09-19,No
202298,02131056,Discontinuation,"LIORESAL INTRATHECAL 0.5MG/ML","NOVARTIS PHARMACEUTICALS CANADA INC","LIORESAL 10MG/20ML 1X1 AMPS",BACLOFEN,0.5MG,"1 x 1 Amps","INTRATHECAL; INTRATHECAL",Discontinued,SOLUTION,M03BX,"MUSCLE RELAXANTS, CENTRALLY ACTING AGENTS",2023-09-01,2023-08-31,"Business reasons",2023-08-17,2023-09-19,No
201573,02131064,Discontinuation,"LIORESAL INTRATHECAL 2MG/ML","NOVARTIS PHARMACEUTICALS CANADA INC","LIORESAL INTR 10MG/5ML 1X5AMPS",BACLOFEN,2MG,"1 x 5 amps","INTRATHECAL; INTRATHECAL",Discontinued,SOLUTION,M03BX,"MUSCLE RELAXANTS, CENTRALLY ACTING AGENTS",2023-09-01,2023-08-31,"Business reasons",2023-08-10,2023-09-19,No
103078,00455881,Discontinuation,"LIORESAL TAB 10MG","NOVARTIS PHARMACEUTICALS CANADA INC","LIORESAL 10MG CT 100'S",BACLOFEN,10MG,100'S,ORAL,Discontinued,TABLET,M03BX,"MUSCLE RELAXANTS, CENTRALLY ACTING AGENTS",2020-06-26,2020-06-30,"Business reasons",2020-01-10,2020-07-10,No
12015,02386259,Discontinuation,LISINOPRIL,"SIVEM PHARMACEUTICALS ULC",LISINOPRIL,LISINOPRIL,20MG,500,ORAL,Discontinued,TABLET,C09AA,"ACE INHIBITORS, PLAIN",2017-06-06,,"Business reasons",2017-06-06,2017-06-07,No
117970,02020017,Discontinuation,"LIVOSTIN SUS NAS 0.5MG/ML","JANSSEN INC",LIVOSTIN,LEVOCABASTINE,0.05MG,1x1,"NASAL; NASAL",Discontinued,"SUSPENSION; SPRAY",R01AC,"DECONGESTANTS AND OTHER NASAL PREP.FOR TOPICAL USE",2021-01-12,2021-01-01,"Business reasons",2020-06-16,2021-01-13,No
278896,02458659,Discontinuation,LIXIANA,"SERVIER CANADA INC","Edoxaban tablets",EDOXABAN,30MG,30,"ORAL; ORAL",Discontinued,TABLET,B01AF,"ANTITHROMBOTIC AGENTS",2026-02-24,,"Business reasons",2026-02-24,2026-04-30,No
278901,02458640,Discontinuation,LIXIANA,"SERVIER CANADA INC","Edoxaban tablets",EDOXABAN,15MG,30,"ORAL; ORAL",Discontinued,TABLET,B01AF,"ANTITHROMBOTIC AGENTS",2026-02-24,,"Business reasons",2026-02-24,2026-04-30,No
278906,02458667,Discontinuation,LIXIANA,"SERVIER CANADA INC","Edoxaban tablets",EDOXABAN,60MG,30,"ORAL; ORAL",Discontinued,TABLET,B01AF,"ANTITHROMBOTIC AGENTS",2026-02-24,,"Business reasons",2026-02-24,2026-04-30,No
212799,02432463,Discontinuation,LODALIS,"BAUSCH HEALTH, CANADA INC.",LODALIS,"COLESEVELAM HYDROCHLORIDE",3.75G,sachet,"ORAL; ORAL",Discontinued,"POWDER FOR SUSPENSION",C10AC,"LIPID MODIFYING AGENTS, PLAIN",2023-12-01,,"Raw material availability",2023-12-08,2025-04-15,No
141494,00353027,Discontinuation,"LOESTRIN 1.5/30","ALLERGAN INC","Loestrin Tablets","ETHINYL ESTRADIOL; NORETHINDRONE ACETATE","30MCG; 1.5MG","5x28 tablets","ORAL; ORAL",Discontinued,TABLET,G03AA,"HORMONAL CONTRACEPTIVES FOR SYSTEMIC USE",2021-06-25,,"Business reasons",2021-06-25,2021-06-26,No
35454,00397431,Discontinuation,"LOPRESOR 100MG","NOVARTIS PHARMACEUTICALS CANADA INC","LOPRESOR 100MG TABS 100'S","METOPROLOL TARTRATE",100MG,100'S,ORAL,Discontinued,TABLET,C07AB,"BETA BLOCKING AGENTS",2017-07-20,,"Business reasons",2018-01-09,2018-01-09,No
35419,00397423,Discontinuation,"LOPRESOR 50MG","NOVARTIS PHARMACEUTICALS CANADA INC","LOPRESOR 50MG TABS 100'S","METOPROLOL TARTRATE",50MG,100'S,ORAL,Discontinued,TABLET,C07AB,"BETA BLOCKING AGENTS",2017-12-11,2017-12-11,"Business reasons",2018-01-09,2019-03-20,No
35425,00397423,Discontinuation,"LOPRESOR 50MG","NOVARTIS PHARMACEUTICALS CANADA INC","LOPRESOR 50MG TABS 100'S","METOPROLOL TARTRATE",50MG,100'S,ORAL,Discontinued,TABLET,C07AB,"BETA BLOCKING AGENTS",2017-12-11,,"Business reasons",2018-01-09,2018-01-09,No
80614,00397423,Discontinuation,"LOPRESOR 50MG","NOVARTIS PHARMACEUTICALS CANADA INC","LOPRESOR 50MG TABS 100'S","METOPROLOL TARTRATE",50MG,500'S,ORAL,Discontinued,TABLET,C07AB,"BETA BLOCKING AGENTS",2018-04-19,,"Business reasons",2019-04-05,2019-04-05,No
80607,00590819,Discontinuation,"LOPRESOR INJ 1.0MG/ML","NOVARTIS PHARMACEUTICALS CANADA INC","LOPRESOR 5MG/5ML 1X5 AMPS","METOPROLOL TARTRATE",1MG,"1 X 5",INTRAVENOUS,Discontinued,SOLUTION,C07AB,"BETA BLOCKING AGENTS",2019-09-05,2019-08-30,"Business reasons",2019-04-05,2019-09-06,No
128052,00658855,Discontinuation,"LOPRESOR SR 100MG","NOVARTIS PHARMACEUTICALS CANADA INC","LOPRESOR SR 100MG 100'S","METOPROLOL TARTRATE",100MG,100'S,"ORAL; ORAL",Discontinued,"TABLET (EXTENDED-RELEASE)",C07AB,"BETA BLOCKING AGENTS",2020-11-06,,"Business reasons",2020-11-06,2020-11-07,No
128056,00658855,Discontinuation,"LOPRESOR SR 100MG","NOVARTIS PHARMACEUTICALS CANADA INC","LOPRESOR SR 100MG 250'S","METOPROLOL TARTRATE",100MG,250'S,"ORAL; ORAL",Discontinued,"TABLET (EXTENDED-RELEASE)",C07AB,"BETA BLOCKING AGENTS",2020-11-19,2020-11-16,"Business reasons",2020-11-06,2020-12-08,No
128967,00658855,Discontinuation,"LOPRESOR SR 100MG","NOVARTIS PHARMACEUTICALS CANADA INC","LOPRESOR SR 100MG TAB 250'S","METOPROLOL TARTRATE",100MG,250'S,"ORAL; ORAL",Discontinued,"TABLET (EXTENDED-RELEASE)",C07AB,"BETA BLOCKING AGENTS",2020-11-19,,"Business reasons",2020-11-26,2020-11-26,No
128059,00534560,Discontinuation,"LOPRESOR SR 200 MG","NOVARTIS PHARMACEUTICALS CANADA INC","LOPRESOR SR 200MG 100'S","METOPROLOL TARTRATE",200MG,100'S,"ORAL; ORAL",Discontinued,"TABLET (EXTENDED-RELEASE)",C07AB,"BETA BLOCKING AGENTS",2020-11-06,,"Business reasons",2020-11-06,2020-11-07,No
128062,00534560,Discontinuation,"LOPRESOR SR 200 MG","NOVARTIS PHARMACEUTICALS CANADA INC","LOPRESOR SR 200MG 250'S","METOPROLOL TARTRATE",200MG,250'S,"ORAL; ORAL",Discontinued,"TABLET (EXTENDED-RELEASE)",C07AB,"BETA BLOCKING AGENTS",2020-02-06,,"Business reasons",2020-11-06,2020-11-06,No
2430,02351072,Discontinuation,LORAZEPAM,"SANIS HEALTH INC","LORAZEPAM TABS",LORAZEPAM,0.5MG,100,ORAL,Reversed,TABLET,N05BA,ANXIOLYTICS,2016-10-28,,"Other (Please describe in comments)",2017-03-14,2017-07-31,No
11980,02429810,Discontinuation,LORAZEPAM,"SIVEM PHARMACEUTICALS ULC",LORAZEPAM,LORAZEPAM,1MG,1000,ORAL,Discontinued,TABLET,N05BA,ANXIOLYTICS,2017-06-06,,"Business reasons",2017-06-06,2017-06-07,No
11983,02429829,Discontinuation,LORAZEPAM,"SIVEM PHARMACEUTICALS ULC",LORAZEPAM,LORAZEPAM,2MG,1000,ORAL,Discontinued,TABLET,N05BA,ANXIOLYTICS,2017-06-06,,"Business reasons",2017-06-06,2017-06-07,No
11986,02429829,Discontinuation,LORAZEPAM,"SIVEM PHARMACEUTICALS ULC",LORAZEPAM,LORAZEPAM,2MG,100,ORAL,Discontinued,TABLET,N05BA,ANXIOLYTICS,2017-06-06,,"Business reasons",2017-06-06,2017-06-07,No
107347,02351072,Discontinuation,LORAZEPAM,"SANIS HEALTH INC",LORAZEPAM,,,100,,Discontinued,,,,2018-01-11,,"Business reasons",2020-02-27,2020-02-27,No
139511,02351080,Discontinuation,LORAZEPAM,"SANIS HEALTH INC",LORAZEPAM,LORAZEPAM,1.0MG,1000,"ORAL; ORAL",Discontinued,TABLET,N05BA,ANXIOLYTICS,2021-11-15,,"Business reasons",2021-05-17,2021-11-16,No
144029,02351099,Discontinuation,LORAZEPAM,"SANIS HEALTH INC",LORAZEPAM,LORAZEPAM,2.0MG,100,"ORAL; ORAL",Discontinued,TABLET,N05BA,ANXIOLYTICS,2022-02-05,,"Business reasons",2021-08-12,2022-02-06,No
151293,02351099,Discontinuation,LORAZEPAM,"SANIS HEALTH INC",LORAZEPAM,LORAZEPAM,2.0MG,100,"ORAL; ORAL",Discontinued,TABLET,N05BA,ANXIOLYTICS,2021-12-16,,"Business reasons",2021-12-16,2021-12-17,No
106265,02438704,Discontinuation,"LORAZEPAM INJECTION USP","SANDOZ CANADA INCORPORATED",LORAZEPAM,LORAZEPAM,2MG,"1ml x 1 vial","INTRAMUSCULAR; INTRAVENOUS",Discontinued,SOLUTION,N05BA,ANXIOLYTICS,2020-02-14,,"Other (Please describe in comments)",2020-02-14,2020-03-12,No
198179,02394383,Discontinuation,LOSARTAN,"PRO DOC LIMITEE",LOSARTAN,"LOSARTAN POTASSIUM",100MG,30-100,ORAL,Discontinued,TABLET,C09CA,"ANGIOTENSIN II ANTAGONISTS, PLAIN",2023-07-10,,"Business reasons",2023-07-11,2023-07-11,No
198187,02394375,Discontinuation,LOSARTAN,"PRO DOC LIMITEE",LOSARTAN,"LOSARTAN POTASSIUM",50MG,30-100,ORAL,Discontinued,TABLET,C09CA,"ANGIOTENSIN II ANTAGONISTS, PLAIN",2023-07-10,,"Business reasons",2023-07-11,2023-07-11,No
198191,02394367,Discontinuation,LOSARTAN,"PRO DOC LIMITEE",LOSARTAN,"LOSARTAN POTASSIUM",25MG,100,ORAL,Discontinued,TABLET,C09CA,"ANGIOTENSIN II ANTAGONISTS, PLAIN",2023-07-10,,"Business reasons",2023-07-11,2023-07-11,No
198173,02394413,Discontinuation,LOSARTAN-HCTZ,"PRO DOC LIMITEE",LOSARTAN-HCTZ,"HYDROCHLOROTHIAZIDE; LOSARTAN POTASSIUM","25MG; 100MG",30-100,ORAL,Discontinued,TABLET,C09DA,"ANGIOTENSIN II ANTAGONISTS, COMBINATIONS",2023-07-10,,"Business reasons",2023-07-11,2023-07-11,No
198176,02394405,Discontinuation,LOSARTAN-HCTZ,"PRO DOC LIMITEE",LOSARTAN-HCTZ,"HYDROCHLOROTHIAZIDE; LOSARTAN POTASSIUM","12.5MG; 100MG",30,ORAL,Discontinued,TABLET,C09DA,"ANGIOTENSIN II ANTAGONISTS, COMBINATIONS",2023-07-10,,"Business reasons",2023-07-11,2023-07-11,No
198182,02394391,Discontinuation,LOSARTAN-HCTZ,"PRO DOC LIMITEE",LOSARTAN-HCTZ,"HYDROCHLOROTHIAZIDE; LOSARTAN POTASSIUM","12.5MG; 50MG",30-100,ORAL,Discontinued,TABLET,C09DA,"ANGIOTENSIN II ANTAGONISTS, COMBINATIONS",2023-07-10,,"Business reasons",2023-07-11,2023-07-11,No
149669,02190915,Discontinuation,LOSEC,"CHEPLAPHARM ARZNEIMITTEL GMBH",Omeprazole,OMEPRAZOLE,20MG,"2x15 Blister, Bottle of 100, 10x10 Blister","ORAL; ORAL",Discontinued,"TABLET (DELAYED-RELEASE)",A02BC,"DRUGS FOR PEPTIC ULCER AND GASTROESOPHAGEAL REFLUX DISEASE (GERD)",2021-10-31,,"Business reasons",2021-11-19,2021-11-19,No
99357,02230737,Discontinuation,"LOSEC 10 MG","ASTRAZENECA CANADA INC","omeprazole magnesium delayed realease tablets",OMEPRAZOLE,10MG,"1 X15",ORAL,Discontinued,"TABLET (DELAYED-RELEASE)",A02BC,"DRUGS FOR PEPTIC ULCER AND GASTROESOPHAGEAL REFLUX DISEASE (GERD)",2019-11-16,,"Business reasons",2019-11-20,2019-11-20,No
23762,00885851,Discontinuation,"LOTENSIN 20MG","NOVARTIS PHARMACEUTICALS CANADA INC","LOTENSIN 20MG 2 X 14","BENAZEPRIL HYDROCHLORIDE",20MG,"2 X 14",ORAL,Discontinued,TABLET,C09AA,"ACE INHIBITORS, PLAIN",2018-08-28,2018-03-30,"Business reasons",2017-09-27,2018-08-29,No
15053,00885835,Discontinuation,"LOTENSIN 5MG","NOVARTIS PHARMACEUTICALS CANADA INC","LOTENSIN 5MG","BENAZEPRIL HYDROCHLORIDE",5MG,"2 X 14",ORAL,Discontinued,TABLET,C09AA,"ACE INHIBITORS, PLAIN",2017-07-31,2017-07-10,"Business reasons",2017-07-10,2017-09-26,No
120920,00564966,Discontinuation,LOZIDE,"SERVIER CANADA INC",Lozide,INDAPAMIDE,2.5MG,30,"ORAL; ORAL",Discontinued,TABLET,C03BA,"LOW-CEILING DIURETICS, EXCL THIAZIDES",2020-07-31,,"Business reasons",2020-07-23,2020-08-10,No
120923,00564966,Discontinuation,LOZIDE,"SERVIER CANADA INC",lozide,INDAPAMIDE,2.5MG,100,"ORAL; ORAL",Discontinued,TABLET,C03BA,"LOW-CEILING DIURETICS, EXCL THIAZIDES",2020-07-31,,"Business reasons",2020-07-23,2020-08-10,No
123419,00564966,Discontinuation,LOZIDE,"SERVIER CANADA INC",Lozide,INDAPAMIDE,2.5MG,30,"ORAL; ORAL",Discontinued,TABLET,C03BA,"LOW-CEILING DIURETICS, EXCL THIAZIDES",2020-08-31,,"Business reasons",2020-08-31,2020-09-01,No
136084,02179709,Discontinuation,LOZIDE,"SERVIER CANADA INC",LOZIDE,INDAPAMIDE,1.25MG,30,"ORAL; ORAL",Discontinued,TABLET,C03BA,"LOW-CEILING DIURETICS, EXCL THIAZIDES",2021-09-21,2021-09-30,"Business reasons",2021-03-22,2021-09-22,No
153896,00727695,Discontinuation,LUPRON,"ABBVIE CORPORATION","Leuprolide acetate","LEUPROLIDE ACETATE",5MG,"1 kit (2.8mL) (5mg/mL)","SUBCUTANEOUS; SUBCUTANEOUS",Discontinued,SOLUTION,L02AE,"HORMONES AND RELATED AGENTS",2022-08-16,2022-08-31,"Business reasons",2022-01-31,2022-08-17,No
246470,02046210,Discontinuation,"LUTREPULSE PWS 0.8MG/VIAL","FERRING INC","Gonadorelin Acetate","GONADORELIN ACETATE",0.8MG,"10mL vial","SUBCUTANEOUS; INTRAVENOUS; SUBCUTANEOUS; INTRAVENOUS",Discontinued,"POWDER FOR SOLUTION",H01CA,"HYPOTHALAMIC HORMONES",2024-11-26,,"Manufacturing issues",2024-12-24,2024-12-24,No
123190,00716863,Discontinuation,"LYDERM CREAM 0.05%","TAROPHARMA, A DIVISION OF TARO PHARMACEUTICALS INC.","LYDERM CREAM 0.05%",FLUOCINONIDE,0.05%,15,"TOPICAL; TOPICAL",Discontinued,CREAM,D07AC,"CORTICOSTEROIDS, PLAIN",2020-08-17,,"Manufacturing issues",2020-08-28,2020-08-28,No
124826,00716863,Discontinuation,"LYDERM CREAM 0.05%","TAROPHARMA, A DIVISION OF TARO PHARMACEUTICALS INC.","LYDERM CREAM 0.05%",FLUOCINONIDE,0.05%,15,"TOPICAL; TOPICAL",Discontinued,CREAM,D07AC,"CORTICOSTEROIDS, PLAIN",2020-08-17,,"Manufacturing issues",2020-09-22,2020-09-22,No
133197,00716863,Discontinuation,"LYDERM CREAM 0.05%","TAROPHARMA, A DIVISION OF TARO PHARMACEUTICALS INC.","LYDERM CREAM 0.05%",FLUOCINONIDE,0.05%,15,"TOPICAL; TOPICAL",Discontinued,CREAM,D07AC,"CORTICOSTEROIDS, PLAIN",2020-07-31,,"Manufacturing issues",2021-02-03,2021-02-03,No
91245,02236997,Discontinuation,"LYDERM GEL 0.05%","TAROPHARMA, A DIVISION OF TARO PHARMACEUTICALS INC.","LYDERM GEL 0.05%",FLUOCINONIDE,0.05%,"15 g",TOPICAL,Discontinued,GEL,D07AC,"CORTICOSTEROIDS, PLAIN",2019-08-09,,"Business reasons",2019-08-09,2019-08-10,No
134652,02454408,Discontinuation,LYNPARZA,"ASTRAZENECA CANADA INC",olaparib,OLAPARIB,50MG,"Bottle of 112 capsules","ORAL; ORAL",Discontinued,CAPSULE,L01XX,"OTHER ANTINEOPLASTIC AGENTS",2021-01-11,2021-12-01,"Business reasons",2021-02-25,2021-02-25,No
69408,02320398,Discontinuation,M-EDIAT,"ETHYPHARM INC","Morphine sulfate immediate release capsules 5 mg","MORPHINE SULFATE",5MG,"bottle of 50 capsules and blister pack of 20 capsules",ORAL,"To be discontinued","CAPSULE (IMMEDIATE RELEASE)",N02AA,OPIOIDS,,2018-03-12,"Business reasons",2018-12-12,2018-12-12,No
69412,02320428,Discontinuation,M-EDIAT,"ETHYPHARM INC","Morphine sulfate immediate release capsules 10 mg","MORPHINE SULFATE",10MG,"bottle of 50 capsules and blister pack of 20 capsules",ORAL,"To be discontinued","CAPSULE (IMMEDIATE RELEASE)",N02AA,OPIOIDS,,2018-12-31,"Business reasons",2018-12-12,2018-12-12,No
69415,02320436,Discontinuation,M-EDIAT,"ETHYPHARM INC","Morphine sulfate immediate release capsules 20 mg","MORPHINE SULFATE",20MG,"bottle of 50 capsules and blister pack of 20 capsules",ORAL,"To be discontinued","CAPSULE (IMMEDIATE RELEASE)",N02AA,OPIOIDS,,2018-12-31,"Business reasons",2018-12-12,2018-12-12,No
69418,02320444,Discontinuation,M-EDIAT,"ETHYPHARM INC","Morphine sulfate immediate release capsules 30 mg","MORPHINE SULFATE",30MG,"bottle of 50 capsules and blister pack of 20 capsules",ORAL,"To be discontinued","CAPSULE (IMMEDIATE RELEASE)",N02AA,OPIOIDS,,2018-12-31,"Business reasons",2018-12-12,2018-12-12,No
108917,02471418,Discontinuation,M-ESCITALOPRAM,"MANTRA PHARMA INC",Escitalopram,ESCITALOPRAM,10MG,100,ORAL,Discontinued,TABLET,N06AB,ANTIDEPRESSANTS,2020-02-26,,"Other (Please describe in comments)",2020-03-18,2020-03-18,No
6502,02177757,Discontinuation,M-ESLON,"ETHYPHARM INC","Morphine sulfate extended release capsules 200 mg","MORPHINE SULFATE",200MG,"20 capsules",ORAL,Discontinued,"CAPSULE (EXTENDED RELEASE)",N02AA,OPIOIDS,2017-08-29,2017-08-29,"Business reasons",2017-04-11,2017-08-30,No
108914,02467437,Discontinuation,M-EZETIMIBE,"MANTRA PHARMA INC",Ezetimibe,EZETIMIBE,10MG,100,ORAL,Discontinued,TABLET,C10AX,"LIPID MODIFYING AGENTS, PLAIN",2020-04-07,2020-04-01,"Other (Please describe in comments)",2020-03-18,2020-04-08,No
111090,02467437,Discontinuation,M-EZETIMIBE,"MANTRA PHARMA INC","Ezetimibe (10 mg ) 100",EZETIMIBE,10MG,100,"ORAL; ORAL",Discontinued,TABLET,C10AX,"LIPID MODIFYING AGENTS, PLAIN",2020-04-07,2020-04-10,"Other (Please describe in comments)",2020-04-06,2020-04-08,No
108908,02467372,Discontinuation,M-PANTOPRAZOLE,"MANTRA PHARMA INC",Pantoprazole,PANTOPRAZOLE,40MG,100,ORAL,Discontinued,"TABLET (DELAYED-RELEASE)",A02BC,"DRUGS FOR PEPTIC ULCER AND GASTROESOPHAGEAL REFLUX DISEASE (GERD)",2020-01-31,,"Other (Please describe in comments)",2020-03-18,2020-03-18,No
124425,02473542,Discontinuation,M-RANITIDINE,"MANTRA PHARMA INC",Ranitidine,RANITIDINE,300MG,100,"ORAL; ORAL",Discontinued,TABLET,A02BA,"DRUGS FOR PEPTIC ULCER AND GASTROESOPHAGEAL REFLUX DISEASE (GERD)",2020-09-14,,"Business reasons",2020-09-17,2020-09-17,No
124442,02473534,Discontinuation,M-RANITIDINE,"MANTRA PHARMA INC",Ranitidine,RANITIDINE,150MG,500,"ORAL; ORAL",Discontinued,TABLET,A02BA,"DRUGS FOR PEPTIC ULCER AND GASTROESOPHAGEAL REFLUX DISEASE (GERD)",2020-09-14,,"Business reasons",2020-09-17,2020-09-17,No
108911,02482800,Discontinuation,M-ZOPICLONE,"MANTRA PHARMA INC",Zopiclone,ZOPICLONE,3.75MG,100,ORAL,Discontinued,TABLET,N05CF,"HYPNOTICS AND SEDATIVES",2020-02-29,,"Business reasons",2020-03-18,2020-03-18,No
141050,02063662,Discontinuation,MACROBID,"ALLERGAN INC","Nitrofurantoin capsules",NITROFURANTOIN,100MG,100s,"ORAL; ORAL",Discontinued,CAPSULE,J01XE,"OTHER ANTIBACTERIALS",2021-08-13,2021-09-01,"Business reasons",2021-06-16,2021-08-19,No
246998,00899356,Discontinuation,MANERIX,"BAUSCH HEALTH, CANADA INC.",MANERIX,MOCLOBEMIDE,150MG,n/a,"ORAL; ORAL",Discontinued,TABLET,N06AG,ANTIDEPRESSANTS,2025-01-07,,"Business reasons",2025-01-07,2025-01-08,No
247005,02166747,Discontinuation,MANERIX,"BAUSCH HEALTH, CANADA INC.",MANERIX,MOCLOBEMIDE,300MG,60,"ORAL; ORAL",Discontinued,TABLET,N06AG,ANTIDEPRESSANTS,2025-01-07,,"Business reasons",2025-01-07,2025-01-08,No
261179,00038016,Discontinuation,"MANNITOL INJECTION USP","ICU MEDICAL CANADA INC","Mannitol Injection USP",MANNITOL,20%,500mL,"INTRAVENOUS; INTRAVENOUS","To be discontinued",SOLUTION,B05BC,"I.V. SOLUTIONS",,2026-09-30,"Business reasons",2025-06-27,2025-06-27,No
148097,02452324,Discontinuation,MAR-AZITHROMYCIN,"MARCAN PHARMACEUTICALS INC",Azithromycin,AZITHROMYCIN,250MG,6,"ORAL; ORAL",Discontinued,TABLET,J01FA,"MACROLIDES, LINCOSAMIDES AND STREPTOGRAMINS",2018-01-31,,"Business reasons",2021-10-26,2021-10-26,No
148014,02402092,Discontinuation,MAR-DONEPEZIL,"MARCAN PHARMACEUTICALS INC",DONEPEZIL,"DONEPEZIL HYDROCHLORIDE",5MG,"30 BTL","ORAL; ORAL",Discontinued,TABLET,N06DA,"ANTI-DEMENTIA DRUGS",2017-03-13,2017-03-13,"Business reasons",2021-10-26,2021-10-26,No
148021,02402106,Discontinuation,MAR-DONEPEZIL,"MARCAN PHARMACEUTICALS INC",DONEPEZIL,"DONEPEZIL HYDROCHLORIDE",10MG,"30 BTL","ORAL; ORAL",Discontinued,TABLET,N06DA,"ANTI-DEMENTIA DRUGS",2017-03-13,2017-03-13,"Business reasons",2021-10-26,2021-10-26,No
148031,02446081,Discontinuation,MAR-DULOXETINE,"MARCAN PHARMACEUTICALS INC",DULOXETNE,DULOXETINE,30MG,"500 BTL","ORAL; ORAL",Discontinued,"CAPSULE (DELAYED RELEASE)",N06AX,ANTIDEPRESSANTS,2017-09-01,2017-09-01,"Business reasons",2021-10-26,2021-10-26,No
56623,02392909,Discontinuation,MAR-FLUOXETINE,"MARCAN PHARMACEUTICALS INC",MAR-Fluoxetine,FLUOXETINE,10MG,"100 Tabs",,Discontinued,,,,2018-07-26,2018-07-26,"Business reasons",2018-07-26,2018-07-27,No
56626,02392917,Discontinuation,MAR-FLUOXETINE,"MARCAN PHARMACEUTICALS INC",MAR-Fluoxetine,FLUOXETINE,20MG,100,,Discontinued,,,,2018-07-26,2018-07-26,"Business reasons",2018-07-26,2018-07-27,No
56629,02392917,Discontinuation,MAR-FLUOXETINE,"MARCAN PHARMACEUTICALS INC",MAR-Fluoxetine,FLUOXETINE,20MG,500,,Discontinued,,,,2018-07-26,2018-07-26,"Business reasons",2018-07-26,2018-07-27,No
148076,02392909,Discontinuation,MAR-FLUOXETINE,"MARCAN PHARMACEUTICALS INC",Fluoxetine,FLUOXETINE,10MG,100,ORAL,Discontinued,CAPSULE,N06AB,ANTIDEPRESSANTS,2017-04-01,,"Business reasons",2021-10-26,2021-10-26,No
148079,02392917,Discontinuation,MAR-FLUOXETINE,"MARCAN PHARMACEUTICALS INC",Fluoxetine,FLUOXETINE,20MG,500,ORAL,Discontinued,CAPSULE,N06AB,ANTIDEPRESSANTS,2017-04-01,,"Business reasons",2021-10-26,2021-10-26,No
148082,02392917,Discontinuation,MAR-FLUOXETINE,"MARCAN PHARMACEUTICALS INC",Fluoxetine,FLUOXETINE,20MG,100,ORAL,Discontinued,CAPSULE,N06AB,ANTIDEPRESSANTS,2017-04-01,,"Business reasons",2021-10-26,2021-10-26,No
148100,02420821,Discontinuation,"MAR-GALANTAMINE ER","MARCAN PHARMACEUTICALS INC",Galantamine,GALANTAMINE,8MG,30,ORAL,Discontinued,"CAPSULE (EXTENDED RELEASE)",N06DA,"ANTI-DEMENTIA DRUGS",2017-04-01,,"Business reasons",2021-10-26,2021-10-26,No
148103,02420848,Discontinuation,"MAR-GALANTAMINE ER","MARCAN PHARMACEUTICALS INC",Galantamine,GALANTAMINE,16MG,30,ORAL,Discontinued,"CAPSULE (EXTENDED RELEASE)",N06DA,"ANTI-DEMENTIA DRUGS",2017-04-01,,"Business reasons",2021-10-26,2021-10-26,No
148106,02420856,Discontinuation,"MAR-GALANTAMINE ER","MARCAN PHARMACEUTICALS INC",Galantamine,GALANTAMINE,24MG,30,ORAL,Discontinued,"CAPSULE (EXTENDED RELEASE)",N06DA,"ANTI-DEMENTIA DRUGS",2017-04-01,,"Business reasons",2021-10-26,2021-10-26,No
54712,02378620,Discontinuation,MAR-METFORMIN,"MARCAN PHARMACEUTICALS INC",MAR-Metformin,"METFORMIN HYDROCHLORIDE",500MG,"100 Tabs",ORAL,Discontinued,TABLET,A10BA,"BLOOD GLUCOSE LOWERING DRUGS, EXCL. INSULINS",2018-08-07,2018-08-06,"Business reasons",2018-07-06,2018-08-08,No
54715,02378620,Discontinuation,MAR-METFORMIN,"MARCAN PHARMACEUTICALS INC",MAR-Metformin,"METFORMIN HYDROCHLORIDE",500MG,"500 Tabs",ORAL,Discontinued,TABLET,A10BA,"BLOOD GLUCOSE LOWERING DRUGS, EXCL. INSULINS",2018-08-07,2018-08-06,"Business reasons",2018-07-06,2018-08-08,No
54718,02378639,Discontinuation,MAR-METFORMIN,"MARCAN PHARMACEUTICALS INC",MAR-Metformin,"METFORMIN HYDROCHLORIDE",850MG,"100 Tabs",ORAL,Discontinued,TABLET,A10BA,"BLOOD GLUCOSE LOWERING DRUGS, EXCL. INSULINS",2018-08-07,2018-08-06,"Business reasons",2018-07-06,2018-08-08,No
148109,02378620,Discontinuation,MAR-METFORMIN,"MARCAN PHARMACEUTICALS INC",Metformin,"METFORMIN HYDROCHLORIDE",500MG,100,ORAL,Discontinued,TABLET,A10BA,"BLOOD GLUCOSE LOWERING DRUGS, EXCL. INSULINS",2017-03-13,,"Business reasons",2021-10-26,2021-10-26,No
148112,02378639,Discontinuation,MAR-METFORMIN,"MARCAN PHARMACEUTICALS INC",Metformin,"METFORMIN HYDROCHLORIDE",850MG,100,ORAL,Discontinued,TABLET,A10BA,"BLOOD GLUCOSE LOWERING DRUGS, EXCL. INSULINS",2017-03-13,,"Business reasons",2021-10-26,2021-10-26,No
148115,02378620,Discontinuation,MAR-METFORMIN,"MARCAN PHARMACEUTICALS INC",Metformin,"METFORMIN HYDROCHLORIDE",500MG,500,ORAL,Discontinued,TABLET,A10BA,"BLOOD GLUCOSE LOWERING DRUGS, EXCL. INSULINS",2017-11-30,,"Business reasons",2021-10-26,2021-10-26,No
64161,02421232,Discontinuation,MAR-OLANZAPINE,"MARCAN PHARMACEUTICALS INC",MAR-OLANZAPINE,,,"100 TABLETS",,Discontinued,,,,2018-10-12,2018-10-12,"Business reasons",2018-10-15,2018-10-15,No
64167,02421240,Discontinuation,MAR-OLANZAPINE,"MARCAN PHARMACEUTICALS INC",OLANZAPINE,,,"100 TABLETS",,Discontinued,,,,2018-10-12,2018-10-12,"Business reasons",2018-10-15,2018-10-15,No
64174,02421259,Discontinuation,MAR-OLANZAPINE,"MARCAN PHARMACEUTICALS INC",MAR-OLANZAPINE,,,"100 TABLETS",,Discontinued,,,,2018-10-12,2018-10-12,"Business reasons",2018-10-15,2018-10-15,No
64180,02421267,Discontinuation,MAR-OLANZAPINE,"MARCAN PHARMACEUTICALS INC",MAR-OLANZAPINE,,,"100 TABLETS",,Discontinued,,,,2018-10-12,2018-10-12,"Business reasons",2018-10-15,2018-10-15,No
64183,02421275,Discontinuation,MAR-OLANZAPINE,"MARCAN PHARMACEUTICALS INC",OLANZAPINE,,,"100 TABLETS",,Discontinued,,,,2018-10-12,2018-10-12,"Business reasons",2018-10-15,2018-10-15,No
148085,02389118,Discontinuation,"MAR-OLANZAPINE ODT","MARCAN PHARMACEUTICALS INC",Olanzapine,OLANZAPINE,15MG,30,"ORAL; ORAL",Discontinued,"TABLET (ORALLY DISINTEGRATING)",N05AH,ANTIPSYCHOTICS,2019-10-01,,"Business reasons",2021-10-26,2021-10-26,No
148088,02389088,Discontinuation,"MAR-OLANZAPINE ODT","MARCAN PHARMACEUTICALS INC",Olanzapine,OLANZAPINE,5MG,30,"ORAL; ORAL",Discontinued,"TABLET (ORALLY DISINTEGRATING)",N05AH,ANTIPSYCHOTICS,2019-10-01,,"Business reasons",2021-10-26,2021-10-26,No
148091,02389126,Discontinuation,"MAR-OLANZAPINE ODT","MARCAN PHARMACEUTICALS INC",Olanzapine,OLANZAPINE,20MG,30,"ORAL; ORAL",Discontinued,"TABLET (ORALLY DISINTEGRATING)",N05AH,ANTIPSYCHOTICS,2019-10-01,,"Business reasons",2021-10-26,2021-10-26,No
148094,02389096,Discontinuation,"MAR-OLANZAPINE ODT","MARCAN PHARMACEUTICALS INC",Olanzapine,OLANZAPINE,10MG,30,"ORAL; ORAL",Discontinued,"TABLET (ORALLY DISINTEGRATING)",N05AH,ANTIPSYCHOTICS,2019-10-01,,"Business reasons",2021-10-26,2021-10-26,No
148000,02399423,Discontinuation,MAR-SERTRALINE,"MARCAN PHARMACEUTICALS INC",SERTRALINE,SERTRALINE,50MG,"250 BTL","ORAL; ORAL",Discontinued,CAPSULE,N06AB,ANTIDEPRESSANTS,2018-01-24,2018-01-24,"Business reasons",2021-10-26,2021-10-26,No
148007,02399431,Discontinuation,MAR-SERTRALINE,"MARCAN PHARMACEUTICALS INC",SERTRALINE,SERTRALINE,100MG,"250 BTL","ORAL; ORAL",Discontinued,CAPSULE,N06AB,ANTIDEPRESSANTS,2018-01-31,,"Business reasons",2021-10-26,2021-10-26,No
148118,02441586,Discontinuation,MAR-VALACYCLOVIR,"MARCAN PHARMACEUTICALS INC",Valacyclovir,VALACYCLOVIR,500MG,100,ORAL,Discontinued,TABLET,J05AB,"DIRECT ACTING ANTIVIRALS",2018-05-02,,"Business reasons",2021-10-26,2021-10-26,No
120549,02253550,Discontinuation,MEDROXY-2.5,"PRO DOC LIMITEE",MEDROXY,"MEDROXYPROGESTERONE ACETATE",2.5MG,500,"ORAL; ORAL",Discontinued,TABLET,G03DA,PROGESTOGENS,2020-07-17,,"Business reasons",2020-07-17,2020-07-18,No
120557,02253577,Discontinuation,MEDROXY-5,"PRO DOC LIMITEE",MEDROXY,"MEDROXYPROGESTERONE ACETATE",5MG,100,"ORAL; ORAL",Discontinued,TABLET,G03DA,PROGESTOGENS,2020-08-20,2020-08-31,"Business reasons",2020-07-17,2020-08-21,No
6221,02229452,Discontinuation,MEFENAMIC,"AA PHARMA INC",MEFENAMIC,"MEFENAMIC ACID",250MG,"500 Bottle",ORAL,Discontinued,CAPSULE,M01AG,"ANTIINFLAMMATORY/ANTIRHEUMATIC PROD.,NON-STEROIDS",2015-05-20,2015-05-20,"Business reasons",2017-04-09,2017-04-08,No
3077,02168979,Discontinuation,"MEGACE OS","BRISTOL-MYERS SQUIBB CANADA",Megestrol,"MEGESTROL ACETATE",40MG,"1 BTL X 240ML",ORAL,Discontinued,SUSPENSION,L02AB,"HORMONES AND RELATED AGENTS",2017-10-13,2017-10-06,"Business reasons",2017-03-16,2017-10-16,No
9540,02324326,Discontinuation,MELOXICAM,"PRO DOC LIMITEE",MELOXICAM,MELOXICAM,7.5MG,100,ORAL,Discontinued,TABLET,M01AC,"ANTIINFLAMMATORY/ANTIRHEUMATIC PROD.,NON-STEROIDS",2017-05-05,,"Business reasons",2017-05-08,2017-05-08,No
9544,02324334,Discontinuation,MELOXICAM,"PRO DOC LIMITEE",MELOXICAM,MELOXICAM,15MG,100,ORAL,Discontinued,TABLET,M01AC,"ANTIINFLAMMATORY/ANTIRHEUMATIC PROD.,NON-STEROIDS",2017-05-05,,"Business reasons",2017-05-08,2017-05-08,No
157136,02468921,Discontinuation,"MELPHALAN FOR INJECTION","APOTEX INC",MELPHALEN,"BUFFER SOLUTION; MELPHALAN","10ML; 50MG","10 ML","INTRAVENOUS; INTRAVENOUS",Discontinued,"POWDER FOR SOLUTION; KIT; SOLUTION",L01AA,ALKYLATINGAGENTS,2022-02-01,,"Business reasons",2022-03-23,2022-03-23,No
53283,02446049,Discontinuation,MEMANTINE,"SIVEM PHARMACEUTICALS ULC",MEMANTINE,"MEMANTINE HYDROCHLORIDE",10MG,30,ORAL,Discontinued,TABLET,N06DX,"ANTI-DEMENTIA DRUGS",2018-06-29,,"Business reasons",2018-06-29,2018-06-30,No
258386,02279924,Discontinuation,MENACTRA,"SANOFI PASTEUR LIMITED","Meningococcal (Groups A, C, Y and W-135) Polysaccharide Diphtheria Toxoid Conjugate Vaccine","MENINGOCOCCAL POLYSACCHARIDE-DIPHTHERIA TOXOID CONJUGATE, GROUP C; MENINGOCOCCAL POLYSACCHARIDE-DIPHTHERIA TOXOID CONJUGATE, GROUP Y; MENINGOCOCCAL POLYSACCHARIDE-DIPHTHERIA TOXOID CONJUGATE, GROUP W 135; MENINGOCOCCAL POLYSACCHARIDE-DIPHTHERIA TOXOID CONJUGATE, GROUP A","4.0MCG; 4.0MCG; 4.0MCG; 4.0MCG","1 x 0.5 mL vial","INTRAMUSCULAR; INTRAMUSCULAR",Discontinued,SOLUTION,J07AH,"BACTERIAL VACCINES",2025-04-01,2025-04-01,"Business reasons",2025-05-28,2025-06-05,No
258393,02279924,Discontinuation,MENACTRA,"SANOFI PASTEUR LIMITED","Meningococcal (Groups A, C, Y and W-135) Polysaccharide Diphtheria Toxoid Conjugate Vaccine","MENINGOCOCCAL POLYSACCHARIDE-DIPHTHERIA TOXOID CONJUGATE, GROUP C; MENINGOCOCCAL POLYSACCHARIDE-DIPHTHERIA TOXOID CONJUGATE, GROUP Y; MENINGOCOCCAL POLYSACCHARIDE-DIPHTHERIA TOXOID CONJUGATE, GROUP W 135; MENINGOCOCCAL POLYSACCHARIDE-DIPHTHERIA TOXOID CONJUGATE, GROUP A","4.0MCG; 4.0MCG; 4.0MCG; 4.0MCG","5 x 0.5 mL vials","INTRAMUSCULAR; INTRAMUSCULAR","To be discontinued",SOLUTION,J07AH,"BACTERIAL VACCINES",,2025-12-19,"Business reasons",2025-05-28,2025-05-28,No
65487,02243820,Discontinuation,MENJUGATE,"GLAXOSMITHKLINE INC","Meningococcal Group C–CRM197 Conjugate Vaccine",,,"All pack sizes / Tous les formats",,Discontinued,,,,2018-10-18,,"Business reasons",2018-10-23,2018-10-24,No
268590,02440709,Discontinuation,"MENJUGATE LIQUID","GLAXOSMITHKLINE INC","Meningococcal Group C Conjugate Vaccine","MENINGOCOCCAL GROUP C OLIGOSACCHARIDE; CORYNEBACTERIUM DIPHTHERIAE CRM-197 PROTEIN","10MCG; 25MCG",10s,"INTRAMUSCULAR; INTRAMUSCULAR",Discontinued,SUSPENSION,J07AH,"BACTERIAL VACCINES",2026-03-31,2026-03-31,"Business reasons",2025-10-04,2026-04-07,No
4473,00588490,Discontinuation,MENOMUNE-A/C/Y/W-135,"SANOFI PASTEUR LIMITED","Meningococcal Polysaccharide Vaccine, Groups A, C, Y and W-135 Combined","MENINGOCOCCAL POLYSACCHARIDE ANTIGEN GROUP W-135; MENINGOCOCCAL POLYSACCHARIDE ANTIGEN GROUP Y; MENINGOCOCCAL POLYSACCHARIDE ANTIGEN GROUP C; MENINGOCOCCAL POLYSACCHARIDE ANTIGEN GROUP A","500MCG; 500MCG; 500MCG; 500MCG","1 x 0.5 mL vial plus 1 x 0.6 mL diluent / 1 flacon de 1 dose de 0,5 mL et 1 flacon de 0,6 mL de diluant",SUBCUTANEOUS,Discontinued,"POWDER FOR SOLUTION",J07AH,"BACTERIAL VACCINES",2017-03-28,2017-03-28,"Business reasons",2017-03-28,2017-03-29,No
4476,01959018,Discontinuation,MENOMUNE-A/C/Y/W-135,"SANOFI PASTEUR LIMITED","Meningococcal Polysaccharide Vaccine, Groups A, C, Y and W-135 Combined","MENINGOCOCCAL POLYSACCHARIDE ANTIGEN GROUP A ; MENINGOCOCCAL POLYSACCHARIDE ANTIGEN GROUP C; MENINGOCOCCAL POLYSACCHARIDE ANTIGEN GROUP W-135 ; MENINGOCOCCAL POLYSACCHARIDE ANTIGEN GROUP Y","50 μG; 50 μG; 50 μG; 50 μG","1 x 0.5 mL vial plus 1 x 0.6 mL diluent / 1 flacon de 1 dose de 0,5 mL et 1 flacon de 0,6 mL de diluant",INTRAMUSCULAR,Discontinued,"Powder For Solution",J07AH,"BACTERIAL VACCINES",2017-03-28,2017-03-28,"Business reasons",2017-03-28,2017-03-30,No
46939,00640409,Discontinuation,"MEPERIDINE HYDROCHLORIDE INJECTION USP","ICU MEDICAL CANADA INC","Meperidine Hydrochloride Injection USP","MEPERIDINE HYDROCHLORIDE",10MG,"300 mg/30 mL",INTRAVENOUS,Discontinued,SOLUTION,N02AB,OPIOIDS,2018-04-18,2018-04-18,"Business reasons",2018-04-23,2018-07-24,No
58245,00640409,Discontinuation,"MEPERIDINE HYDROCHLORIDE INJECTION USP","ICU MEDICAL CANADA INC","Meperidine Hydrochloride Injection USP 300 mg/30 mL","MEPERIDINE HYDROCHLORIDE",10MG,"300 mg/30 mL",INTRAVENOUS,Discontinued,SOLUTION,N02AB,OPIOIDS,2018-08-15,2018-04-18,"Business reasons",2018-08-16,2018-08-16,No
59367,02218488,Discontinuation,MERREM,"PFIZER CANADA INC",MEROPENEM,MEROPENEM,500MG,"20 mL vial",INTRAVENOUS,Discontinued,"POWDER FOR SOLUTION",J01DH,"OTHER BETA-LACTAM ANTIBACTERIALS",2018-08-28,,"Business reasons",2018-08-28,2018-08-29,No
59372,02218496,Discontinuation,MERREM,"PFIZER CANADA INC",MEROPENEM,MEROPENEM,1G,"30 mL vial",INTRAVENOUS,Discontinued,"POWDER FOR SOLUTION",J01DH,"OTHER BETA-LACTAM ANTIBACTERIALS",2018-08-28,,"Business reasons",2018-08-28,2018-08-29,No
284104,02047667,Discontinuation,"MERSYNDOL WITH CODEINE","SANOFI-AVENTIS CANADA INC","Acetaminophen, codeine, doxylamine succinate","ACETAMINOPHEN; DOXYLAMINE SUCCINATE; CODEINE PHOSPHATE","325MG; 5MG; 8MG",100,"ORAL; ORAL","To be discontinued",TABLET,N02BE,"OTHER ANALGESICS AND ANTIPYRETICS",,2026-10-31,"Other (Please describe in comments)",2026-04-30,2026-04-30,No
3333,01914030,Discontinuation,MESASAL,"GLAXOSMITHKLINE INC","5-Aminosalicylic Acid Enteric Coated Tablets",MESALAZINE,500MG,100's,ORAL,Discontinued,"TABLET (ENTERIC-COATED)",A07EC,"INTESTINALANTIINFLAMMATORY AGENTS",2017-03-23,,"Business reasons",2017-03-17,2017-03-24,No
63929,,Discontinuation,Metastron,"GE HEALTHCARE CANADA INC","Strontium [89Sr] Chloride","Strontium [89Sr] Chloride","37 MBq/mL","single glass vial",IV,Discontinued,Solution,V10BX,"Pain Palliation Bone Seeking Agents",2019-01-31,,"Business reasons",2018-10-12,2019-02-01,No
255818,02099705,Discontinuation,"METHOTREXATE SODIUM INJECTION","TEVA CANADA LIMITED","METHOTREXATE SODIUM INJECTION",METHOTREXATE,25MG,"2 & 20ML","INTRAVENOUS; INTRATHECAL; INTRAMUSCULAR; INTRA-ARTERIAL; INTRACEREBROVENTRICULAR; INTRACEREBROVENTRICULAR; INTRAVENOUS; INTRATHECAL; INTRAMUSCULAR; INTRA-ARTERIAL",Discontinued,SOLUTION,L01BA,ANTIMETABOLITES,2025-04-07,,"Business reasons",2025-04-25,2025-04-25,No
258481,02099705,Discontinuation,"METHOTREXATE SODIUM INJECTION","TEVA CANADA LIMITED","METHOTREXATE SODIUM INJECTION",METHOTREXATE,25MG,"20, 2 mL","INTRAVENOUS; INTRATHECAL; INTRAMUSCULAR; INTRA-ARTERIAL; INTRACEREBROVENTRICULAR; INTRACEREBROVENTRICULAR; INTRAVENOUS; INTRATHECAL; INTRAMUSCULAR; INTRA-ARTERIAL",Discontinued,SOLUTION,L01BA,ANTIMETABOLITES,2025-04-07,,"Business reasons",2025-05-28,2025-05-28,No
81132,02326221,Discontinuation,METHYLPHENIDATE,"PRO DOC LIMITEE",METHYLPHENIDATE,"METHYLPHENIDATE HYDROCHLORIDE",5MG,100,ORAL,Discontinued,TABLET,N06BA,"PSYCHOSTIMULANTS AND NOOTROPICS",2019-04-10,,"Other (Please describe in comments)",2019-04-10,2019-04-11,No
81136,02326248,Discontinuation,METHYLPHENIDATE,"PRO DOC LIMITEE",METHYLPHENIDATE,"METHYLPHENIDATE HYDROCHLORIDE",10MG,500,ORAL,Discontinued,TABLET,N06BA,"PSYCHOSTIMULANTS AND NOOTROPICS",2019-04-10,,"Business reasons",2019-04-10,2019-04-11,No
81139,02326256,Discontinuation,METHYLPHENIDATE,"PRO DOC LIMITEE",METHYLPHENIDATE,"METHYLPHENIDATE HYDROCHLORIDE",20MG,100,ORAL,Discontinued,TABLET,N06BA,"PSYCHOSTIMULANTS AND NOOTROPICS",2019-04-10,,"Business reasons",2019-04-10,2019-04-11,No
146061,02231893,Discontinuation,"METHYLPREDNISOLONE SODIUM SUCCINATE FOR INJECTION","TEVA CANADA LIMITED","METHYLPREDNISOLONE SOD SUCC 40MG",METHYLPREDNISOLONE,40MG,10,"INTRAVENOUS; INTRAMUSCULAR; INTRAVENOUS; INTRAMUSCULAR",Discontinued,"POWDER FOR SOLUTION",H02AB,"CORTICOSTEROIDS FOR SYSTEMIC USE, PLAIN",2021-09-10,,"Business reasons",2021-09-23,2021-09-23,No
135377,02243563,Discontinuation,"METOCLOPRAMIDE OMEGA","OMEGA LABORATORIES LTD","Metoclopramide Hydrochloride Injection USP","METOCLOPRAMIDE HYDROCHLORIDE",5MG,"5 x 10mL vial / fiole","INTRAMUSCULAR; INTRAVENOUS; INTRAMUSCULAR; INTRAVENOUS",Discontinued,LIQUID,A03FA,PROPULSIVES,2021-03-09,,"Business reasons",2021-03-09,2021-03-10,No
135380,02243563,Discontinuation,"METOCLOPRAMIDE OMEGA","OMEGA LABORATORIES LTD","Metoclopramide Hydrochloride Injection USP","METOCLOPRAMIDE HYDROCHLORIDE",5MG,"1 x 30mL vial / fiole","INTRAMUSCULAR; INTRAVENOUS; INTRAMUSCULAR; INTRAVENOUS",Discontinued,LIQUID,A03FA,PROPULSIVES,2021-03-09,,"Business reasons",2021-03-09,2021-03-10,No
164145,02320029,Discontinuation,METOJECT,"MEDEXUS INC","Methotrexate sodium solution for injection",METHOTREXATE,7.5MG,"1 PFS","INTRAVENOUS; INTRAMUSCULAR; INTRA-ARTERIAL; INTRAVENOUS; INTRAMUSCULAR; INTRA-ARTERIAL",Discontinued,SOLUTION,L01BA,ANTIMETABOLITES,2022-06-29,2022-07-01,"Other (Please describe in comments)",2022-07-05,2022-07-05,No
17447,02351412,Discontinuation,"METOPROLOL SR","PRO DOC LIMITEE","METOPROLOL SR","METOPROLOL TARTRATE",200MG,100,ORAL,Discontinued,"TABLET (EXTENDED-RELEASE)",C07AB,"BETA BLOCKING AGENTS",2017-07-28,,"Business reasons",2017-07-28,2017-11-14,No
198125,02351404,Discontinuation,"METOPROLOL SR","PRO DOC LIMITEE","METOPROLOL SR","METOPROLOL TARTRATE",100MG,100,"ORAL; ORAL",Discontinued,"TABLET (EXTENDED-RELEASE)",C07AB,"BETA BLOCKING AGENTS",2023-07-10,,"Business reasons",2023-07-11,2023-07-11,No
70950,02442116,Discontinuation,METOPROLOL-L,"SIVEM PHARMACEUTICALS ULC",METOPROLOL-L,"METOPROLOL TARTRATE",25MG,100,ORAL,Reversed,TABLET,C07AB,"BETA BLOCKING AGENTS",2019-09-10,2019-09-02,"Business reasons",2019-01-03,2022-02-14,No
70953,02442116,Discontinuation,METOPROLOL-L,"SIVEM PHARMACEUTICALS ULC",METOPROLOL-L,"METOPROLOL TARTRATE",25MG,500,ORAL,Reversed,TABLET,C07AB,"BETA BLOCKING AGENTS",2019-03-12,2019-03-11,"Business reasons",2019-01-03,2022-02-14,No
90719,02442116,Discontinuation,METOPROLOL-L,"SIVEM PHARMACEUTICALS ULC",METOPROLOL-L,"METOPROLOL TARTRATE",25MG,100,ORAL,Reversed,TABLET,C07AB,"BETA BLOCKING AGENTS",2019-09-10,2019-09-02,"Business reasons",2019-08-05,2022-02-14,No
79639,00649074,Discontinuation,"METRONIDAZOLE INJECTION USP","PFIZER CANADA ULC","Metronidazole Injection USP",METRONIDAZOLE,5MG,"80 x 100mL PLBG",INTRAVENOUS,Discontinued,SOLUTION,J01XD,"OTHER ANTIBACTERIALS",2019-07-02,,"Business reasons",2019-03-27,2019-07-03,No
267884,00649074,Discontinuation,"METRONIDAZOLE INJECTION USP","PFIZER CANADA ULC","METRONIDAZOLE INJECTION USP",METRONIDAZOLE,5MG,"24 X 100ML","INTRAVENOUS; INTRAVENOUS",Discontinued,SOLUTION,J01XD,"OTHER ANTIBACTERIALS",2025-09-25,,"Business reasons",2025-09-25,2025-09-26,No
243753,02524961,Discontinuation,"MICAFUNGIN SODIUM FOR INJECTION","JUNO PHARMACEUTICALS CORP.","MICAFUNGIN SODIUM FOR INJECTION",MICAFUNGIN,100MG,"100 mg",INTRAVENOUS,Reversed,"POWDER FOR SOLUTION",J02AX,"ANTIMYCOTICS FOR SYSTEMIC USE",2024-11-25,2024-11-25,"Business reasons",2024-11-25,2024-12-17,No
173736,02231106,Discontinuation,MICOZOLE,"TARO PHARMACEUTICALS INC",MICOZOLE,"MICONAZOLE NITRATE",2%,45G,"VAGINAL; VAGINAL",Discontinued,CREAM,G01AF,"ANTIINFECTIVES/ANTISEPT.,EXCL COMB WITH CORTICOST.",2022-11-01,,"Business reasons",2022-11-04,2022-11-04,No
147927,02091127,Discontinuation,"MICRO PLUS 6    (CONCENTRATE)","SANDOZ CANADA INCORPORATED","MICRO + 6 CONCENTRATE","IODINE; SELENIUM; CHROMIUM; MANGANESE; COPPER; ZINC","75MCG; 60MCG; 10MCG; 0.5MG; 1MG; 5MG","10ML 10LIVI","INTRAVENOUS; INTRAVENOUS",Discontinued,LIQUID,B05XA,"I.V. SOLUTION ADDITIVES",2021-10-25,,"Business reasons",2021-10-25,2021-10-26,No
92266,00037605,Discontinuation,"MICRONOR TABLETS 28-DAY","JANSSEN INC","norethindrone tablets",NORETHINDRONE,0.35MG,1X10,ORAL,"To be discontinued",TABLET,G03AC,"HORMONAL CONTRACEPTIVES FOR SYSTEMIC USE",,2020-12-30,"Business reasons",2019-08-22,2020-06-22,No
101817,00037605,Discontinuation,"MICRONOR TABLETS 28-DAY","JANSSEN INC","norethindrone tablets",NORETHINDRONE,0.35MG,1x10,ORAL,"To be discontinued",TABLET,G03AC,"HORMONAL CONTRACEPTIVES FOR SYSTEMIC USE",,2020-07-10,"Business reasons",2019-12-20,2020-07-07,No
125896,02423766,Discontinuation,"MIDAZOLAM INJECTION","PFIZER CANADA ULC","MIDAZOLAM INJECTION",MIDAZOLAM,5MG,"1mL and 10mL ampoules","INTRAMUSCULAR; INTRAVENOUS; INTRAMUSCULAR; INTRAVENOUS",Discontinued,SOLUTION,N05CD,"HYPNOTICS AND SEDATIVES",2020-10-07,,"Business reasons",2020-10-07,2020-10-08,No
125899,02423766,Discontinuation,"MIDAZOLAM INJECTION","PFIZER CANADA ULC","MIDAZOLAM INJECTION",MIDAZOLAM,5MG,"3mL ampoules","INTRAMUSCULAR; INTRAVENOUS; INTRAMUSCULAR; INTRAVENOUS",Discontinued,SOLUTION,N05CD,"HYPNOTICS AND SEDATIVES",2021-04-30,,"Business reasons",2020-10-07,2021-05-01,No
125902,02423766,Discontinuation,"MIDAZOLAM INJECTION","PFIZER CANADA ULC","MIDAZOLAM INJECTION",MIDAZOLAM,5MG,"5mL ampoules","INTRAMUSCULAR; INTRAVENOUS; INTRAMUSCULAR; INTRAVENOUS",Reversed,SOLUTION,N05CD,"HYPNOTICS AND SEDATIVES",,,"Business reasons",2020-10-07,2020-10-19,No
126640,02423758,Discontinuation,"MIDAZOLAM INJECTION","PFIZER CANADA ULC","MIDAZOLAM INJECTION",MIDAZOLAM,1MG,"5mL ampoules","INTRAMUSCULAR; INTRAVENOUS; INTRAMUSCULAR; INTRAVENOUS",Discontinued,SOLUTION,N05CD,"HYPNOTICS AND SEDATIVES",2021-02-01,,"Business reasons",2020-10-19,2021-02-02,No
163000,02244854,Discontinuation,"MILRINONE LACTATE INJECTION","SANDOZ CANADA INCORPORATED","MILRINONE LACTATE",MILRINONE,1MG,"10 vials X 10 mL","INTRAVENOUS; INTRAVENOUS",Discontinued,SOLUTION,C01CE,"CARDIAC STIMULANTS EXCL. CARDIAC GLYCOSIDES",2022-06-17,,"Business reasons",2022-06-17,2022-06-18,No
73236,02287226,Discontinuation,MINOCYCLINE,"SANIS HEALTH INC","MINOCYCLINE CAP",,,100,,Discontinued,,,,2018-07-16,,"Business reasons",2019-01-22,2019-01-22,No
73239,02287234,Discontinuation,MINOCYCLINE,"SANIS HEALTH INC","MINOCYCLINE CAP",,,100,,Discontinued,,,,2018-07-16,,"Business reasons",2019-01-22,2019-01-22,No
81145,02154366,Discontinuation,MINOCYCLINE-100,"PRO DOC LIMITEE",MINOCYCLINE-100,MINOCYCLINE,100MG,100,ORAL,Discontinued,CAPSULE,J01AA,TETRACYCLINES,2019-04-10,,"Business reasons",2019-04-10,2019-04-11,No
81142,02153394,Discontinuation,MINOCYCLINE-50,"PRO DOC LIMITEE",MINOCYCLINE-50,MINOCYCLINE,50MG,100,ORAL,Discontinued,CAPSULE,J01AA,TETRACYCLINES,2019-04-10,,"Business reasons",2019-04-10,2019-04-11,No
191439,02429705,Discontinuation,MINT-CITALOPRAM,"MINT PHARMACEUTICALS INC","Mint- Citalopram",CITALOPRAM,20MG,"30 count blisters","ORAL; ORAL",Discontinued,TABLET,N06AB,ANTIDEPRESSANTS,2023-05-02,,"Business reasons",2023-05-02,2023-05-03,No
191442,02429713,Discontinuation,MINT-CITALOPRAM,"MINT PHARMACEUTICALS INC","Mint- Citalopram",CITALOPRAM,40MG,"30 count blisters","ORAL; ORAL",Discontinued,TABLET,N06AB,ANTIDEPRESSANTS,2023-05-02,,"Business reasons",2023-05-02,2023-05-03,No
58283,02408910,Discontinuation,MINT-CLOPIDOGREL,"MINT PHARMACEUTICALS INC",Clopidogrel,CLOPIDOGREL,75MG,"30 count Blisters",ORAL,Discontinued,TABLET,B01AC,"ANTITHROMBOTIC AGENTS",2018-08-16,,"Business reasons",2018-08-16,2018-08-17,No
58286,02408910,Discontinuation,MINT-CLOPIDOGREL,"MINT PHARMACEUTICALS INC",Clopidogrel,CLOPIDOGREL,75MG,"100 count bottles",ORAL,Discontinued,TABLET,B01AC,"ANTITHROMBOTIC AGENTS",2018-08-16,,"Business reasons",2018-08-16,2018-08-17,No
74435,02408910,Discontinuation,MINT-CLOPIDOGREL,"MINT PHARMACEUTICALS INC",Clopidogrel,,,"30 count Blisters",,Discontinued,,,,2019-02-04,,"Business reasons",2019-02-04,2019-02-05,No
74442,02408910,Discontinuation,MINT-CLOPIDOGREL,"MINT PHARMACEUTICALS INC",Clopidogrel,,,"100 count bottles",,Discontinued,,,,2019-02-04,,"Business reasons",2019-02-04,2019-02-05,No
85525,02443090,Discontinuation,MINT-DORZOLAMIDE/TIMOLOL,"MINT PHARMACEUTICALS INC","Dorzolomide Timolol","TIMOLOL; DORZOLAMIDE","5MG; 20MG","10 ml",OPHTHALMIC,Discontinued,SOLUTION,S01ED,"ANTIGLAUCOMA PREPARATIONS AND MIOTICS",2019-05-31,,"Business reasons",2019-06-04,2019-06-04,No
113175,02465167,Discontinuation,"MINT-FENOFIBRATE E","MINT PHARMACEUTICALS INC",Fenofibrate,FENOFIBRATE,145MG,"100 count bottles","ORAL; ORAL",Discontinued,TABLET,C10AB,"LIPID MODIFYING AGENTS, PLAIN",2020-04-24,,"Business reasons",2020-04-25,2020-04-25,No
143952,02393018,Discontinuation,MINT-IRBESARTAN/HCTZ,"MINT PHARMACEUTICALS INC","Irbesartan HCTZ","HYDROCHLOROTHIAZIDE; IRBESARTAN","12.5MG; 300MG",100,"ORAL; ORAL",Discontinued,TABLET,C09DA,"ANGIOTENSIN II ANTAGONISTS, COMBINATIONS",2020-07-08,,"Business reasons",2021-08-11,2021-08-11,No
143956,02392992,Discontinuation,MINT-IRBESARTAN/HCTZ,"MINT PHARMACEUTICALS INC","Irbesartan HCTZ","HYDROCHLOROTHIAZIDE; IRBESARTAN","12.5MG; 150MG",100,"ORAL; ORAL",Discontinued,TABLET,C09DA,"ANGIOTENSIN II ANTAGONISTS, COMBINATIONS",2020-07-08,,"Business reasons",2021-08-11,2021-08-11,No
143959,02393026,Discontinuation,MINT-IRBESARTAN/HCTZ,"MINT PHARMACEUTICALS INC","Irbesartan HCTZ","HYDROCHLOROTHIAZIDE; IRBESARTAN","25MG; 300MG",100,"ORAL; ORAL",Discontinued,TABLET,C09DA,"ANGIOTENSIN II ANTAGONISTS, COMBINATIONS",2020-07-08,,"Business reasons",2021-08-11,2021-08-11,No
170853,02505797,Discontinuation,MINT-LEVOFLOXACIN,"MINT PHARMACEUTICALS INC",Levofloxacin,LEVOFLOXACIN,250MG,"100 count bottles",ORAL,Discontinued,TABLET,J01MA,"QUINOLONE ANTIBACTERIALS",2022-10-02,,"Business reasons",2022-10-02,2022-10-03,No
170856,02505819,Discontinuation,MINT-LEVOFLOXACIN,"MINT PHARMACEUTICALS INC",Levofloxacin,LEVOFLOXACIN,500MG,"100 count bottles",ORAL,Discontinued,TABLET,J01MA,"QUINOLONE ANTIBACTERIALS",2022-10-02,,"Business reasons",2022-10-02,2022-10-03,No
170859,02505800,Discontinuation,MINT-LEVOFLOXACIN,"MINT PHARMACEUTICALS INC",Levofloxacin,LEVOFLOXACIN,750MG,"100 count bottles",ORAL,Discontinued,TABLET,J01MA,"QUINOLONE ANTIBACTERIALS",2022-10-02,,"Business reasons",2022-10-02,2022-10-03,No
88513,02388766,Discontinuation,MINT-METFORMIN,"MINT PHARMACEUTICALS INC",Metformin,"METFORMIN HYDROCHLORIDE",500MG,"500 count bottles.",ORAL,Discontinued,TABLET,A10BA,"BLOOD GLUCOSE LOWERING DRUGS, EXCL. INSULINS",2019-07-04,,"Business reasons",2019-07-04,2019-07-05,No
108292,02388774,Discontinuation,MINT-METFORMIN,"MINT PHARMACEUTICALS INC",Metformin,"METFORMIN HYDROCHLORIDE",850MG,"500 count bottles.",ORAL,Discontinued,TABLET,A10BA,"BLOOD GLUCOSE LOWERING DRUGS, EXCL. INSULINS",2020-03-09,,"Business reasons",2020-03-09,2020-03-10,No
13556,02406993,Discontinuation,MINT-RIVASTIGMINE,"MINT PHARMACEUTICALS INC",Rivastigmine,RIVASTIGMINE,3MG,"Blister pack of 56 Capsules.",ORAL,Discontinued,CAPSULE,N06DA,"ANTI-DEMENTIA DRUGS",2017-06-30,,"Business reasons",2017-06-21,2017-07-01,No
13559,02407019,Discontinuation,MINT-RIVASTIGMINE,"MINT PHARMACEUTICALS INC",Rivastigmine,RIVASTIGMINE,6MG,"Blister pack of 56 Capsules.",ORAL,Discontinued,CAPSULE,N06DA,"ANTI-DEMENTIA DRUGS",2017-06-30,,"Business reasons",2017-06-21,2017-07-01,No
13562,02406985,Discontinuation,MINT-RIVASTIGMINE,"MINT PHARMACEUTICALS INC",Rivastigmine,RIVASTIGMINE,1.5MG,"Blister pack of 56 capsules.",ORAL,Discontinued,CAPSULE,N06DA,"ANTI-DEMENTIA DRUGS",2017-06-30,,"Business reasons",2017-06-21,2017-07-01,No
13565,02407000,Discontinuation,MINT-RIVASTIGMINE,"MINT PHARMACEUTICALS INC",Rivastigmine,RIVASTIGMINE,4.5MG,"Blister pack of 56 Capsules.",ORAL,Discontinued,CAPSULE,N06DA,"ANTI-DEMENTIA DRUGS",2017-06-30,,"Business reasons",2017-06-21,2017-07-01,No
13544,02439573,Discontinuation,"MINT-RIZATRIPTAN ODT","MINT PHARMACEUTICALS INC","Rizatriptan Benzoate",RIZATRIPTAN,5MG,"Blister pack of 6 Tablets",ORAL,Discontinued,"TABLET (ORALLY DISINTEGRATING)",N02CC,"ANTIMIGRAINE PREPARATIONS",2017-06-30,,"Business reasons",2017-06-21,2017-07-01,No
13553,02439581,Discontinuation,"MINT-RIZATRIPTAN ODT","MINT PHARMACEUTICALS INC","Rizatriptan Benzoate",RIZATRIPTAN,10MG,"Blister pack of 6 tablets",ORAL,Discontinued,"TABLET (ORALLY DISINTEGRATING)",N02CC,"ANTIMIGRAINE PREPARATIONS",2017-06-30,,"Business reasons",2017-06-21,2017-07-01,No
95897,02397781,Discontinuation,MINT-ROSUVASTATIN,"MINT PHARMACEUTICALS INC",Rosuvastatin,ROSUVASTATIN,5MG,"100 count bottles",ORAL,Discontinued,TABLET,C10AA,"LIPID MODIFYING AGENTS, PLAIN",2019-10-09,,"Business reasons",2019-10-09,2019-10-10,No
95900,02397803,Discontinuation,MINT-ROSUVASTATIN,"MINT PHARMACEUTICALS INC",Rosuvastatin,ROSUVASTATIN,10MG,"100 count bottles",ORAL,Discontinued,TABLET,C10AA,"LIPID MODIFYING AGENTS, PLAIN",2019-10-09,,"Business reasons",2019-10-09,2019-10-10,No
95903,02397811,Discontinuation,MINT-ROSUVASTATIN,"MINT PHARMACEUTICALS INC",Rosuvastatin,ROSUVASTATIN,20MG,"100 count bottles",ORAL,Discontinued,TABLET,C10AA,"LIPID MODIFYING AGENTS, PLAIN",2019-10-09,,"Business reasons",2019-10-09,2019-10-10,No
95907,02397838,Discontinuation,MINT-ROSUVASTATIN,"MINT PHARMACEUTICALS INC",Rosuvastatin,ROSUVASTATIN,40MG,"100 count bottles",ORAL,Discontinued,TABLET,C10AA,"LIPID MODIFYING AGENTS, PLAIN",2019-10-09,,"Business reasons",2019-10-09,2019-10-10,No
95913,02443171,Discontinuation,MINT-SOLIFENACIN,"MINT PHARMACEUTICALS INC",Solifenacin,"SOLIFENACIN SUCCINATE",5MG,"90 count bottles",ORAL,Discontinued,TABLET,G04BD,"OTHER UROLOGICALS, INCL ANTISPASMODICS",2019-10-09,,"Business reasons",2019-10-09,2019-10-10,No
95916,02443198,Discontinuation,MINT-SOLIFENACIN,"MINT PHARMACEUTICALS INC",Solifenacin,"SOLIFENACIN SUCCINATE",10MG,"90 count bottles",ORAL,Discontinued,TABLET,G04BD,"OTHER UROLOGICALS, INCL ANTISPASMODICS",2019-10-09,,"Business reasons",2019-10-09,2019-10-10,No
13540,02419513,Discontinuation,"MINT-ZOLMITRIPTAN ODT","MINT PHARMACEUTICALS INC",Zolmitriptan,ZOLMITRIPTAN,2.5MG,"Blister pack of 6 tablets.",ORAL,Discontinued,"TABLET (ORALLY DISINTEGRATING)",N02CC,"ANTIMIGRAINE PREPARATIONS",2017-06-30,,"Business reasons",2017-06-21,2017-07-01,No
43251,02237147,Discontinuation,MIRAPEX,"BOEHRINGER INGELHEIM (CANADA) LTD LTEE","Mirapex 1.5 mg","PRAMIPEXOLE DIHYDROCHLORIDE MONOHYDRATE",1.5MG,90s,ORAL,Discontinued,TABLET,N04BC,"DOPAMINERGIC AGENTS",2018-04-01,2018-04-01,"Business reasons",2018-03-19,2018-04-02,No
43254,02241594,Discontinuation,MIRAPEX,"BOEHRINGER INGELHEIM (CANADA) LTD LTEE","Mirapex 0.5mg","PRAMIPEXOLE DIHYDROCHLORIDE MONOHYDRATE",0.5MG,90s,ORAL,Discontinued,TABLET,N04BC,"DOPAMINERGIC AGENTS",2018-04-01,2018-04-01,"Manufacturing issues",2018-03-19,2018-04-02,No
43257,02237146,Discontinuation,MIRAPEX,"BOEHRINGER INGELHEIM (CANADA) LTD LTEE","Mirapex 1mg","PRAMIPEXOLE DIHYDROCHLORIDE MONOHYDRATE",1.0MG,90s,ORAL,Discontinued,TABLET,N04BC,"DOPAMINERGIC AGENTS",2018-04-01,2018-04-01,"Manufacturing issues",2018-03-19,2018-04-02,No
44412,02241594,Discontinuation,MIRAPEX,"BOEHRINGER INGELHEIM (CANADA) LTD LTEE","Mirapex 0.5mg","PRAMIPEXOLE DIHYDROCHLORIDE MONOHYDRATE",0.5MG,0.5,ORAL,Discontinued,TABLET,N04BC,"DOPAMINERGIC AGENTS",2018-03-31,2018-03-31,"Manufacturing issues",2018-04-02,2018-04-02,No
44415,02237146,Discontinuation,MIRAPEX,"BOEHRINGER INGELHEIM (CANADA) LTD LTEE","Mirapex 1mg","PRAMIPEXOLE DIHYDROCHLORIDE MONOHYDRATE",1.0MG,90s,ORAL,Discontinued,TABLET,N04BC,"DOPAMINERGIC AGENTS",2018-03-31,2018-03-31,"Manufacturing issues",2018-04-02,2018-04-02,No
44780,02237147,Discontinuation,MIRAPEX,"BOEHRINGER INGELHEIM (CANADA) LTD LTEE","Mirapex 1.5 mg","PRAMIPEXOLE DIHYDROCHLORIDE MONOHYDRATE",1.5MG,90s,ORAL,Discontinued,TABLET,N04BC,"DOPAMINERGIC AGENTS",2018-03-31,2018-03-31,"Manufacturing issues",2018-04-03,2018-04-03,No
121379,02244614,Discontinuation,"MITOXANTRONE INJECTION USP","PFIZER CANADA ULC","MITOXANTRONE INJECTION",MITOXANTRONE,2MG,"10mL VL","INTRAVENOUS; INTRAVENOUS",Discontinued,SOLUTION,L01DB,"CYTOTOXIC ANTIBIOTICS AND RELATED SUBSTANCES",2020-07-30,,"Business reasons",2020-07-30,2020-07-31,No
54816,02242786,Discontinuation,MOBICOX,"BOEHRINGER INGELHEIM (CANADA) LTD LTEE",Mobicox,MELOXICAM,15MG,100s,ORAL,Discontinued,TABLET,M01AC,"ANTIINFLAMMATORY/ANTIRHEUMATIC PROD.,NON-STEROIDS",2018-08-20,2018-10-01,"Business reasons",2018-07-09,2018-08-21,No
54819,02242785,Discontinuation,MOBICOX,"BOEHRINGER INGELHEIM (CANADA) LTD LTEE","Mobicox 7.5MG",MELOXICAM,7.5MG,100s,ORAL,Discontinued,TABLET,M01AC,"ANTIINFLAMMATORY/ANTIRHEUMATIC PROD.,NON-STEROIDS",2018-10-31,2019-01-01,"Business reasons",2018-07-09,2019-06-10,No
58552,02242786,Discontinuation,MOBICOX,"BOEHRINGER INGELHEIM (CANADA) LTD LTEE","Mobicox 15Mg",MELOXICAM,15MG,"Bottle 100's",ORAL,Discontinued,TABLET,M01AC,"ANTIINFLAMMATORY/ANTIRHEUMATIC PROD.,NON-STEROIDS",2018-08-20,,"Business reasons",2018-08-20,2018-08-21,No
65230,02242785,Discontinuation,MOBICOX,"BOEHRINGER INGELHEIM (CANADA) LTD LTEE","Mobicox 7.5MG",MELOXICAM,7.5MG,100s,ORAL,Discontinued,TABLET,M01AC,"ANTIINFLAMMATORY/ANTIRHEUMATIC PROD.,NON-STEROIDS",2018-10-31,2018-10-31,"Business reasons",2018-10-22,2018-11-01,No
42850,00755575,Discontinuation,"MODECATE CONCENTRATE","BRISTOL-MYERS SQUIBB CANADA","Fluphenazine Decanoate","FLUPHENAZINE DECANOATE",100MG,"5 amp x 1 ml","INTRAMUSCULAR; SUBCUTANEOUS",Discontinued,LIQUID,N05AB,ANTIPSYCHOTICS,2018-12-28,,"Business reasons",2018-03-14,2019-01-02,No
29835,02436426,Discontinuation,MODERIBA,"ABBVIE CORPORATION","MODERIBA  600mg",RIBAVIRIN,600MG,"56 tablets per bottle",ORAL,Discontinued,TABLET,J05AB,"DIRECT ACTING ANTIVIRALS",2017-11-30,,"Business reasons",2017-11-20,2018-05-07,No
29907,02436396,Discontinuation,MODERIBA,"ABBVIE CORPORATION","MODERIBA TABLETS 200MG",RIBAVIRIN,200MG,"168 tabs/bottle",ORAL,Discontinued,TABLET,J05AB,"DIRECT ACTING ANTIVIRALS",2018-07-02,2018-09-30,"Business reasons",2017-11-21,2018-08-30,No
31316,02436418,Discontinuation,MODERIBA,"ABBVIE CORPORATION","MODERIBA TABLETS 400MG",RIBAVIRIN,400MG,"56 tablets per bottle",ORAL,Discontinued,TABLET,J05AB,"DIRECT ACTING ANTIVIRALS",2018-08-02,2018-10-31,"Business reasons",2017-11-30,2018-08-30,No
73450,00803499,Discontinuation,MODULON,"APTALIS PHARMA CANADA ULC",Modulon,"TRIMEBUTINE MALEATE",200MG,100's,ORAL,Discontinued,TABLET,A03AA,"DRUGS FOR FUNCTIONAL BOWEL DISORDERS",2019-01-31,2019-01-31,"Other (Please describe in comments)",2019-01-24,2019-02-01,No
42304,02382458,Discontinuation,MONTELUKAST,"SIVEM PHARMACEUTICALS ULC",MONTELUKAST,MONTELUKAST,4MG,30,ORAL,Discontinued,"TABLET (CHEWABLE)",R03DC,"OTHER SYSTEMIC DRUGS FOR OBSTRUCTIVE AIRWAY DISEASES",2018-04-06,2018-04-06,"Other (Please describe in comments)",2018-03-08,2018-04-09,No
42307,02382466,Discontinuation,MONTELUKAST,"SIVEM PHARMACEUTICALS ULC",MONTELUKAST,MONTELUKAST,5MG,30,ORAL,Discontinued,"TABLET (CHEWABLE)",R03DC,"OTHER SYSTEMIC DRUGS FOR OBSTRUCTIVE AIRWAY DISEASES",2018-04-06,2018-04-06,"Other (Please describe in comments)",2018-03-08,2018-04-09,No
42310,02382474,Discontinuation,MONTELUKAST,"SIVEM PHARMACEUTICALS ULC",MONTELUKAST,MONTELUKAST,10MG,30,ORAL,Discontinued,TABLET,R03DC,"OTHER SYSTEMIC DRUGS FOR OBSTRUCTIVE AIRWAY DISEASES",2018-04-06,2018-04-06,"Other (Please describe in comments)",2018-03-08,2018-04-09,No
111515,02350815,Discontinuation,"MORPHINE SR","SANIS HEALTH INC",MORPHINE,"MORPHINE SULFATE",15MG,50,"ORAL; ORAL",Discontinued,"TABLET (EXTENDED-RELEASE)",N02AA,OPIOIDS,2020-06-12,2020-05-27,"Business reasons",2020-04-08,2020-06-13,No
111518,02350890,Discontinuation,"MORPHINE SR","SANIS HEALTH INC",MORPHINE,"MORPHINE SULFATE",30MG,100,"ORAL; ORAL","To be discontinued","TABLET (EXTENDED-RELEASE)",N02AA,OPIOIDS,,2020-08-27,"Business reasons",2020-04-08,2020-04-08,No
111521,02350912,Discontinuation,"MORPHINE SR","SANIS HEALTH INC",MORPHINE,"MORPHINE SULFATE",60MG,100,"ORAL; ORAL","To be discontinued","TABLET (EXTENDED-RELEASE)",N02AA,OPIOIDS,,2021-06-01,"Business reasons",2020-04-08,2020-06-03,No
107407,00649619,Discontinuation,"MORPHINE SULFATE INJECTION USP","ICU MEDICAL CANADA INC","MORPHINE SULFATE INJECTION USP",,,10,,Discontinued,,,,2019-10-14,2019-10-14,"Business reasons",2020-02-27,2020-02-27,No
114045,00636908,Discontinuation,"MORPHINE SULFATE INJECTION USP","ICU MEDICAL CANADA INC","MORPHINE SULFATE INJECTION USP","MORPHINE SULFATE",1MG,10,"INTRAVENOUS; INTRAVENOUS",Discontinued,SOLUTION,N02AA,OPIOIDS,2020-05-04,,"Business reasons",2020-05-04,2020-05-05,No
207624,02459132,Discontinuation,MOVAPO,"PALADIN LABS INC.","APOMORPHINE HYDROCHLORIDE","APOMORPHINE HYDROCHLORIDE",10MG,"5x 3mL","SUBCUTANEOUS; SUBCUTANEOUS","To be discontinued",SOLUTION,N04BC,,,2023-10-31,"Business reasons",2023-10-20,2023-11-17,Yes
290351,02433087,Discontinuation,"MOXIFLOXACIN INJECTION","FRESENIUS KABI CANADA LTD","MOXIFLOXACIN INJECTION",MOXIFLOXACIN,400MG,250mL,"INTRAVENOUS; INTRAVENOUS",Discontinued,SOLUTION,J01MA,"QUINOLONE ANTIBACTERIALS",2026-07-30,2026-07-30,"Business reasons",2026-07-31,2026-08-17,No
253686,02377225,Discontinuation,MOZOBIL,"SANOFI-AVENTIS CANADA INC",PLERIXAFOR,PLERIXAFOR,20MG,1,"SUBCUTANEOUS; SUBCUTANEOUS",Discontinued,SOLUTION,L03AX,IMMUNOSTIMULANTS,2025-09-30,2025-09-30,"Other (Please describe in comments)",2025-03-31,2025-10-01,No
88153,02242180,Discontinuation,"MUSCLE & BACK PAIN RELIEF - 8","VITA HEALTH PRODUCTS INC","Methocarbamol 400 mg and Acetaminophen 325 mg with Codeine Phosphate 8 mg","ACETAMINOPHEN; METHOCARBAMOL; CODEINE PHOSPHATE","325MG; 400MG; 8MG","18, 50",ORAL,Discontinued,TABLET,N02AA,OPIOIDS,2019-06-29,,"Other (Please describe in comments)",2019-07-02,2019-07-02,No
216963,02479974,Discontinuation,"MYCOPHENOLATE MOFETIL FOR INJECTION USP","STERIMAX INC","MYCOPHENOLATE MOFETIL FOR INJECTION USP","MYCOPHENOLATE MOFETIL",500MG,"4 VIALS","INTRAVENOUS; INTRAVENOUS",Discontinued,"POWDER FOR SOLUTION",L04AA,IMMUNOSUPPRESSANTS,2024-06-30,2024-02-01,"Business reasons",2024-01-22,2024-08-07,No
41530,02245372,Discontinuation,MYL-PROPAFENONE,"MYLAN PHARMACEUTICALS ULC",PROPAFENONE,"PROPAFENONE HYDROCHLORIDE",150MG,"100 BT",ORAL,Discontinued,TABLET,C01BC,"ANTIARRHYTHMICS, CLASS I AND III",2018-02-16,,"Business reasons",2018-03-02,2018-03-02,No
41533,02245373,Discontinuation,MYL-PROPAFENONE,"MYLAN PHARMACEUTICALS ULC",PROPAFENONE,"PROPAFENONE HYDROCHLORIDE",300MG,"100 BT",ORAL,Discontinued,TABLET,C01BC,"ANTIARRHYTHMICS, CLASS I AND III",2018-02-16,,"Business reasons",2018-03-02,2018-03-02,No
16057,02392593,Discontinuation,MYL-SILDENAFIL,"MYLAN PHARMACEUTICALS ULC",SILDENAFIL,SILDENAFIL,100MG,"30BT, 4BL",ORAL,Discontinued,TABLET,G04BE,"OTHER UROLOGICALS, INCL ANTISPASMODICS",2017-07-12,,"Business reasons",2017-07-17,2017-07-17,No
16172,02392577,Discontinuation,MYL-SILDENAFIL,"MYLAN PHARMACEUTICALS ULC",SILDENAFIL,SILDENAFIL,25MG,4BL,ORAL,Discontinued,TABLET,G04BE,"OTHER UROLOGICALS, INCL ANTISPASMODICS",2017-10-02,2017-09-30,"Business reasons",2017-07-18,2017-10-03,No
16175,02392585,Discontinuation,MYL-SILDENAFIL,"MYLAN PHARMACEUTICALS ULC",SILDENAFIL,SILDENAFIL,50MG,4BL,ORAL,Discontinued,TABLET,G04BE,"OTHER UROLOGICALS, INCL ANTISPASMODICS",2018-05-01,2018-05-01,"Business reasons",2017-07-18,2018-05-02,No
20309,02237723,Discontinuation,MYLAN-ACEBUTOLOL,"MYLAN PHARMACEUTICALS ULC",ACEBUTOLOL,ACEBUTOLOL,400MG,100BT,ORAL,Discontinued,TABLET,C07AB,"BETA BLOCKING AGENTS",2018-07-03,2018-07-03,"Business reasons",2017-08-24,2018-07-04,No
30374,02237722,Discontinuation,MYLAN-ACEBUTOLOL,"MYLAN PHARMACEUTICALS ULC",ACEBUTOLOL,ACEBUTOLOL,200MG,"100BT, 500BT",ORAL,Discontinued,TABLET,C07AB,"BETA BLOCKING AGENTS",2018-07-03,2018-07-03,"Business reasons",2017-11-23,2018-07-04,No
52262,02237721,Discontinuation,MYLAN-ACEBUTOLOL,"MYLAN PHARMACEUTICALS ULC",ACEBUTOLOL,ACEBUTOLOL,100MG,"100 BT, 500 BT",ORAL,Discontinued,TABLET,C07AB,"BETA BLOCKING AGENTS",2018-07-03,2018-07-03,"Business reasons",2018-06-12,2018-07-04,No
20224,02237886,Discontinuation,"MYLAN-ACEBUTOLOL (TYPE S)","MYLAN PHARMACEUTICALS ULC","ACEBUTOLOL (TYPE S)",ACEBUTOLOL,200MG,500BT,ORAL,Discontinued,TABLET,C07AB,"BETA BLOCKING AGENTS",2017-08-23,,"Business reasons",2017-08-24,2017-08-24,No
20255,02237887,Discontinuation,"MYLAN-ACEBUTOLOL (TYPE S)","MYLAN PHARMACEUTICALS ULC","ACEBUTOLOL (TYPE S)",ACEBUTOLOL,400MG,100BT,ORAL,Discontinued,TABLET,C07AB,"BETA BLOCKING AGENTS",2017-11-01,2017-11-01,"Business reasons",2017-08-24,2017-11-02,No
20275,02237885,Discontinuation,"MYLAN-ACEBUTOLOL (TYPE S)","MYLAN PHARMACEUTICALS ULC","ACEBUTOLOL (TYPE S)",ACEBUTOLOL,100MG,500BT,ORAL,Discontinued,TABLET,C07AB,"BETA BLOCKING AGENTS",2018-02-01,2018-02-01,"Business reasons",2017-08-24,2018-02-15,No
20142,02270129,Discontinuation,MYLAN-ALENDRONATE,"MYLAN PHARMACEUTICALS ULC",ALENDRONATE,"ALENDRONIC ACID",10MG,"100BT, 30BL",ORAL,Discontinued,TABLET,M05BA,"DRUGS AFFECTING BONE STRUCTURE AND MINERALIZATION",2017-08-23,,"Business reasons",2017-08-24,2017-08-24,No
44751,02286335,Discontinuation,MYLAN-ALENDRONATE,"MYLAN PHARMACEUTICALS ULC",ALENDRONATE,"ALENDRONIC ACID",70MG,"4 BL",ORAL,Discontinued,TABLET,M05BA,"DRUGS AFFECTING BONE STRUCTURE AND MINERALIZATION",2018-07-03,2018-07-03,"Business reasons",2018-04-03,2018-08-01,No
20234,02229813,Discontinuation,MYLAN-ALPRAZOLAM,"MYLAN PHARMACEUTICALS ULC",ALPRAZOLAM,ALPRAZOLAM,1MG,100BT,ORAL,Discontinued,TABLET,N05BA,ANXIOLYTICS,2017-08-23,,"Business reasons",2017-08-24,2017-08-24,No
20290,02137534,Discontinuation,MYLAN-ALPRAZOLAM,"MYLAN PHARMACEUTICALS ULC",ALPRAZOLAM,ALPRAZOLAM,0.25MG,"100BT, 1000BT",ORAL,Discontinued,TABLET,N05BA,ANXIOLYTICS,2017-12-01,2017-12-01,"Business reasons",2017-08-24,2017-12-02,No
30380,02137542,Discontinuation,MYLAN-ALPRAZOLAM,"MYLAN PHARMACEUTICALS ULC",ALPRAZOLAM,ALPRAZOLAM,0.5MG,"100BT, 1000BT",ORAL,Discontinued,TABLET,N05BA,ANXIOLYTICS,2018-07-03,2018-07-03,"Business reasons",2017-11-23,2018-08-01,No
44789,02229814,Discontinuation,MYLAN-ALPRAZOLAM,"MYLAN PHARMACEUTICALS ULC",ALPRAZOLAM,ALPRAZOLAM,2MG,"100 BT",ORAL,Discontinued,TABLET,N05BA,ANXIOLYTICS,2018-07-03,2018-07-03,"Business reasons",2018-04-03,2018-08-01,No
51236,02240604,Discontinuation,MYLAN-AMIODARONE,"MYLAN PHARMACEUTICALS ULC",AMIODARONE,"AMIODARONE HYDROCHLORIDE",200MG,"100 BT",ORAL,Discontinued,TABLET,C01BD,"ANTIARRHYTHMICS, CLASS I AND III",2018-07-03,2018-07-03,"Business reasons",2018-06-04,2018-08-01,No
53569,02238171,Discontinuation,MYLAN-AMOXICILLIN,"MYLAN PHARMACEUTICALS ULC",AMOXICILLIN,AMOXICILLIN,250MG,"100 BT",ORAL,Discontinued,CAPSULE,J01CA,"BETA-LACTAM ANTIBACTERIALS, PENICILLINS",2018-07-03,,"Business reasons",2018-07-03,2018-07-04,No
95280,02238172,Discontinuation,MYLAN-AMOXICILLIN,"MYLAN PHARMACEUTICALS ULC",AMOXICILLIN,,,"100BT, 500BT",,Discontinued,,,,2019-09-30,,"Business reasons",2019-10-03,2019-10-03,No
51245,02303647,Discontinuation,MYLAN-ATENOLOL,"MYLAN PHARMACEUTICALS ULC",ATENOLOL,ATENOLOL,25MG,"100 BT",ORAL,Discontinued,TABLET,C07AB,"BETA BLOCKING AGENTS",2018-06-07,2018-07-03,"Business reasons",2018-06-04,2018-06-08,No
51248,02146894,Discontinuation,MYLAN-ATENOLOL,"MYLAN PHARMACEUTICALS ULC",ATENOLOL,ATENOLOL,50MG,"100 BT, 500 BT",ORAL,Discontinued,TABLET,C07AB,"BETA BLOCKING AGENTS",2018-07-03,2018-07-03,"Business reasons",2018-06-04,2018-08-01,No
51258,02147432,Discontinuation,MYLAN-ATENOLOL,"MYLAN PHARMACEUTICALS ULC",ATENOLOL,ATENOLOL,100MG,"100 BT, 500 BT",ORAL,Discontinued,TABLET,C07AB,"BETA BLOCKING AGENTS",2018-07-03,2018-07-03,"Business reasons",2018-06-04,2018-07-04,No
44799,02378930,Discontinuation,MYLAN-ATOMOXETINE,"MYLAN PHARMACEUTICALS ULC",ATOMOXETINE,ATOMOXETINE,18MG,"100 BT",ORAL,Discontinued,CAPSULE,N06BA,"PSYCHOSTIMULANTS AND NOOTROPICS",2018-07-03,2018-07-03,"Business reasons",2018-04-03,2018-08-01,No
44805,02378949,Discontinuation,MYLAN-ATOMOXETINE,"MYLAN PHARMACEUTICALS ULC",ATOMOXETINE,ATOMOXETINE,25MG,"100 BT",ORAL,Discontinued,CAPSULE,N06BA,"PSYCHOSTIMULANTS AND NOOTROPICS",2018-07-03,2018-07-03,"Business reasons",2018-04-03,2018-08-01,No
44815,02378957,Discontinuation,MYLAN-ATOMOXETINE,"MYLAN PHARMACEUTICALS ULC",ATOMOXETINE,ATOMOXETINE,40MG,"100 BT",ORAL,Discontinued,CAPSULE,N06BA,"PSYCHOSTIMULANTS AND NOOTROPICS",2018-07-03,2018-07-03,"Business reasons",2018-04-03,2018-08-01,No
44821,02378965,Discontinuation,MYLAN-ATOMOXETINE,"MYLAN PHARMACEUTICALS ULC",ATOMOXETINE,ATOMOXETINE,60MG,"100 BT",ORAL,Discontinued,CAPSULE,N06BA,"PSYCHOSTIMULANTS AND NOOTROPICS",2018-07-03,2018-07-03,"Business reasons",2018-04-03,2018-08-01,No
51261,02378973,Discontinuation,MYLAN-ATOMOXETINE,"MYLAN PHARMACEUTICALS ULC",ATOMOXETINE,ATOMOXETINE,80MG,"100 BT",ORAL,Discontinued,CAPSULE,N06BA,"PSYCHOSTIMULANTS AND NOOTROPICS",2018-07-03,2018-07-03,"Business reasons",2018-06-04,2018-07-04,No
51264,02378981,Discontinuation,MYLAN-ATOMOXETINE,"MYLAN PHARMACEUTICALS ULC",ATOMOXETINE,ATOMOXETINE,100MG,"100 BT",ORAL,Discontinued,CAPSULE,N06BA,"PSYCHOSTIMULANTS AND NOOTROPICS",2018-07-03,2018-07-03,"Business reasons",2018-06-04,2018-07-04,No
16099,02231491,Discontinuation,MYLAN-AZATHIOPRINE,"MYLAN PHARMACEUTICALS ULC",AZATHIOPRINE,AZATHIOPRINE,50MG,100BT,ORAL,Discontinued,TABLET,L04AX,IMMUNOSUPPRESSANTS,2017-11-01,2017-11-01,"Business reasons",2017-07-18,2017-11-02,No
30362,02278359,Discontinuation,MYLAN-AZITHROMYCIN,"MYLAN PHARMACEUTICALS ULC",AZITHROMYCIN,AZITHROMYCIN,250MG,"6BL, 30BT",ORAL,Discontinued,TABLET,J01FA,"MACROLIDES, LINCOSAMIDES AND STREPTOGRAMINS",2018-03-01,2018-07-02,"Business reasons",2017-11-23,2018-03-02,No
15811,02384418,Discontinuation,MYLAN-BISOPROLOL,"MYLAN PHARMACEUTICALS ULC",BISOPROLOL,"BISOPROLOL FUMARATE",5MG,100BT,ORAL,Discontinued,TABLET,C07AB,"BETA BLOCKING AGENTS",2017-07-12,,"Business reasons",2017-07-17,2017-07-17,No
15816,02384426,Discontinuation,MYLAN-BISOPROLOL,"MYLAN PHARMACEUTICALS ULC",BISOPROLOL,"BISOPROLOL FUMARATE",10MG,100BT,ORAL,Discontinued,TABLET,C07AB,"BETA BLOCKING AGENTS",2017-07-12,,"Business reasons",2017-07-17,2017-07-17,No
53603,02383497,Discontinuation,MYLAN-BOSENTAN,"MYLAN PHARMACEUTICALS ULC",BOSENTAN,BOSENTAN,62.5MG,"56 BL",ORAL,Discontinued,TABLET,C02KX,"OTHER ANTIHYPERTENSIVES",2018-07-03,2018-07-03,"Business reasons",2018-07-03,2018-07-04,No
53608,02383500,Discontinuation,MYLAN-BOSENTAN,"MYLAN PHARMACEUTICALS ULC",BOSENTAN,BOSENTAN,125.0MG,"56 BL",ORAL,Discontinued,TABLET,C02KX,"OTHER ANTIHYPERTENSIVES",2018-07-03,2018-07-03,"Business reasons",2018-07-03,2018-07-04,No
94044,02408090,Discontinuation,MYLAN-BUPRENORPHINE/NALOXONE,"MYLAN PHARMACEUTICALS ULC",BUPRENORPHINE/NALOXONE,,,100BT,,Discontinued,,,,2019-09-17,2019-09-17,"Business reasons",2019-09-17,2019-09-18,No
94048,02408104,Discontinuation,MYLAN-BUPRENORPHINE/NALOXONE,"MYLAN PHARMACEUTICALS ULC",BUPRENORPHINE/NALOXONE,"BUPRENORPHINE; NALOXONE","8MG; 2MG",100BT,SUBLINGUAL,Discontinued,TABLET,N07BC,"DRUGS USED IN ADDICTIVE DISORDERS",2019-09-17,2019-09-17,"Business reasons",2019-09-17,2019-09-18,No
167806,02382075,Discontinuation,"MYLAN-BUPROPION XL","MYLAN PHARMACEUTICALS ULC","Mylan-Bupropion XL","BUPROPION HYDROCHLORIDE",150MG,"90BT, 500BT","ORAL; ORAL",Discontinued,"TABLET (EXTENDED-RELEASE)",N06AX,ANTIDEPRESSANTS,2022-08-18,2022-08-18,"Business reasons",2022-08-25,2022-08-25,No
167819,02382083,Discontinuation,"MYLAN-BUPROPION XL","MYLAN PHARMACEUTICALS ULC",Bupropion,"BUPROPION HYDROCHLORIDE",300MG,"90BT, 100BT","ORAL; ORAL",Discontinued,"TABLET (EXTENDED-RELEASE)",N06AX,ANTIDEPRESSANTS,2022-08-18,,"Business reasons",2022-08-25,2022-08-25,No
53611,02379120,Discontinuation,MYLAN-CANDESARTAN,"MYLAN PHARMACEUTICALS ULC",CANDESARTAN,"CANDESARTAN CILEXETIL",4MG,"100 BT",ORAL,Discontinued,TABLET,C09CA,"ANGIOTENSIN II ANTAGONISTS, PLAIN",2018-07-03,2018-07-03,"Business reasons",2018-07-03,2018-07-04,No
53616,02379139,Discontinuation,MYLAN-CANDESARTAN,"MYLAN PHARMACEUTICALS ULC",CANDESARTAN,"CANDESARTAN CILEXETIL",8MG,"100 BT",ORAL,Discontinued,TABLET,C09CA,"ANGIOTENSIN II ANTAGONISTS, PLAIN",2018-08-10,2018-08-10,"Business reasons",2018-07-03,2018-08-11,No
53621,02379147,Discontinuation,MYLAN-CANDESARTAN,"MYLAN PHARMACEUTICALS ULC",CANDESARTAN,"CANDESARTAN CILEXETIL",16MG,"100 BT",ORAL,Discontinued,TABLET,C09CA,"ANGIOTENSIN II ANTAGONISTS, PLAIN",2018-07-03,2018-07-03,"Business reasons",2018-07-03,2018-07-04,No
53628,02379155,Discontinuation,MYLAN-CANDESARTAN,"MYLAN PHARMACEUTICALS ULC",CANDESARTAN,"CANDESARTAN CILEXETIL",32MG,"100 BT",ORAL,Discontinued,TABLET,C09CA,"ANGIOTENSIN II ANTAGONISTS, PLAIN",2018-07-03,2018-07-03,"Business reasons",2018-07-03,2018-07-04,No
15824,02347571,Discontinuation,MYLAN-CARVEDILOL,"MYLAN PHARMACEUTICALS ULC",CARVEDILOL,CARVEDILOL,25MG,100BT,ORAL,Discontinued,TABLET,C07AG,"BETA BLOCKING AGENTS",2017-07-12,,"Business reasons",2017-07-17,2018-02-15,No
16105,02347512,Discontinuation,MYLAN-CARVEDILOL,"MYLAN PHARMACEUTICALS ULC",CARVEDILOL,CARVEDILOL,3.125MG,100BT,ORAL,Discontinued,TABLET,C07AG,"BETA BLOCKING AGENTS",2017-12-01,2017-12-01,"Business reasons",2017-07-18,2018-02-15,No
16108,02347520,Discontinuation,MYLAN-CARVEDILOL,"MYLAN PHARMACEUTICALS ULC",CARVEDILOL,CARVEDILOL,6.25MG,100BT,ORAL,Discontinued,TABLET,C07AG,"BETA BLOCKING AGENTS",2017-12-01,2017-12-01,"Business reasons",2017-07-18,2018-02-15,No
16111,02347555,Discontinuation,MYLAN-CARVEDILOL,"MYLAN PHARMACEUTICALS ULC",CARVEDILOL,CARVEDILOL,12.5MG,100BT,ORAL,Discontinued,TABLET,C07AG,"BETA BLOCKING AGENTS",2017-12-01,2017-12-01,"Business reasons",2017-07-18,2018-02-15,No
30337,02423278,Discontinuation,MYLAN-CELECOXIB,"MYLAN PHARMACEUTICALS ULC",CELECOXIB,CELECOXIB,100MG,"100BT, 500BT",ORAL,Discontinued,CAPSULE,M01AH,"ANTIINFLAMMATORY/ANTIRHEUMATIC PROD.,NON-STEROIDS",2018-07-03,2018-07-03,"Business reasons",2017-11-23,2018-07-04,No
44830,02399881,Discontinuation,MYLAN-CELECOXIB,"MYLAN PHARMACEUTICALS ULC",CELECOXIB,CELECOXIB,200MG,"100 BT, 500 BT",ORAL,Discontinued,CAPSULE,M01AH,"ANTIINFLAMMATORY/ANTIRHEUMATIC PROD.,NON-STEROIDS",2018-07-03,2018-07-03,"Business reasons",2018-04-03,2018-08-01,No
16096,02227460,Discontinuation,MYLAN-CIMETIDINE,"MYLAN PHARMACEUTICALS ULC",CIMETIDINE,CIMETIDINE,600MG,"100BT, 500BT",ORAL,Discontinued,TABLET,A02BA,"DRUGS FOR PEPTIC ULCER AND GASTROESOPHAGEAL REFLUX DISEASE (GERD)",2017-09-07,,"Business reasons",2017-07-18,2017-09-08,No
16203,02227444,Discontinuation,MYLAN-CIMETIDINE,"MYLAN PHARMACEUTICALS ULC",CIMETIDINE,CIMETIDINE,300MG,"100BT, 1000BT",ORAL,Discontinued,TABLET,A02BA,"DRUGS FOR PEPTIC ULCER AND GASTROESOPHAGEAL REFLUX DISEASE (GERD)",2017-09-07,,"Business reasons",2017-07-18,2017-09-08,No
16206,02227452,Discontinuation,MYLAN-CIMETIDINE,"MYLAN PHARMACEUTICALS ULC",CIMETIDINE,CIMETIDINE,400MG,"100BT, 500BT",ORAL,Discontinued,TABLET,A02BA,"DRUGS FOR PEPTIC ULCER AND GASTROESOPHAGEAL REFLUX DISEASE (GERD)",2017-09-07,,"Business reasons",2017-07-18,2017-09-08,No
16211,02227479,Discontinuation,MYLAN-CIMETIDINE,"MYLAN PHARMACEUTICALS ULC",CIMETIDINE,CIMETIDINE,800MG,100BT,ORAL,Discontinued,TABLET,A02BA,"DRUGS FOR PEPTIC ULCER AND GASTROESOPHAGEAL REFLUX DISEASE (GERD)",2017-09-07,,"Business reasons",2017-07-18,2017-09-08,No
20278,02245649,Discontinuation,MYLAN-CIPROFLOXACIN,"MYLAN PHARMACEUTICALS ULC",CIPROFLOXACIN,CIPROFLOXACIN,750MG,100BT,ORAL,Discontinued,TABLET,J01MA,"QUINOLONE ANTIBACTERIALS",2017-12-01,2017-12-01,"Business reasons",2017-08-24,2017-12-02,No
51275,02245647,Discontinuation,MYLAN-CIPROFLOXACIN,"MYLAN PHARMACEUTICALS ULC",CIPROFLOXACIN,CIPROFLOXACIN,250MG,"100 BT",ORAL,Discontinued,TABLET,J01MA,"QUINOLONE ANTIBACTERIALS",2018-07-03,2018-07-03,"Business reasons",2018-06-04,2018-07-04,No
51283,02245648,Discontinuation,MYLAN-CIPROFLOXACIN,"MYLAN PHARMACEUTICALS ULC",CIPROFLOXACIN,CIPROFLOXACIN,500MG,"100 BT, 500 BT",ORAL,Discontinued,TABLET,J01MA,"QUINOLONE ANTIBACTERIALS",2018-07-03,2018-07-03,"Business reasons",2018-06-04,2018-07-04,No
51292,02246594,Discontinuation,MYLAN-CITALOPRAM,"MYLAN PHARMACEUTICALS ULC",CITALOPRAM,CITALOPRAM,20MG,"100 BT, 500 BT",ORAL,Discontinued,TABLET,N06AB,ANTIDEPRESSANTS,2018-07-03,2018-07-03,"Business reasons",2018-06-04,2018-07-04,No
51303,02246595,Discontinuation,MYLAN-CITALOPRAM,"MYLAN PHARMACEUTICALS ULC",CITALOPRAM,CITALOPRAM,40MG,"100 BT",ORAL,Discontinued,TABLET,N06AB,ANTIDEPRESSANTS,2018-07-03,2018-07-03,"Business reasons",2018-06-04,2018-07-04,No
15833,02248856,Discontinuation,MYLAN-CLARITHROMYCIN,"MYLAN PHARMACEUTICALS ULC",CLARITHROMYCIN,CLARITHROMYCIN,250MG,100BT,ORAL,Discontinued,TABLET,J01FA,"MACROLIDES, LINCOSAMIDES AND STREPTOGRAMINS",2017-07-12,,"Business reasons",2017-07-17,2017-07-17,No
15872,02248857,Discontinuation,MYLAN-CLARITHROMYCIN,"MYLAN PHARMACEUTICALS ULC",CLARITHROMYCIN,CLARITHROMYCIN,500MG,100BT,ORAL,Discontinued,TABLET,J01FA,"MACROLIDES, LINCOSAMIDES AND STREPTOGRAMINS",2017-07-12,,"Business reasons",2017-07-17,2017-07-17,No
51308,02258331,Discontinuation,MYLAN-CLINDAMYCIN,"MYLAN PHARMACEUTICALS ULC",CLINDAMYCIN,CLINDAMYCIN,150MG,"100 BT",ORAL,Discontinued,CAPSULE,J01FF,"MACROLIDES, LINCOSAMIDES AND STREPTOGRAMINS",2018-07-03,2018-07-03,"Business reasons",2018-06-04,2018-08-01,No
51311,02258358,Discontinuation,MYLAN-CLINDAMYCIN,"MYLAN PHARMACEUTICALS ULC",CLINDAMYCIN,CLINDAMYCIN,300MG,"100 BT",ORAL,Discontinued,CAPSULE,J01FF,"MACROLIDES, LINCOSAMIDES AND STREPTOGRAMINS",2018-07-03,2018-07-03,"Business reasons",2018-06-04,2018-07-04,No
20312,02230951,Discontinuation,MYLAN-CLONAZEPAM,"MYLAN PHARMACEUTICALS ULC",CLONAZEPAM,CLONAZEPAM,2MG,"100BT, 500BT",ORAL,Discontinued,TABLET,N03AE,ANTIEPILEPTICS,2018-04-02,2018-04-02,"Business reasons",2017-08-24,2018-04-03,No
30312,02230950,Discontinuation,MYLAN-CLONAZEPAM,"MYLAN PHARMACEUTICALS ULC",CLONAZEPAM,CLONAZEPAM,0.5MG,"100BT, 500BT",ORAL,Discontinued,TABLET,N03AE,ANTIEPILEPTICS,2017-12-01,2017-12-01,"Business reasons",2017-11-23,2017-12-02,No
30319,02351536,Discontinuation,MYLAN-CLOPIDOGREL,"MYLAN PHARMACEUTICALS ULC",CLOPIDOGREL,CLOPIDOGREL,75MG,"100BT, 500BT",ORAL,Discontinued,TABLET,B01AC,"ANTITHROMBOTIC AGENTS",2018-03-01,2018-03-01,"Business reasons",2017-11-23,2018-03-02,No
51945,02231353,Discontinuation,MYLAN-CYCLOBENZAPRINE,"MYLAN PHARMACEUTICALS ULC",CYCLOBENZAPRINE,"CYCLOBENZAPRINE HYDROCHLORIDE",10MG,"100 BT, 500 BT",ORAL,Discontinued,TABLET,M03BX,"MUSCLE RELAXANTS, CENTRALLY ACTING AGENTS",2018-06-07,2018-06-07,"Business reasons",2018-06-08,2018-06-08,No
16117,02359472,Discontinuation,MYLAN-DONEPEZIL,"MYLAN PHARMACEUTICALS ULC",DONEPEZIL,"DONEPEZIL HYDROCHLORIDE",5MG,100BT,ORAL,Discontinued,TABLET,N06DA,"ANTI-DEMENTIA DRUGS",2018-05-01,2018-05-01,"Business reasons",2017-07-18,2018-05-02,No
16120,02359480,Discontinuation,MYLAN-DONEPEZIL,"MYLAN PHARMACEUTICALS ULC",DONEPEZIL,"DONEPEZIL HYDROCHLORIDE",10MG,100BT,ORAL,Discontinued,TABLET,N06DA,"ANTI-DEMENTIA DRUGS",2018-03-01,2018-03-01,"Business reasons",2017-07-18,2018-03-02,No
48196,02426633,Discontinuation,MYLAN-DULOXETINE,"MYLAN PHARMACEUTICALS ULC",DULOXETINE,DULOXETINE,30MG,"30BT, 100BT",ORAL,Discontinued,"CAPSULE (DELAYED RELEASE)",N06AX,ANTIDEPRESSANTS,2018-05-01,,"Business reasons",2018-05-03,2018-05-03,No
48205,02426641,Discontinuation,MYLAN-DULOXETINE,"MYLAN PHARMACEUTICALS ULC",DULOXETINE,DULOXETINE,60MG,"30BL, 100BT",ORAL,Discontinued,"CAPSULE (DELAYED RELEASE)",N06AX,ANTIDEPRESSANTS,2018-05-01,,"Business reasons",2018-05-03,2018-05-03,No
106753,02300036,Discontinuation,MYLAN-ENALAPRIL,"MYLAN PHARMACEUTICALS ULC",ENALAPRIL,"ENALAPRIL SODIUM",2MG,"100 BT",,Discontinued,,C09AA,"ACE INHIBITORS, PLAIN",2020-01-23,,"Business reasons",2020-02-20,2020-02-20,No
106756,02300044,Discontinuation,MYLAN-ENALAPRIL,"MYLAN PHARMACEUTICALS ULC",ENALAPRIL,"ENALAPRIL SODIUM",4MG,"100 BT, 500 BT",,Discontinued,,C09AA,"ACE INHIBITORS, PLAIN",2020-01-23,,"Business reasons",2020-02-20,2020-02-20,No
106759,02300052,Discontinuation,MYLAN-ENALAPRIL,"MYLAN PHARMACEUTICALS ULC",ENALAPRIL,"ENALAPRIL SODIUM",8MG,"100 BT, 500 BT",,Discontinued,,C09AA,"ACE INHIBITORS, PLAIN",2020-01-23,,"Business reasons",2020-02-20,2020-02-20,No
106762,02300060,Discontinuation,MYLAN-ENALAPRIL,"MYLAN PHARMACEUTICALS ULC",ENALAPRIL,"ENALAPRIL SODIUM",16MG,"100 BT, 500 BT",,Discontinued,,C09AA,"ACE INHIBITORS, PLAIN",2020-01-23,,"Business reasons",2020-02-20,2020-02-20,No
16123,02390337,Discontinuation,MYLAN-ENTACAPONE,"MYLAN PHARMACEUTICALS ULC",ENTACAPONE,ENTACAPONE,200MG,100BT,ORAL,Discontinued,TABLET,N04BX,"DOPAMINERGIC AGENTS",2017-11-01,2017-11-01,"Business reasons",2017-07-18,2017-11-02,No
139518,02383047,Discontinuation,MYLAN-ESOMEPRAZOLE,"MYLAN PHARMACEUTICALS ULC","Esomeprazole tablets",ESOMEPRAZOLE,40MG,100BT,"ORAL; ORAL",Discontinued,"TABLET (DELAYED-RELEASE)",A02BC,"DRUGS FOR PEPTIC ULCER AND GASTROESOPHAGEAL REFLUX DISEASE (GERD)",2020-06-16,,"Business reasons",2021-05-17,2021-05-17,No
139521,02383039,Discontinuation,MYLAN-ESOMEPRAZOLE,"MYLAN PHARMACEUTICALS ULC","Esomeprazole tablets",ESOMEPRAZOLE,20MG,100BT,"ORAL; ORAL",Discontinued,"TABLET (DELAYED-RELEASE)",A02BC,"DRUGS FOR PEPTIC ULCER AND GASTROESOPHAGEAL REFLUX DISEASE (GERD)",2020-06-16,,"Business reasons",2021-05-17,2021-05-17,No
6695,02378035,Discontinuation,MYLAN-EZETIMIBE,"MYLAN PHARMACEUTICALS ULC",Ezetimibe,EZETIMIBE,10MG,100,ORAL,Discontinued,TABLET,C10AX,"LIPID MODIFYING AGENTS, PLAIN",2017-04-12,,"Business reasons",2017-04-13,2017-04-13,No
20262,02196026,Discontinuation,MYLAN-FAMOTIDINE,"MYLAN PHARMACEUTICALS ULC",FAMOTIDINE,FAMOTIDINE,40MG,100BT,ORAL,Discontinued,TABLET,A02BA,"DRUGS FOR PEPTIC ULCER AND GASTROESOPHAGEAL REFLUX DISEASE (GERD)",2018-02-01,2018-02-01,"Business reasons",2017-08-24,2018-02-15,No
44853,02196018,Discontinuation,MYLAN-FAMOTIDINE,"MYLAN PHARMACEUTICALS ULC",FAMOTIDINE,FAMOTIDINE,20MG,"100 BT",ORAL,Discontinued,TABLET,A02BA,"DRUGS FOR PEPTIC ULCER AND GASTROESOPHAGEAL REFLUX DISEASE (GERD)",2018-07-03,2018-07-03,"Business reasons",2018-04-04,2018-07-04,No
15897,02240210,Discontinuation,"MYLAN-FENOFIBRATE MICRO","MYLAN PHARMACEUTICALS ULC","FENOFIBRATE MICRO",FENOFIBRATE,200MG,100BT,ORAL,Discontinued,CAPSULE,C10AB,"LIPID MODIFYING AGENTS, PLAIN",2017-07-12,,"Business reasons",2017-07-17,2017-07-17,No
68529,02396696,Discontinuation,"MYLAN-FENTANYL MATRIX PATCH","MYLAN PHARMACEUTICALS ULC","FENTANYL MATRIX PATCH",FENTANYL,12MCG,"5 CA",TRANSDERMAL,Discontinued,PATCH,N02AB,OPIOIDS,2018-12-31,,"Business reasons",2018-12-04,2019-01-03,No
68532,02396718,Discontinuation,"MYLAN-FENTANYL MATRIX PATCH","MYLAN PHARMACEUTICALS ULC","FENTANYL MATRIX PATCH",FENTANYL,25MCG,"5 CA",TRANSDERMAL,Discontinued,PATCH,N02AB,OPIOIDS,2018-12-31,,"Business reasons",2018-12-04,2019-01-03,No
68536,02396726,Discontinuation,"MYLAN-FENTANYL MATRIX PATCH","MYLAN PHARMACEUTICALS ULC","FENTANYL MATRIX PATCH",FENTANYL,50MCG,"5 CA",TRANSDERMAL,Discontinued,PATCH,N02AB,OPIOIDS,2018-12-31,,"Business reasons",2018-12-04,2019-01-03,No
68539,02396734,Discontinuation,"MYLAN-FENTANYL MATRIX PATCH","MYLAN PHARMACEUTICALS ULC","FENTANYL MATRIX PATCH",FENTANYL,75MCG,"5 CA",TRANSDERMAL,Discontinued,PATCH,N02AB,OPIOIDS,2018-12-31,,"Business reasons",2018-12-04,2019-01-03,No
68542,02396742,Discontinuation,"MYLAN-FENTANYL MATRIX PATCH","MYLAN PHARMACEUTICALS ULC","FENTANYL MATRIX PATCH",FENTANYL,100MCG,"5 CA",TRANSDERMAL,Discontinued,PATCH,N02AB,OPIOIDS,2018-12-31,,"Business reasons",2018-12-04,2019-01-03,No
51437,02237813,Discontinuation,MYLAN-FLUOXETINE,"MYLAN PHARMACEUTICALS ULC",FLUOXETINE,FLUOXETINE,10MG,"100 BT",ORAL,Discontinued,CAPSULE,N06AB,ANTIDEPRESSANTS,2018-07-03,2018-07-03,"Business reasons",2018-06-05,2018-08-01,No
51445,02237814,Discontinuation,MYLAN-FLUOXETINE,"MYLAN PHARMACEUTICALS ULC",FLUOXETINE,FLUOXETINE,20MG,"100 BT, 500 BT",ORAL,Discontinued,CAPSULE,N06AB,ANTIDEPRESSANTS,2018-07-03,2018-07-03,"Business reasons",2018-06-05,2018-07-04,No
15913,02262401,Discontinuation,MYLAN-FOSINOPRIL,"MYLAN PHARMACEUTICALS ULC",FOSINOPRIL,"FOSINOPRIL SODIUM",10MG,100BT,ORAL,Discontinued,TABLET,C09AA,"ACE INHIBITORS, PLAIN",2017-07-12,,"Business reasons",2017-07-17,2017-07-17,No
15916,02262428,Discontinuation,MYLAN-FOSINOPRIL,"MYLAN PHARMACEUTICALS ULC",FOSINOPRIL,"FOSINOPRIL SODIUM",20MG,100BT,ORAL,Discontinued,TABLET,C09AA,"ACE INHIBITORS, PLAIN",2017-07-12,,"Business reasons",2017-07-17,2017-07-17,No
20147,02248259,Discontinuation,MYLAN-GABAPENTIN,"MYLAN PHARMACEUTICALS ULC",GABAPENTIN,GABAPENTIN,100MG,500BT,ORAL,Discontinued,CAPSULE,N03AX,ANTIEPILEPTICS,2017-08-23,,"Business reasons",2017-08-24,2017-08-24,No
20162,02248260,Discontinuation,MYLAN-GABAPENTIN,"MYLAN PHARMACEUTICALS ULC",GABAPENTIN,GABAPENTIN,300MG,"100BT, 500BT",ORAL,Discontinued,CAPSULE,N03AX,ANTIEPILEPTICS,2017-08-23,,"Business reasons",2017-08-24,2017-08-24,No
20169,02397471,Discontinuation,MYLAN-GABAPENTIN,"MYLAN PHARMACEUTICALS ULC",GABAPENTIN,GABAPENTIN,600MG,100BT,ORAL,Discontinued,TABLET,N03AX,ANTIEPILEPTICS,2017-08-23,,"Business reasons",2017-08-24,2017-09-08,No
20175,02397498,Discontinuation,MYLAN-GABAPENTIN,"MYLAN PHARMACEUTICALS ULC",GABAPENTIN,GABAPENTIN,800MG,100BT,ORAL,Discontinued,TABLET,N03AX,ANTIEPILEPTICS,2017-08-23,,"Business reasons",2017-08-24,2017-09-08,No
30305,02248261,Discontinuation,MYLAN-GABAPENTIN,"MYLAN PHARMACEUTICALS ULC",GABAPENTIN,GABAPENTIN,400MG,"100BT, 500BT",ORAL,Discontinued,CAPSULE,N03AX,ANTIEPILEPTICS,2017-12-01,2017-12-01,"Business reasons",2017-11-23,2017-12-02,No
16126,02229519,Discontinuation,MYLAN-GLICLAZIDE,"MYLAN PHARMACEUTICALS ULC",GLICLAZIDE,GLICLAZIDE,80MG,"100BT, 60BL",ORAL,Discontinued,TABLET,A10BB,"BLOOD GLUCOSE LOWERING DRUGS, EXCL. INSULINS",2017-12-01,2017-12-01,"Business reasons",2017-07-18,2017-12-02,No
44856,02252600,Discontinuation,MYLAN-HYDROXYCHLOROQUINE,"MYLAN PHARMACEUTICALS ULC",HYDROXYCHLOROQUINE,"HYDROXYCHLOROQUINE SULFATE",200MG,"100 BT",ORAL,Discontinued,TABLET,P01BA,ANTIMALARIALS,2018-07-03,2018-07-03,"Business reasons",2018-04-04,2018-07-04,No
30368,02239131,Discontinuation,"MYLAN-IPRATROPIUM SOLUTION","MYLAN PHARMACEUTICALS ULC","IPRATROPIUM SOLUTION","IPRATROPIUM BROMIDE",0.25MG,20ML,INHALATION,Discontinued,SOLUTION,R03BB,"OTHER DRUGS FOR OBSTRUCTIVE AIRWAY DISEASES, INHALANTS",2018-07-03,2018-07-03,"Business reasons",2017-11-23,2018-07-04,No
20271,02347326,Discontinuation,MYLAN-IRBESARTAN,"MYLAN PHARMACEUTICALS ULC",IRBESARTAN,IRBESARTAN,300MG,90BT,ORAL,Discontinued,TABLET,C09CA,"ANGIOTENSIN II ANTAGONISTS, PLAIN",2017-10-02,2017-10-31,"Business reasons",2017-08-24,2017-10-03,No
44867,02347318,Discontinuation,MYLAN-IRBESARTAN,"MYLAN PHARMACEUTICALS ULC",MYLAN-IRBESARTAN,IRBESARTAN,150MG,"90 BT",ORAL,Discontinued,TABLET,C09CA,"ANGIOTENSIN II ANTAGONISTS, PLAIN",2018-08-10,2018-08-10,"Business reasons",2018-04-04,2018-08-11,No
44870,02347296,Discontinuation,MYLAN-IRBESARTAN,"MYLAN PHARMACEUTICALS ULC",IRBESARTAN,IRBESARTAN,75MG,"90 BT",ORAL,Discontinued,TABLET,C09CA,"ANGIOTENSIN II ANTAGONISTS, PLAIN",2018-07-03,2018-07-03,"Business reasons",2018-04-04,2018-08-01,No
6704,02313979,Discontinuation,MYLAN-LEVOFLOXACIN,"MYLAN PHARMACEUTICALS ULC",LEVOFLOXACIN,LEVOFLOXACIN,250MG,100,ORAL,Discontinued,TABLET,J01MA,"QUINOLONE ANTIBACTERIALS",2017-04-12,,"Business reasons",2017-04-13,2017-04-13,No
6707,02313987,Discontinuation,MYLAN-LEVOFLOXACIN,"MYLAN PHARMACEUTICALS ULC",LEVOFLOXACIN,LEVOFLOXACIN,500MG,100,ORAL,Discontinued,TABLET,J01MA,"QUINOLONE ANTIBACTERIALS",2017-04-12,,"Business reasons",2017-04-13,2017-04-13,No
15937,02274833,Discontinuation,MYLAN-LISINOPRIL,"MYLAN PHARMACEUTICALS ULC",LISINOPRIL,LISINOPRIL,5MG,100BT,ORAL,Discontinued,TABLET,C09AA,"ACE INHIBITORS, PLAIN",2017-07-12,,"Business reasons",2017-07-17,2017-07-17,No
15944,02274841,Discontinuation,MYLAN-LISINOPRIL,"MYLAN PHARMACEUTICALS ULC",LISINOPRIL,LISINOPRIL,10MG,100BT,ORAL,Discontinued,TABLET,C09AA,"ACE INHIBITORS, PLAIN",2017-07-12,,"Business reasons",2017-07-17,2017-07-17,No
16129,02274868,Discontinuation,MYLAN-LISINOPRIL,"MYLAN PHARMACEUTICALS ULC",LISINOPRIL,LISINOPRIL,20MG,100BT,ORAL,Discontinued,TABLET,C09AA,"ACE INHIBITORS, PLAIN",2018-04-02,2018-04-02,"Business reasons",2017-07-18,2018-04-03,No
53729,02368277,Discontinuation,MYLAN-LOSARTAN,"MYLAN PHARMACEUTICALS ULC",LOSARTAN,"LOSARTAN POTASSIUM",25MG,"30 BL, 100 BT",ORAL,Discontinued,TABLET,C09CA,"ANGIOTENSIN II ANTAGONISTS, PLAIN",2018-08-10,2018-08-10,"Business reasons",2018-07-03,2018-08-11,No
53737,02368285,Discontinuation,MYLAN-LOSARTAN,"MYLAN PHARMACEUTICALS ULC",LOSARTAN,"LOSARTAN POTASSIUM",50MG,"30 BL, 100 BT",ORAL,Discontinued,TABLET,C09CA,"ANGIOTENSIN II ANTAGONISTS, PLAIN",2018-08-10,2018-08-10,"Business reasons",2018-07-03,2018-08-11,No
53745,02368293,Discontinuation,MYLAN-LOSARTAN,"MYLAN PHARMACEUTICALS ULC",LOSARTAN,"LOSARTAN POTASSIUM",100MG,"30 BL, 100 BT",ORAL,Discontinued,TABLET,C09CA,"ANGIOTENSIN II ANTAGONISTS, PLAIN",2018-08-10,2018-08-10,"Business reasons",2018-07-03,2018-08-11,No
15953,02378078,Discontinuation,"MYLAN-LOSARTAN HCTZ","MYLAN PHARMACEUTICALS ULC","LOSARTAN HCTZ","HYDROCHLOROTHIAZIDE; LOSARTAN POTASSIUM","12.5MG; 50MG","100BT, 30BL",ORAL,Discontinued,TABLET,C09DA,"ANGIOTENSIN II ANTAGONISTS, COMBINATIONS",2018-05-01,2018-05-01,"Business reasons",2017-07-17,2018-05-02,No
15956,02378086,Discontinuation,"MYLAN-LOSARTAN HCTZ","MYLAN PHARMACEUTICALS ULC","LOSARTAN HCTZ","HYDROCHLOROTHIAZIDE; LOSARTAN POTASSIUM","12.5MG; 100MG","30BL, 100BT",ORAL,Discontinued,TABLET,C09DA,"ANGIOTENSIN II ANTAGONISTS, COMBINATIONS",2018-05-01,2018-05-02,"Business reasons",2017-07-17,2018-05-02,No
15971,02378094,Discontinuation,"MYLAN-LOSARTAN HCTZ","MYLAN PHARMACEUTICALS ULC","LOSARTAN HCTZ","HYDROCHLOROTHIAZIDE; LOSARTAN POTASSIUM","25MG; 100MG","100BT, 30BL",ORAL,Discontinued,TABLET,C09DA,"ANGIOTENSIN II ANTAGONISTS, COMBINATIONS",2018-05-01,2018-05-02,"Business reasons",2017-07-17,2018-05-02,No
15993,02243127,Discontinuation,MYLAN-LOVASTATIN,"MYLAN PHARMACEUTICALS ULC",LOVASTATIN,LOVASTATIN,20MG,100BT,ORAL,Discontinued,TABLET,C10AA,"LIPID MODIFYING AGENTS, PLAIN",2017-07-12,,"Business reasons",2017-07-17,2017-07-17,No
16000,02243129,Discontinuation,MYLAN-LOVASTATIN,"MYLAN PHARMACEUTICALS ULC",LOVASTATIN,LOVASTATIN,40MG,100BT,ORAL,Discontinued,TABLET,C10AA,"LIPID MODIFYING AGENTS, PLAIN",2017-07-12,,"Business reasons",2017-07-17,2017-07-17,No
16132,02255987,Discontinuation,MYLAN-MELOXICAM,"MYLAN PHARMACEUTICALS ULC",MELOXICAM,MELOXICAM,7.5MG,100BT,ORAL,Discontinued,TABLET,M01AC,"ANTIINFLAMMATORY/ANTIRHEUMATIC PROD.,NON-STEROIDS",2018-06-07,2018-06-01,"Business reasons",2017-07-18,2018-06-08,No
16135,02255995,Discontinuation,MYLAN-MELOXICAM,"MYLAN PHARMACEUTICALS ULC",MELOXICAM,MELOXICAM,15MG,100BT,ORAL,Discontinued,TABLET,M01AC,"ANTIINFLAMMATORY/ANTIRHEUMATIC PROD.,NON-STEROIDS",2018-06-07,2018-06-01,"Business reasons",2017-07-18,2018-06-08,No
6667,02430371,Discontinuation,MYLAN-MEMANTINE,"MYLAN PHARMACEUTICALS ULC",Memantine,"MEMANTINE HYDROCHLORIDE",10MG,100,ORAL,Discontinued,TABLET,N06DX,"ANTI-DEMENTIA DRUGS",2017-04-12,,"Business reasons",2017-04-12,2017-04-13,No
53757,02148765,Discontinuation,MYLAN-METFORMIN,"MYLAN PHARMACEUTICALS ULC",METFORMIN,"METFORMIN HYDROCHLORIDE",500MG,"100 BT, 360 BT, 500 BT",ORAL,Discontinued,TABLET,A10BA,"BLOOD GLUCOSE LOWERING DRUGS, EXCL. INSULINS",2018-07-03,2018-07-03,"Business reasons",2018-07-03,2018-07-04,No
53765,02229656,Discontinuation,MYLAN-METFORMIN,"MYLAN PHARMACEUTICALS ULC",METFORMIN,"METFORMIN HYDROCHLORIDE",850MG,"100 BT, 500 BT",ORAL,Discontinued,TABLET,A10BA,"BLOOD GLUCOSE LOWERING DRUGS, EXCL. INSULINS",2018-07-03,2018-07-03,"Business reasons",2018-07-03,2018-07-04,No
6670,02302055,Discontinuation,"MYLAN-METOPROLOL (TYPE L)","MYLAN PHARMACEUTICALS ULC",Metoprolol,"METOPROLOL TARTRATE",25MG,100,ORAL,Discontinued,TABLET,C07AB,"BETA BLOCKING AGENTS",2017-04-12,,"Business reasons",2017-04-12,2017-04-13,No
6673,02174553,Discontinuation,"MYLAN-METOPROLOL (TYPE L)","MYLAN PHARMACEUTICALS ULC",Metoprolol,"METOPROLOL TARTRATE",100MG,"100 and 1000",ORAL,Discontinued,TABLET,C07AB,"BETA BLOCKING AGENTS",2017-04-12,,"Business reasons",2017-04-12,2017-04-13,No
6692,02174545,Discontinuation,"MYLAN-METOPROLOL (TYPE L)","MYLAN PHARMACEUTICALS ULC",Metoprolol,"METOPROLOL TARTRATE",50MG,1000,ORAL,Discontinued,TABLET,C07AB,"BETA BLOCKING AGENTS",2017-04-12,,"Business reasons",2017-04-13,2017-04-13,No
20180,02230736,Discontinuation,MYLAN-MINOCYCLINE,"MYLAN PHARMACEUTICALS ULC",MINOCYCLINE,MINOCYCLINE,100MG,"100BT, 250BT",ORAL,Discontinued,CAPSULE,J01AA,TETRACYCLINES,2019-09-17,2018-12-31,"Business reasons",2017-08-24,2019-09-18,No
94055,02230735,Discontinuation,MYLAN-MINOCYCLINE,"MYLAN PHARMACEUTICALS ULC",MINOCYCLINE,MINOCYCLINE,50MG,"100BT, 250BT",ORAL,Discontinued,CAPSULE,J01AA,TETRACYCLINES,2019-09-17,,"Business reasons",2019-09-17,2019-09-18,No
16138,02380749,Discontinuation,MYLAN-MONTELUKAST,"MYLAN PHARMACEUTICALS ULC",MONTELUKAST,MONTELUKAST,4MG,30BL,ORAL,Discontinued,"TABLET (CHEWABLE)",R03DC,"OTHER SYSTEMIC DRUGS FOR OBSTRUCTIVE AIRWAY DISEASES",2017-09-07,,"Business reasons",2017-07-18,2017-09-08,No
16142,02380757,Discontinuation,MYLAN-MONTELUKAST,"MYLAN PHARMACEUTICALS ULC",MONTELUKAST,MONTELUKAST,5MG,30BL,ORAL,Discontinued,"TABLET (CHEWABLE)",R03DC,"OTHER SYSTEMIC DRUGS FOR OBSTRUCTIVE AIRWAY DISEASES",2018-02-01,2018-02-01,"Business reasons",2017-07-18,2018-02-15,No
16145,02368226,Discontinuation,MYLAN-MONTELUKAST,"MYLAN PHARMACEUTICALS ULC",MONTELUKAST,MONTELUKAST,10MG,"100BT, 30BL",ORAL,Discontinued,TABLET,R03DC,"OTHER SYSTEMIC DRUGS FOR OBSTRUCTIVE AIRWAY DISEASES",2017-12-01,2017-12-01,"Business reasons",2017-07-18,2017-12-02,No
20189,02243431,Discontinuation,"MYLAN-NAPROXEN EC","MYLAN PHARMACEUTICALS ULC","NAPROXEN EC",,,100BT,,Discontinued,,,,2017-08-23,,"Business reasons",2017-08-24,2017-08-24,No
55130,02243432,Discontinuation,"MYLAN-NAPROXEN EC","MYLAN PHARMACEUTICALS ULC",NAPROXEN,NAPROXEN,375MG,"100 BT",ORAL,Discontinued,"TABLET (ENTERIC-COATED)",M01AE,"ANTIINFLAMMATORY/ANTIRHEUMATIC PROD.,NON-STEROIDS",2018-07-10,2018-07-10,"Business reasons",2018-07-10,2018-07-11,No
55141,02241024,Discontinuation,"MYLAN-NAPROXEN EC","MYLAN PHARMACEUTICALS ULC",NAPROXEN,NAPROXEN,500MG,"100 BT",ORAL,Discontinued,"TABLET (ENTERIC-COATED)",M01AE,"ANTIINFLAMMATORY/ANTIRHEUMATIC PROD.,NON-STEROIDS",2018-07-10,2018-07-10,"Business reasons",2018-07-10,2018-07-11,No
227338,02243588,Discontinuation,"MYLAN-NITRO SUBLINGUAL SPRAY","MYLAN PHARMACEUTICALS ULC",NITROGLYCERIN,NITROGLYCERIN,0.4MG,1BT,"SUBLINGUAL; SUBLINGUAL",Discontinued,"METERED-DOSE AEROSOL",C01DA,"VASODILATORS USED IN CARDIAC DISEASES",2024-05-01,,"Manufacturing issues",2024-05-08,2024-05-08,No
53770,02337878,Discontinuation,MYLAN-OLANZAPINE,"MYLAN PHARMACEUTICALS ULC",OLANZAPINE,OLANZAPINE,2.5MG,"100 BT",ORAL,Discontinued,TABLET,N05AH,ANTIPSYCHOTICS,2018-07-03,2018-07-03,"Business reasons",2018-07-03,2018-07-04,No
53775,02337886,Discontinuation,MYLAN-OLANZAPINE,"MYLAN PHARMACEUTICALS ULC",OLANZAPINE,OLANZAPINE,5MG,"100 BT",ORAL,Discontinued,TABLET,N05AH,ANTIPSYCHOTICS,2018-07-03,2018-07-03,"Business reasons",2018-07-03,2018-07-04,No
53780,02337894,Discontinuation,MYLAN-OLANZAPINE,"MYLAN PHARMACEUTICALS ULC",OLANZAPINE,OLANZAPINE,7.5MG,"100 BT",ORAL,Discontinued,TABLET,N05AH,ANTIPSYCHOTICS,2018-07-03,2018-07-03,"Business reasons",2018-07-03,2018-07-04,No
53783,02337908,Discontinuation,MYLAN-OLANZAPINE,"MYLAN PHARMACEUTICALS ULC",OLANZAPINE,OLANZAPINE,10MG,"100 BT",ORAL,Discontinued,TABLET,N05AH,ANTIPSYCHOTICS,2018-07-03,2018-07-03,"Business reasons",2018-07-03,2018-07-04,No
53790,02337916,Discontinuation,MYLAN-OLANZAPINE,"MYLAN PHARMACEUTICALS ULC",OLANZAPINE,OLANZAPINE,15MG,"100 BT",ORAL,Discontinued,TABLET,N05AH,ANTIPSYCHOTICS,2018-07-03,2018-07-03,"Business reasons",2018-07-03,2018-07-04,No
16009,02382709,Discontinuation,"MYLAN-OLANZAPINE ODT","MYLAN PHARMACEUTICALS ULC","OLANZAPINE ODT",OLANZAPINE,5MG,30BL,ORAL,Discontinued,"TABLET (ORALLY DISINTEGRATING)",N05AH,ANTIPSYCHOTICS,2017-07-12,,"Business reasons",2017-07-17,2017-07-17,No
16012,02382717,Discontinuation,"MYLAN-OLANZAPINE ODT","MYLAN PHARMACEUTICALS ULC","OLANZAPINE ODT",OLANZAPINE,10MG,30BL,ORAL,Discontinued,"TABLET (ORALLY DISINTEGRATING)",N05AH,ANTIPSYCHOTICS,2017-07-12,,"Business reasons",2017-07-17,2017-07-17,No
16015,02382725,Discontinuation,"MYLAN-OLANZAPINE ODT","MYLAN PHARMACEUTICALS ULC","OLANZAPINE ODT",OLANZAPINE,15MG,30BL,ORAL,Discontinued,"TABLET (ORALLY DISINTEGRATING)",N05AH,ANTIPSYCHOTICS,2017-07-12,,"Business reasons",2017-07-17,2017-07-17,No
16018,02382733,Discontinuation,"MYLAN-OLANZAPINE ODT","MYLAN PHARMACEUTICALS ULC","OLANZAPINE ODT",OLANZAPINE,20MG,30BL,ORAL,Discontinued,"TABLET (ORALLY DISINTEGRATING)",N05AH,ANTIPSYCHOTICS,2017-07-12,,"Business reasons",2017-07-17,2017-07-17,No
48569,02329433,Discontinuation,MYLAN-OMEPRAZOLE,"MYLAN PHARMACEUTICALS ULC",OMEPRAZOLE,OMEPRAZOLE,20MG,"100BT, 500BT",ORAL,Discontinued,"CAPSULE (DELAYED RELEASE)",A02BC,"DRUGS FOR PEPTIC ULCER AND GASTROESOPHAGEAL REFLUX DISEASE (GERD)",2018-05-01,,"Business reasons",2018-05-04,2018-05-04,No
52267,02329425,Discontinuation,MYLAN-OMEPRAZOLE,"MYLAN PHARMACEUTICALS ULC",OMEPRAZOLE,OMEPRAZOLE,10MG,"30 BT",ORAL,Discontinued,"CAPSULE (DELAYED RELEASE)",A02BC,"DRUGS FOR PEPTIC ULCER AND GASTROESOPHAGEAL REFLUX DISEASE (GERD)",2018-08-16,2018-09-03,"Business reasons",2018-06-12,2018-08-28,No
51513,02299585,Discontinuation,MYLAN-PANTOPRAZOLE,"MYLAN PHARMACEUTICALS ULC",PANTOPRAZOLE,PANTOPRAZOLE,40MG,"100 BT, 500 BT",ORAL,Discontinued,"TABLET (DELAYED-RELEASE)",A02BC,"DRUGS FOR PEPTIC ULCER AND GASTROESOPHAGEAL REFLUX DISEASE (GERD)",2018-07-03,2018-07-03,"Business reasons",2018-06-05,2018-07-04,No
51523,02248012,Discontinuation,MYLAN-PAROXETINE,"MYLAN PHARMACEUTICALS ULC",PAROXETINE,PAROXETINE,10MG,"100 BT",ORAL,Discontinued,TABLET,N06AB,ANTIDEPRESSANTS,2018-07-03,2018-07-03,"Business reasons",2018-06-05,2018-07-04,No
51529,02248013,Discontinuation,MYLAN-PAROXETINE,"MYLAN PHARMACEUTICALS ULC",PAROXETINE,PAROXETINE,20MG,"100 BT, 500 BT",ORAL,Discontinued,TABLET,N06AB,ANTIDEPRESSANTS,2018-07-03,2018-07-03,"Business reasons",2018-06-05,2018-07-04,No
51535,02248014,Discontinuation,MYLAN-PAROXETINE,"MYLAN PHARMACEUTICALS ULC",PAROXETINE,PAROXETINE,30MG,"100 BT",ORAL,Discontinued,TABLET,N06AB,ANTIDEPRESSANTS,2018-07-03,2018-07-03,"Business reasons",2018-06-05,2018-07-04,No
51548,02298287,Discontinuation,MYLAN-PIOGLITAZONE,"MYLAN PHARMACEUTICALS ULC",PIOGLITAZONE,PIOGLITAZONE,30MG,"90 BT",ORAL,Discontinued,TABLET,A10BG,"BLOOD GLUCOSE LOWERING DRUGS, EXCL. INSULINS",2018-07-03,2018-07-03,"Business reasons",2018-06-05,2018-07-04,No
51551,02298279,Discontinuation,MYLAN-PIOGLITAZONE,"MYLAN PHARMACEUTICALS ULC",PIOGLITAZONE,PIOGLITAZONE,15MG,"90 BT",ORAL,Discontinued,TABLET,A10BG,"BLOOD GLUCOSE LOWERING DRUGS, EXCL. INSULINS",2018-07-03,2018-07-03,"Business reasons",2018-06-05,2018-07-04,No
51554,02298295,Discontinuation,MYLAN-PIOGLITAZONE,"MYLAN PHARMACEUTICALS ULC",PIOGLITAZONE,PIOGLITAZONE,45MG,"90 BT",ORAL,Discontinued,TABLET,A10BG,"BLOOD GLUCOSE LOWERING DRUGS, EXCL. INSULINS",2018-07-03,2018-07-03,"Business reasons",2018-06-05,2018-07-04,No
6710,02376350,Discontinuation,MYLAN-PRAMIPEXOLE,"MYLAN PHARMACEUTICALS ULC",PRAMIPEXOLE,"PRAMIPEXOLE DIHYDROCHLORIDE MONOHYDRATE",0.25MG,90,ORAL,Discontinued,TABLET,N04BC,"DOPAMINERGIC AGENTS",2017-04-12,,"Business reasons",2017-04-13,2017-04-13,No
6714,02376369,Discontinuation,MYLAN-PRAMIPEXOLE,"MYLAN PHARMACEUTICALS ULC",PRAMIPEXOLE,"PRAMIPEXOLE DIHYDROCHLORIDE MONOHYDRATE",0.5MG,90,ORAL,Discontinued,TABLET,N04BC,"DOPAMINERGIC AGENTS",2017-04-12,,"Business reasons",2017-04-13,2017-04-13,No
6717,02376377,Discontinuation,MYLAN-PRAMIPEXOLE,"MYLAN PHARMACEUTICALS ULC",PRAMIPEXOLE,"PRAMIPEXOLE DIHYDROCHLORIDE MONOHYDRATE",1MG,90,ORAL,Discontinued,TABLET,N04BC,"DOPAMINERGIC AGENTS",2017-04-12,,"Business reasons",2017-04-13,2017-04-13,No
6720,02376385,Discontinuation,MYLAN-PRAMIPEXOLE,"MYLAN PHARMACEUTICALS ULC",PRAMIPEXOLE,"PRAMIPEXOLE DIHYDROCHLORIDE MONOHYDRATE",1.5MG,90,ORAL,Discontinued,TABLET,N04BC,"DOPAMINERGIC AGENTS",2017-04-12,,"Business reasons",2017-04-13,2017-04-13,No
16029,02257092,Discontinuation,MYLAN-PRAVASTATIN,"MYLAN PHARMACEUTICALS ULC",PRAVASTATIN,"PRAVASTATIN SODIUM",10MG,100BT,ORAL,Discontinued,TABLET,C10AA,"LIPID MODIFYING AGENTS, PLAIN",2017-07-12,,"Business reasons",2017-07-17,2017-07-17,No
16032,02257114,Discontinuation,MYLAN-PRAVASTATIN,"MYLAN PHARMACEUTICALS ULC",PRAVASTATIN,"PRAVASTATIN SODIUM",40MG,100BT,ORAL,Discontinued,TABLET,C10AA,"LIPID MODIFYING AGENTS, PLAIN",2017-07-12,,"Business reasons",2017-07-17,2017-07-17,No
16148,02257106,Discontinuation,MYLAN-PRAVASTATIN,"MYLAN PHARMACEUTICALS ULC",PRAVASTATIN,"PRAVASTATIN SODIUM",20MG,100BT,ORAL,Discontinued,TABLET,C10AA,"LIPID MODIFYING AGENTS, PLAIN",2017-09-07,,"Business reasons",2017-07-18,2017-09-08,No
51561,02382210,Discontinuation,MYLAN-PREGABALIN,"MYLAN PHARMACEUTICALS ULC",PREGABALIN,PREGABALIN,25MG,"60 BT",ORAL,Discontinued,CAPSULE,N03AX,ANTIEPILEPTICS,2018-07-03,2018-07-03,"Business reasons",2018-06-05,2018-07-04,No
51567,02382229,Discontinuation,MYLAN-PREGABALIN,"MYLAN PHARMACEUTICALS ULC",PREGABALIN,PREGABALIN,50MG,"60 BT",ORAL,Discontinued,CAPSULE,N03AX,ANTIEPILEPTICS,2018-07-03,2018-07-03,"Business reasons",2018-06-05,2018-07-04,No
51573,02382237,Discontinuation,MYLAN-PREGABALIN,"MYLAN PHARMACEUTICALS ULC",PREGABALIN,PREGABALIN,75MG,"60 BT",ORAL,Discontinued,CAPSULE,N03AX,ANTIEPILEPTICS,2018-07-03,2018-07-03,"Business reasons",2018-06-05,2018-07-04,No
51582,02382245,Discontinuation,MYLAN-PREGABALIN,"MYLAN PHARMACEUTICALS ULC",PREGABALIN,PREGABALIN,150MG,"60 BT",ORAL,Discontinued,CAPSULE,N03AX,ANTIEPILEPTICS,2018-07-03,2018-07-03,"Business reasons",2018-06-05,2018-08-01,No
51588,02382253,Discontinuation,MYLAN-PREGABALIN,"MYLAN PHARMACEUTICALS ULC",PREGABALIN,PREGABALIN,300MG,"60 BT",ORAL,Discontinued,CAPSULE,N03AX,ANTIEPILEPTICS,2018-07-03,2018-07-03,"Business reasons",2018-06-05,2018-07-04,No
6778,02307804,Discontinuation,MYLAN-QUETIAPINE,"MYLAN PHARMACEUTICALS ULC",QUETIAPINE,QUETIAPINE,25MG,100,ORAL,Discontinued,TABLET,N05AH,ANTIPSYCHOTICS,2017-04-12,,"Business reasons",2017-04-13,2017-04-13,No
6781,02307812,Discontinuation,MYLAN-QUETIAPINE,"MYLAN PHARMACEUTICALS ULC",QUETIAPINE,QUETIAPINE,100MG,100,ORAL,Discontinued,TABLET,N05AH,ANTIPSYCHOTICS,2017-04-12,,"Business reasons",2017-04-13,2017-04-13,No
6784,02307839,Discontinuation,MYLAN-QUETIAPINE,"MYLAN PHARMACEUTICALS ULC",QUETIAPINE,QUETIAPINE,200MG,100,ORAL,Discontinued,TABLET,N05AH,ANTIPSYCHOTICS,2017-04-12,,"Business reasons",2017-04-13,2017-04-13,No
6788,02307847,Discontinuation,MYLAN-QUETIAPINE,"MYLAN PHARMACEUTICALS ULC",QUETIAPINE,QUETIAPINE,300MG,100,ORAL,Discontinued,TABLET,N05AH,ANTIPSYCHOTICS,2017-04-12,,"Business reasons",2017-04-13,2017-04-13,No
16039,02408392,Discontinuation,MYLAN-RABEPRAZOLE,"MYLAN PHARMACEUTICALS ULC",RABEPRAZOLE,"RABEPRAZOLE SODIUM",10MG,100BT,ORAL,Discontinued,"TABLET (DELAYED-RELEASE)",A02BC,"DRUGS FOR PEPTIC ULCER AND GASTROESOPHAGEAL REFLUX DISEASE (GERD)",2017-12-01,2017-12-01,"Business reasons",2017-07-17,2018-02-15,No
16042,02408406,Discontinuation,MYLAN-RABEPRAZOLE,"MYLAN PHARMACEUTICALS ULC",RABEPRAZOLE,"RABEPRAZOLE SODIUM",20MG,100BT,ORAL,Discontinued,"TABLET (DELAYED-RELEASE)",A02BC,"DRUGS FOR PEPTIC ULCER AND GASTROESOPHAGEAL REFLUX DISEASE (GERD)",2017-07-12,,"Business reasons",2017-07-17,2018-02-15,No
6792,02301148,Discontinuation,MYLAN-RAMIPRIL,"MYLAN PHARMACEUTICALS ULC",RAMIPRIL,RAMIPRIL,1.25MG,100,ORAL,Discontinued,CAPSULE,C09AA,"ACE INHIBITORS, PLAIN",2017-04-12,,"Business reasons",2017-04-13,2017-04-13,No
6797,02301156,Discontinuation,MYLAN-RAMIPRIL,"MYLAN PHARMACEUTICALS ULC",RAMIPRIL,RAMIPRIL,2.5MG,"100 and 500",ORAL,Discontinued,CAPSULE,C09AA,"ACE INHIBITORS, PLAIN",2017-04-12,,"Business reasons",2017-04-13,2017-04-13,No
6801,02301164,Discontinuation,MYLAN-RAMIPRIL,"MYLAN PHARMACEUTICALS ULC",RAMIPRIL,RAMIPRIL,5.0MG,"100 and 500",ORAL,Discontinued,CAPSULE,C09AA,"ACE INHIBITORS, PLAIN",2017-04-12,,"Business reasons",2017-04-13,2017-04-13,No
6805,02301172,Discontinuation,MYLAN-RAMIPRIL,"MYLAN PHARMACEUTICALS ULC",RAMIPRIL,RAMIPRIL,10MG,"100 and 500",ORAL,Discontinued,CAPSULE,C09AA,"ACE INHIBITORS, PLAIN",2017-04-12,,"Business reasons",2017-04-13,2017-04-13,No
6808,02207761,Discontinuation,MYLAN-RANITIDINE,"MYLAN PHARMACEUTICALS ULC",RANITIDINE,RANITIDINE,150MG,"100 and 500",ORAL,Discontinued,TABLET,A02BA,"DRUGS FOR PEPTIC ULCER AND GASTROESOPHAGEAL REFLUX DISEASE (GERD)",2017-04-12,,"Business reasons",2017-04-13,2017-04-13,No
6811,02207788,Discontinuation,MYLAN-RANITIDINE,"MYLAN PHARMACEUTICALS ULC",RANITIDINE,RANITIDINE,300MG,100,ORAL,Discontinued,TABLET,A02BA,"DRUGS FOR PEPTIC ULCER AND GASTROESOPHAGEAL REFLUX DISEASE (GERD)",2017-04-12,,"Business reasons",2017-04-13,2017-04-13,No
16049,02397773,Discontinuation,MYLAN-RISEDRONATE,"MYLAN PHARMACEUTICALS ULC",RISEDRONATE,"RISEDRONATE SODIUM",150MG,1BL,ORAL,Discontinued,TABLET,M05BA,"DRUGS AFFECTING BONE STRUCTURE AND MINERALIZATION",2017-07-12,,"Business reasons",2017-07-17,2017-07-17,No
16151,02357984,Discontinuation,MYLAN-RISEDRONATE,"MYLAN PHARMACEUTICALS ULC",RISEDRONATE,"RISEDRONATE SODIUM",35MG,"30BT, 4BL",ORAL,Discontinued,TABLET,M05BA,"DRUGS AFFECTING BONE STRUCTURE AND MINERALIZATION",2017-11-01,2017-11-01,"Business reasons",2017-07-18,2017-11-02,No
16154,02282240,Discontinuation,MYLAN-RISPERIDONE,"MYLAN PHARMACEUTICALS ULC",RISPERIDONE,RISPERIDONE,0.25MG,100BT,ORAL,Discontinued,TABLET,N05AX,ANTIPSYCHOTICS,2018-02-01,2018-02-01,"Business reasons",2017-07-18,2018-02-15,No
16157,02282259,Discontinuation,MYLAN-RISPERIDONE,"MYLAN PHARMACEUTICALS ULC",RISPERIDONE,RISPERIDONE,0.50MG,100BT,ORAL,Discontinued,TABLET,N05AX,ANTIPSYCHOTICS,2018-02-01,2018-02-02,"Business reasons",2017-07-18,2018-02-15,No
16160,02282267,Discontinuation,MYLAN-RISPERIDONE,"MYLAN PHARMACEUTICALS ULC",RISPERIDONE,RISPERIDONE,1.0MG,100BT,ORAL,Discontinued,TABLET,N05AX,ANTIPSYCHOTICS,2017-09-07,,"Business reasons",2017-07-18,2017-09-08,No
16163,02282275,Discontinuation,MYLAN-RISPERIDONE,"MYLAN PHARMACEUTICALS ULC",RISPERIDONE,RISPERIDONE,2.0MG,100BT,ORAL,Discontinued,TABLET,N05AX,ANTIPSYCHOTICS,2017-10-02,2017-09-30,"Business reasons",2017-07-18,2017-10-03,No
16166,02282283,Discontinuation,MYLAN-RISPERIDONE,"MYLAN PHARMACEUTICALS ULC",RISPERIDONE,RISPERIDONE,3.0MG,100BT,ORAL,Discontinued,TABLET,N05AX,ANTIPSYCHOTICS,2017-10-02,2017-09-30,"Business reasons",2017-07-18,2017-10-03,No
16169,02282291,Discontinuation,MYLAN-RISPERIDONE,"MYLAN PHARMACEUTICALS ULC",RISPERIDONE,RISPERIDONE,4.0MG,100BT,ORAL,Discontinued,TABLET,N05AX,ANTIPSYCHOTICS,2017-10-02,2017-09-30,"Business reasons",2017-07-18,2017-10-03,No
149759,02413485,Discontinuation,"MYLAN-RISPERIDONE ODT","MYLAN PHARMACEUTICALS ULC",Risperidone,RISPERIDONE,0.5MG,100BT,ORAL,Discontinued,"TABLET (ORALLY DISINTEGRATING)",N05AX,ANTIPSYCHOTICS,2021-11-15,,"Business reasons",2021-11-23,2021-11-23,No
149762,02413493,Discontinuation,"MYLAN-RISPERIDONE ODT","MYLAN PHARMACEUTICALS ULC",RISPERIDONE,RISPERIDONE,1MG,100BT,ORAL,Discontinued,"TABLET (ORALLY DISINTEGRATING)",N05AX,ANTIPSYCHOTICS,2021-11-15,,"Business reasons",2021-11-23,2021-11-23,No
149765,02413507,Discontinuation,"MYLAN-RISPERIDONE ODT","MYLAN PHARMACEUTICALS ULC",RISPERIDONE,RISPERIDONE,2MG,100BT,ORAL,Discontinued,"TABLET (ORALLY DISINTEGRATING)",N05AX,ANTIPSYCHOTICS,2021-11-15,,"Business reasons",2021-11-23,2021-11-23,No
149768,02413515,Discontinuation,"MYLAN-RISPERIDONE ODT","MYLAN PHARMACEUTICALS ULC",RISPERIDONE,RISPERIDONE,3MG,100BT,ORAL,Discontinued,"TABLET (ORALLY DISINTEGRATING)",N05AX,ANTIPSYCHOTICS,2021-11-15,,"Business reasons",2021-11-23,2021-11-23,No
149771,02413523,Discontinuation,"MYLAN-RISPERIDONE ODT","MYLAN PHARMACEUTICALS ULC",RISPERIDONE,RISPERIDONE,4MG,100BT,ORAL,Discontinued,"TABLET (ORALLY DISINTEGRATING)",N05AX,ANTIPSYCHOTICS,2021-11-15,,"Business reasons",2021-11-23,2021-11-23,No
30342,02381273,Discontinuation,MYLAN-ROSUVASTATIN,"MYLAN PHARMACEUTICALS ULC",ROSUVASTATIN,ROSUVASTATIN,10MG,"30BL, 100BT, 500BT",ORAL,Discontinued,TABLET,C10AA,"LIPID MODIFYING AGENTS, PLAIN",2018-04-02,2018-06-01,"Business reasons",2017-11-23,2018-04-03,No
30350,02381303,Discontinuation,MYLAN-ROSUVASTATIN,"MYLAN PHARMACEUTICALS ULC",ROSUVASTATIN,ROSUVASTATIN,40MG,"30BL, 100BT",ORAL,Discontinued,TABLET,C10AA,"LIPID MODIFYING AGENTS, PLAIN",2018-05-01,2018-05-01,"Business reasons",2017-11-23,2018-05-02,No
30385,02381281,Discontinuation,MYLAN-ROSUVASTATIN,"MYLAN PHARMACEUTICALS ULC",ROSUVASTATIN,ROSUVASTATIN,20MG,"30BL, 100BT, 500BT",ORAL,Discontinued,TABLET,C10AA,"LIPID MODIFYING AGENTS, PLAIN",2018-07-03,2018-07-03,"Business reasons",2017-11-23,2018-07-04,No
44907,02381265,Discontinuation,MYLAN-ROSUVASTATIN,"MYLAN PHARMACEUTICALS ULC",ROSUVASTATIN,ROSUVASTATIN,5MG,"100 BT, 500 BT, 30 BL",ORAL,Discontinued,TABLET,C10AA,"LIPID MODIFYING AGENTS, PLAIN",2018-07-03,2018-07-03,"Business reasons",2018-04-04,2018-07-04,No
16054,02231036,Discontinuation,MYLAN-SELEGILINE,"MYLAN PHARMACEUTICALS ULC",SELEGILINE,"SELEGILINE HYDROCHLORIDE",5MG,60BT,ORAL,Discontinued,TABLET,N04BD,"DOPAMINERGIC AGENTS",2017-07-12,,"Business reasons",2017-07-17,2017-07-17,No
20295,02242520,Discontinuation,MYLAN-SERTRALINE,"MYLAN PHARMACEUTICALS ULC",SERTRALINE,SERTRALINE,50MG,"100BT, 500BT",ORAL,Discontinued,CAPSULE,N06AB,ANTIDEPRESSANTS,2018-03-01,2018-03-01,"Business reasons",2017-08-24,2018-03-02,No
30356,02242521,Discontinuation,MYLAN-SERTRALINE,"MYLAN PHARMACEUTICALS ULC",SERTRALINE,SERTRALINE,100MG,100BT,ORAL,Discontinued,CAPSULE,N06AB,ANTIDEPRESSANTS,2018-02-01,2018-02-01,"Business reasons",2017-11-23,2018-02-15,No
30397,02242519,Discontinuation,MYLAN-SERTRALINE,"MYLAN PHARMACEUTICALS ULC",SERTRALINE,SERTRALINE,25MG,100BT,ORAL,Discontinued,CAPSULE,N06AB,ANTIDEPRESSANTS,2018-02-01,2018-08-01,"Business reasons",2017-11-23,2018-02-15,No
94112,02246582,Discontinuation,MYLAN-SIMVASTATIN,"MYLAN PHARMACEUTICALS ULC",SIMVASTATIN,SIMVASTATIN,5MG,100BT,ORAL,Discontinued,TABLET,C10AA,"LIPID MODIFYING AGENTS, PLAIN",2019-09-17,,"Business reasons",2019-09-17,2019-09-18,No
94117,02246583,Discontinuation,MYLAN-SIMVASTATIN,"MYLAN PHARMACEUTICALS ULC",SIMVASTATIN,SIMVASTATIN,10MG,100BT,ORAL,Discontinued,TABLET,C10AA,"LIPID MODIFYING AGENTS, PLAIN",2019-09-17,,"Business reasons",2019-09-17,2019-09-18,No
94122,02246737,Discontinuation,MYLAN-SIMVASTATIN,"MYLAN PHARMACEUTICALS ULC",SIMVASTATIN,SIMVASTATIN,20MG,100BT,ORAL,Discontinued,TABLET,C10AA,"LIPID MODIFYING AGENTS, PLAIN",2019-09-17,,"Business reasons",2019-09-17,2019-09-18,No
94127,02246584,Discontinuation,MYLAN-SIMVASTATIN,"MYLAN PHARMACEUTICALS ULC",SIMVASTATIN,SIMVASTATIN,40MG,100BT,ORAL,Discontinued,TABLET,C10AA,"LIPID MODIFYING AGENTS, PLAIN",2019-09-17,,"Business reasons",2019-09-17,2019-09-18,No
94132,02246585,Discontinuation,MYLAN-SIMVASTATIN,"MYLAN PHARMACEUTICALS ULC",SIMVASTATIN,SIMVASTATIN,80MG,100BT,ORAL,Discontinued,TABLET,C10AA,"LIPID MODIFYING AGENTS, PLAIN",2019-09-17,,"Business reasons",2019-09-17,2019-09-18,No
51618,02376717,Discontinuation,MYLAN-TELMISARTAN,"MYLAN PHARMACEUTICALS ULC",TELMISARTAN,TELMISARTAN,40MG,"100 BT, 28 BL",ORAL,Discontinued,TABLET,C09CA,"ANGIOTENSIN II ANTAGONISTS, PLAIN",2018-08-10,2018-08-10,"Business reasons",2018-06-06,2018-08-11,No
51624,02376725,Discontinuation,MYLAN-TELMISARTAN,"MYLAN PHARMACEUTICALS ULC",TELMISARTAN,TELMISARTAN,80MG,"100 BT, 28 BL",ORAL,Discontinued,TABLET,C09CA,"ANGIOTENSIN II ANTAGONISTS, PLAIN",2018-08-10,2018-08-10,"Business reasons",2018-06-06,2018-08-11,No
6814,02373564,Discontinuation,"MYLAN-TELMISARTAN HCTZ","MYLAN PHARMACEUTICALS ULC","TELMISARTAN HCTZ","HYDROCHLOROTHIAZIDE; TELMISARTAN","12.5MG; 80MG","28 Blister and 100 Bottle",ORAL,Discontinued,TABLET,C09DA,"ANGIOTENSIN II ANTAGONISTS, COMBINATIONS",2017-04-12,,"Business reasons",2017-04-13,2017-04-13,No
6819,02373572,Discontinuation,"MYLAN-TELMISARTAN HCTZ","MYLAN PHARMACEUTICALS ULC","TELMISARTAN HCTZ","HYDROCHLOROTHIAZIDE; TELMISARTAN","25MG; 80MG","28 Blister and 100 Bottle",ORAL,Discontinued,TABLET,C09DA,"ANGIOTENSIN II ANTAGONISTS, COMBINATIONS",2017-04-12,,"Business reasons",2017-04-13,2017-04-13,No
155037,02404184,Discontinuation,"MYLAN-TOLTERODINE ER","MYLAN PHARMACEUTICALS ULC","TOLTERODINE TARTRATE CAPSULE","TOLTERODINE TARTRATE",2MG,"30BT, 100BT",ORAL,Discontinued,"CAPSULE (EXTENDED RELEASE)",G04BD,"OTHER UROLOGICALS, INCL ANTISPASMODICS",2022-02-14,,"Business reasons",2022-02-15,2022-02-15,No
155040,02404192,Discontinuation,"MYLAN-TOLTERODINE ER","MYLAN PHARMACEUTICALS ULC","TOLTERODINE TARTRATE","TOLTERODINE TARTRATE",4MG,"30BT, 100BT",ORAL,Discontinued,"CAPSULE (EXTENDED RELEASE)",G04BD,"OTHER UROLOGICALS, INCL ANTISPASMODICS",2022-02-14,,"Business reasons",2022-02-15,2022-02-15,No
6822,02425599,Discontinuation,MYLAN-TRAMADOL/ACET,"MYLAN PHARMACEUTICALS ULC",TRAMADOL/ACETAMINOPHEN,"TRAMADOL HYDROCHLORIDE; ACETAMINOPHEN","37.5MG; 325MG",100,ORAL,Discontinued,TABLET,N02AJ,,2017-04-12,,"Business reasons",2017-04-13,2018-02-15,No
20209,02383527,Discontinuation,MYLAN-VALSARTAN,"MYLAN PHARMACEUTICALS ULC",VALSARTAN,VALSARTAN,40MG,100BT,ORAL,Discontinued,TABLET,C09CA,"ANGIOTENSIN II ANTAGONISTS, PLAIN",2018-07-03,2018-07-03,"Business reasons",2017-08-24,2018-07-04,No
20217,02383551,Discontinuation,MYLAN-VALSARTAN,"MYLAN PHARMACEUTICALS ULC",VALSARTAN,VALSARTAN,320MG,100BT,ORAL,Discontinued,TABLET,C09CA,"ANGIOTENSIN II ANTAGONISTS, PLAIN",2018-07-03,2018-07-03,"Business reasons",2017-08-24,2018-07-04,No
20284,02383543,Discontinuation,MYLAN-VALSARTAN,"MYLAN PHARMACEUTICALS ULC",VALSARTAN,VALSARTAN,160MG,100BT,ORAL,Discontinued,TABLET,C09CA,"ANGIOTENSIN II ANTAGONISTS, PLAIN",2017-11-01,2017-11-01,"Business reasons",2017-08-24,2017-11-02,No
44919,02383535,Discontinuation,MYLAN-VALSARTAN,"MYLAN PHARMACEUTICALS ULC",VALSARTAN,VALSARTAN,80MG,"100 BT",ORAL,Discontinued,TABLET,C09CA,"ANGIOTENSIN II ANTAGONISTS, PLAIN",2018-07-03,2018-07-03,"Business reasons",2018-04-04,2018-07-04,No
6827,02373734,Discontinuation,"MYLAN-VALSARTAN HCTZ","MYLAN PHARMACEUTICALS ULC","VALSARTAN HCTZ","HYDROCHLOROTHIAZIDE; VALSARTAN","12.5MG; 80MG",100,ORAL,Discontinued,TABLET,C09DA,"ANGIOTENSIN II ANTAGONISTS, COMBINATIONS",2017-04-12,,"Business reasons",2017-04-13,2017-04-13,No
6833,02373742,Discontinuation,"MYLAN-VALSARTAN HCTZ","MYLAN PHARMACEUTICALS ULC","VALSARTAN HCTZ","HYDROCHLOROTHIAZIDE; VALSARTAN","12.5MG; 160MG",100,ORAL,Discontinued,TABLET,C09DA,"ANGIOTENSIN II ANTAGONISTS, COMBINATIONS",2017-04-12,,"Business reasons",2017-04-13,2017-04-13,No
6836,02373750,Discontinuation,"MYLAN-VALSARTAN HCTZ","MYLAN PHARMACEUTICALS ULC","VALSARTAN HCTZ","HYDROCHLOROTHIAZIDE; VALSARTAN","25MG; 160MG",100,ORAL,Discontinued,TABLET,C09DA,"ANGIOTENSIN II ANTAGONISTS, COMBINATIONS",2017-04-12,,"Business reasons",2017-04-13,2017-04-13,No
6841,02373769,Discontinuation,"MYLAN-VALSARTAN HCTZ","MYLAN PHARMACEUTICALS ULC","VALSARTAN HCTZ","HYDROCHLOROTHIAZIDE; VALSARTAN","12.5MG; 320MG",100,ORAL,Discontinued,TABLET,C09DA,"ANGIOTENSIN II ANTAGONISTS, COMBINATIONS",2017-04-12,,"Business reasons",2017-04-13,2017-04-13,No
6845,02373777,Discontinuation,"MYLAN-VALSARTAN HCTZ","MYLAN PHARMACEUTICALS ULC","VALSARTAN HCTZ","HYDROCHLOROTHIAZIDE; VALSARTAN","25MG; 320MG",100,ORAL,Discontinued,TABLET,C09DA,"ANGIOTENSIN II ANTAGONISTS, COMBINATIONS",2017-04-12,,"Business reasons",2017-04-13,2017-04-13,No
20259,02310279,Discontinuation,"MYLAN-VENLAFAXINE XR","MYLAN PHARMACEUTICALS ULC","VENLAFAXINE XR",VENLAFAXINE,37.5MG,100BT,ORAL,Discontinued,"CAPSULE (EXTENDED RELEASE)",N06AX,ANTIDEPRESSANTS,2018-02-01,2018-02-01,"Business reasons",2017-08-24,2018-02-15,No
20287,02310287,Discontinuation,"MYLAN-VENLAFAXINE XR","MYLAN PHARMACEUTICALS ULC","VENLAFAXINE XR",VENLAFAXINE,75MG,100BT,ORAL,Discontinued,"CAPSULE (EXTENDED RELEASE)",N06AX,ANTIDEPRESSANTS,2018-02-01,2018-02-01,"Business reasons",2017-08-24,2018-02-15,No
20306,02310295,Discontinuation,"MYLAN-VENLAFAXINE XR","MYLAN PHARMACEUTICALS ULC","VENLAFAXINE XR",VENLAFAXINE,150MG,100BT,ORAL,Discontinued,"CAPSULE (EXTENDED RELEASE)",N06AX,ANTIDEPRESSANTS,2018-07-03,2018-07-03,"Business reasons",2017-08-24,2018-07-04,No
224846,02237921,Discontinuation,MYLAN-VERAPAMIL,"MYLAN PHARMACEUTICALS ULC",Verapamil,"VERAPAMIL HYDROCHLORIDE",80MG,100BT,"ORAL; ORAL",Discontinued,TABLET,C08DA,"SELECTIVE CALC.CHANNEL BLOCK. W/DIRECT CARDIAC EFF",2024-04-11,,"Business reasons",2024-04-11,2024-04-12,No
51647,02369036,Discontinuation,MYLAN-ZOLMITRIPTAN,"MYLAN PHARMACEUTICALS ULC",ZOLMITRIPTAN,ZOLMITRIPTAN,2.5MG,"6 BL",ORAL,Discontinued,TABLET,N02CC,"ANTIMIGRAINE PREPARATIONS",2018-07-03,2018-07-03,"Business reasons",2018-06-06,2018-07-04,No
51653,02387158,Discontinuation,"MYLAN-ZOLMITRIPTAN ODT","MYLAN PHARMACEUTICALS ULC",ZOLMITRIPTAN,ZOLMITRIPTAN,2.5MG,"6 BL",ORAL,Discontinued,"TABLET (ORALLY DISINTEGRATING)",N02CC,"ANTIMIGRAINE PREPARATIONS",2018-07-03,2018-07-03,"Business reasons",2018-06-06,2018-07-04,No
48576,02296616,Discontinuation,MYLAN-ZOPICLONE,"MYLAN PHARMACEUTICALS ULC",ZOPICLONE,ZOPICLONE,5MG,100BT,ORAL,Discontinued,TABLET,N05CF,"HYPNOTICS AND SEDATIVES",2018-05-01,,"Business reasons",2018-05-04,2018-05-04,No
51665,02238596,Discontinuation,MYLAN-ZOPICLONE,"MYLAN PHARMACEUTICALS ULC",ZOPICLONE,ZOPICLONE,7.5MG,"100 BT, 500 BT",ORAL,Discontinued,TABLET,N05CF,"HYPNOTICS AND SEDATIVES",2018-07-03,2018-07-03,"Business reasons",2018-06-06,2018-07-04,No
86067,01927620,Discontinuation,MYOCHRYSINE,"SANOFI-AVENTIS CANADA INC","Myochrysine 10 mg","GOLD SODIUM THIOMALATE",10MG,"5 ampoules",INTRAMUSCULAR,Discontinued,SOLUTION,M01CB,"SPECIFIC ANTIRHEUMATIC AGENTS",2019-06-04,,"Other (Please describe in comments)",2019-06-10,2019-06-10,No
86070,01927612,Discontinuation,MYOCHRYSINE,"SANOFI-AVENTIS CANADA INC","Myochrysine 25mg","GOLD SODIUM THIOMALATE",25MG,"5 ampoules",INTRAMUSCULAR,Discontinued,SOLUTION,M01CB,"SPECIFIC ANTIRHEUMATIC AGENTS",2019-06-04,,"Other (Please describe in comments)",2019-06-10,2019-06-10,No
86073,01927604,Discontinuation,MYOCHRYSINE,"SANOFI-AVENTIS CANADA INC","Myochrysine 50mg","GOLD SODIUM THIOMALATE",50MG,"5 ampoules",INTRAMUSCULAR,Discontinued,SOLUTION,M01CB,"SPECIFIC ANTIRHEUMATIC AGENTS",2019-06-04,,"Other (Please describe in comments)",2019-06-10,2019-06-10,No
19858,02393034,Discontinuation,"NALOXONE HYDROCHLORIDE INJECTION","OMEGA LABORATORIES LTD","Naloxone Hydrochloride Injection","NALOXONE HYDROCHLORIDE",0.4MG,"1mL vial","INTRAMUSCULAR; INTRAVENOUS; SUBCUTANEOUS",Discontinued,SOLUTION,V03AB,"ALL OTHER THERAPEUTIC PRODUCTS",2017-08-18,2017-08-18,"Other (Please describe in comments)",2017-08-18,2017-08-19,No
232646,02162415,Discontinuation,NAPROSYN,"ATNAHS PHARMA UK LIMITED","Naproxen enteric-coated Tablets",NAPROXEN,375MG,100s,"ORAL; ORAL",Discontinued,"TABLET (ENTERIC-COATED)",M01AE,"ANTIINFLAMMATORY/ANTIRHEUMATIC PROD.,NON-STEROIDS",2024-07-31,,"Other (Please describe in comments)",2024-07-10,2024-08-01,No
230707,00590762,Discontinuation,"NAPROXEN - 250","PRO DOC LIMITEE",NAPROXEN,NAPROXEN,250MG,100,"ORAL; ORAL",Discontinued,TABLET,M01AE,"ANTIINFLAMMATORY/ANTIRHEUMATIC PROD.,NON-STEROIDS",2024-06-17,2024-12-31,"Business reasons",2024-06-17,2024-06-27,No
230716,00618721,Discontinuation,"NAPROXEN - 500","PRO DOC LIMITEE",NAPROXEN,NAPROXEN,500MG,500,"ORAL; ORAL",Discontinued,TABLET,M01AE,"ANTIINFLAMMATORY/ANTIRHEUMATIC PROD.,NON-STEROIDS",2024-06-17,2024-10-31,"Business reasons",2024-06-17,2024-06-27,No
71228,02385007,Discontinuation,"NAPROXEN SODIUM TABLETS","APOTEX INC","NAPROXEN TAB 220MG","NAPROXEN SODIUM",220MG,"100 BTL",ORAL,Discontinued,TABLET,M01AE,"ANTIINFLAMMATORY/ANTIRHEUMATIC PROD.,NON-STEROIDS",2018-09-20,,"Business reasons",2019-01-04,2019-01-04,No
230710,00655686,Discontinuation,NAPROXEN-375,"PRO DOC LIMITEE",NAPROXEN,NAPROXEN,375MG,100,"ORAL; ORAL",Discontinued,TABLET,M01AE,"ANTIINFLAMMATORY/ANTIRHEUMATIC PROD.,NON-STEROIDS",2024-06-17,2025-01-31,"Business reasons",2024-06-17,2024-06-27,No
56681,00887056,Discontinuation,NAPROXEN-NA,"PRO DOC LIMITEE",NAPROXEN,"NAPROXEN SODIUM",275MG,100,ORAL,Reversed,TABLET,M01AE,"ANTIINFLAMMATORY/ANTIRHEUMATIC PROD.,NON-STEROIDS",,,"Business reasons",2018-07-26,2019-06-25,No
260037,02229411,Discontinuation,NAROPIN,"ASPEN PHARMACARE CANADA INC.","ropivacaine HCl 2mg/mL 5x100mL SU Polybag®","ROPIVACAINE HYDROCHLORIDE",2MG,"5 PP Polybag","EPIDURAL; BLOCK/INFILTRATION; BLOCK/INFILTRATION; EPIDURAL",Reversed,SOLUTION,N01BB,"ANESTHETICS, LOCAL",2025-06-09,,"Business reasons",2025-06-10,2025-06-09,No
260981,02229411,Discontinuation,NAROPIN,"ASPEN PHARMACARE CANADA INC.","ropivacaine HCl 2mg/mL 5x100mL SU Polybag®","ROPIVACAINE HYDROCHLORIDE",2MG,"5 PP Polybag","EPIDURAL; BLOCK/INFILTRATION; BLOCK/INFILTRATION; EPIDURAL",Discontinued,SOLUTION,N01BB,"ANESTHETICS, LOCAL",2025-05-08,,"Business reasons",2025-06-23,2025-06-23,No
263320,02229411,Discontinuation,NAROPIN,"ASPEN PHARMACARE CANADA INC.","ropivacaine HCl 2mg/mL 5x200mL SU Polybag®","ROPIVACAINE HYDROCHLORIDE",2MG,"5 PP Polybag","EPIDURAL; BLOCK/INFILTRATION; BLOCK/INFILTRATION; EPIDURAL",Discontinued,SOLUTION,N01BB,"ANESTHETICS, LOCAL",2025-05-08,,"Business reasons",2025-07-22,2025-07-22,No
281211,02409011,Discontinuation,NAT-CITALOPRAM,"NATCO PHARMA (CANADA) INC",Citalopram,CITALOPRAM,20MG,"100 bottle","ORAL; ORAL",Discontinued,TABLET,N06AB,ANTIDEPRESSANTS,2024-02-10,,"Business reasons",2026-03-23,2026-03-23,No
281214,02409038,Discontinuation,NAT-CITALOPRAM,"NATCO PHARMA (CANADA) INC",Citalopram,CITALOPRAM,40MG,"30 UD BLS, 100BTL, 500BTL","ORAL; ORAL",Discontinued,TABLET,N06AB,ANTIDEPRESSANTS,2025-02-10,,"Business reasons",2026-03-23,2026-03-23,No
273383,02439557,Discontinuation,NAT-DONEPEZIL,"NATCO PHARMA (CANADA) INC",DONEPEZIL,"DONEPEZIL HYDROCHLORIDE",5MG,"100 BOTTLE","ORAL; ORAL",Discontinued,TABLET,N06DA,"ANTI-DEMENTIA DRUGS",2025-12-05,,"Business reasons",2025-12-05,2025-12-06,No
273387,02439565,Discontinuation,NAT-DONEPEZIL,"NATCO PHARMA (CANADA) INC",DONEPEZIL,"DONEPEZIL HYDROCHLORIDE",10MG,"100 BOTTLE","ORAL; ORAL",Discontinued,TABLET,N06DA,"ANTI-DEMENTIA DRUGS",2025-12-05,,"Business reasons",2025-12-05,2025-12-06,No
275276,02440296,Discontinuation,NAT-ESCITALOPRAM,"NATCO PHARMA (CANADA) INC",ESCITALOPRAM,ESCITALOPRAM,10MG,"100 BOTTLE","ORAL; ORAL",Discontinued,TABLET,N06AB,ANTIDEPRESSANTS,2026-01-05,,"Other (Please describe in comments)",2026-01-06,2026-01-06,No
275279,02440318,Discontinuation,NAT-ESCITALOPRAM,"NATCO PHARMA (CANADA) INC",ESCITALOPRAM,ESCITALOPRAM,20MG,"100 BOTTLE","ORAL; ORAL",Discontinued,TABLET,N06AB,ANTIDEPRESSANTS,2026-01-05,,"Other (Please describe in comments)",2026-01-06,2026-01-06,No
273390,02440202,Discontinuation,NAT-LEVETIRACETAM,"NATCO PHARMA (CANADA) INC",LEVETIRACETAM,LEVETIRACETAM,250MG,"120 BOTTLE","ORAL; ORAL",Discontinued,TABLET,N03AX,ANTIEPILEPTICS,2025-12-05,,"Business reasons",2025-12-05,2025-12-06,No
273434,02440210,Discontinuation,NAT-LEVETIRACETAM,"NATCO PHARMA (CANADA) INC",LEVETIRACETAM,LEVETIRACETAM,500MG,"120 BOTTLE","ORAL; ORAL",Discontinued,TABLET,N03AX,ANTIEPILEPTICS,2025-12-05,,"Business reasons",2025-12-05,2025-12-06,No
273437,02440229,Discontinuation,NAT-LEVETIRACETAM,"NATCO PHARMA (CANADA) INC",LEVETIRACETAM,LEVETIRACETAM,750MG,"120 BOTTLE","ORAL; ORAL",Discontinued,TABLET,N03AX,ANTIEPILEPTICS,2025-12-05,,"Business reasons",2025-12-05,2025-12-06,No
273440,02439549,Discontinuation,"NAT-OMEPRAZOLE DR","NATCO PHARMA (CANADA) INC",OMEPRAZOLE,OMEPRAZOLE,20MG,"100 & 500 BOTTLE","ORAL; ORAL",Discontinued,"TABLET (DELAYED-RELEASE)",A02BC,"DRUGS FOR PEPTIC ULCER AND GASTROESOPHAGEAL REFLUX DISEASE (GERD)",2025-12-05,,"Business reasons",2025-12-05,2025-12-06,No
273482,02439158,Discontinuation,NAT-QUETIAPINE,"NATCO PHARMA (CANADA) INC",QUETIAPINE,QUETIAPINE,25MG,"100 BOTTLE","ORAL; ORAL",Discontinued,"TABLET (IMMEDIATE RELEASE); TABLET",N05AH,ANTIPSYCHOTICS,2025-12-05,,"Business reasons",2025-12-05,2025-12-06,No
273489,02439166,Discontinuation,NAT-QUETIAPINE,"NATCO PHARMA (CANADA) INC",QUETIAPINE,QUETIAPINE,100MG,"100 BOTTLE","ORAL; ORAL",Discontinued,"TABLET (IMMEDIATE RELEASE); TABLET",N05AH,ANTIPSYCHOTICS,2025-12-05,,"Business reasons",2025-12-05,2025-12-06,No
273496,02439182,Discontinuation,NAT-QUETIAPINE,"NATCO PHARMA (CANADA) INC",QUETIAPINE,QUETIAPINE,200MG,"100 BOTTLE","ORAL; ORAL",Discontinued,"TABLET (IMMEDIATE RELEASE); TABLET",N05AH,ANTIPSYCHOTICS,2025-12-05,,"Business reasons",2025-12-05,2025-12-06,No
273501,02439190,Discontinuation,NAT-QUETIAPINE,"NATCO PHARMA (CANADA) INC",QUETIAPINE,QUETIAPINE,300MG,"100 BOTTLE","ORAL; ORAL",Discontinued,"TABLET (IMMEDIATE RELEASE); TABLET",N05AH,ANTIPSYCHOTICS,2025-12-05,,"Business reasons",2025-12-05,2025-12-06,No
281208,02439174,Discontinuation,NAT-QUETIAPINE,"NATCO PHARMA (CANADA) INC",QUETIAPINE,QUETIAPINE,150MG,"100 bottle","ORAL; ORAL",Discontinued,"TABLET (IMMEDIATE RELEASE); TABLET",N05AH,ANTIPSYCHOTICS,2025-12-05,,"Business reasons",2026-03-23,2026-03-23,No
32724,00024449,Discontinuation,"NAVANE CAP 5MG","ERFA CANADA 2012 INC",thiothixene,,,"bottle of 100",,Discontinued,,,,2017-12-12,,"Business reasons",2017-12-13,2018-04-04,No
95147,00195057,Discontinuation,"NEO-MEDROL ACNE LOTION","PFIZER CANADA ULC","Neo-Medrol Acne Lotion","SULFUR; METHYLPREDNISOLONE ACETATE; NEOMYCIN SULFATE; ALUMINUM CHLOROHYDRATE","50MG; 2.5MG; 2.5MG; 100MG","25 ML",TOPICAL,Discontinued,LOTION,D10AA,"ANTI-ACNE PREPARATIONS FOR TOPICAL USE",2020-04-01,2020-04-01,"Business reasons",2019-10-01,2020-04-13,No
141521,00195057,Discontinuation,"NEO-MEDROL ACNE LOTION","PFIZER CANADA ULC","NEO-MEDROL ACNE LOTION","ALUMINUM CHLOROHYDRATE; NEOMYCIN SULFATE; METHYLPREDNISOLONE ACETATE; SULFUR","100MG; 2.5MG; 2.5MG; 50MG",75ML,"TOPICAL; TOPICAL",Discontinued,LOTION,D10AA,"ANTI-ACNE PREPARATIONS FOR TOPICAL USE",2021-09-01,2021-09-01,"Business reasons",2021-06-25,2021-09-02,No
185181,02230593,Discontinuation,"NEOSTIGMINE OMEGA","OMEGA LABORATORIES LIMITED","Neostigmine Methylsulfate Injection USP","NEOSTIGMINE METHYLSULFATE",0.5MG,"10 x 1mL vial / fiole","SUBCUTANEOUS; INTRAVENOUS; INTRAMUSCULAR; SUBCUTANEOUS; INTRAVENOUS; INTRAMUSCULAR",Discontinued,LIQUID,N07AA,PARASYMPATHOMIMETICS,2023-02-20,,"Business reasons",2023-02-20,2023-02-21,No
8092,00587818,Discontinuation,"NERISONE OILY CREAM","GLAXOSMITHKLINE INC","Diflucortolone valerate oily cream","DIFLUCORTOLONE VALERATE",0.1%,30g,TOPICAL,Discontinued,CREAM,D07AC,"CORTICOSTEROIDS, PLAIN",2017-04-20,,"Business reasons",2017-04-25,2017-04-26,No
8096,00587818,Discontinuation,"NERISONE OILY CREAM","GLAXOSMITHKLINE INC","Diflucortolone valerate oily cream","DIFLUCORTOLONE VALERATE",0.1%,60g,TOPICAL,Discontinued,CREAM,D07AC,"CORTICOSTEROIDS, PLAIN",2017-04-20,,"Business reasons",2017-04-25,2017-04-26,No
4054,02262347,Discontinuation,NIASPAN,"SUNOVION PHARMACEUTICALS CANADA INC","Extended-release niacin","NICOTINIC ACID",500MG,30,ORAL,Discontinued,"TABLET (EXTENDED-RELEASE)",C10AD,"LIPID MODIFYING AGENTS, PLAIN",2017-03-31,,"Business reasons",2017-03-23,2017-04-03,No
4076,02262339,Discontinuation,NIASPAN,"SUNOVION PHARMACEUTICALS CANADA INC","Extended-release niacin","NICOTINIC ACID",1000MG,30,ORAL,Discontinued,"TABLET (EXTENDED-RELEASE)",C10AD,"LIPID MODIFYING AGENTS, PLAIN",2017-06-30,,"Business reasons",2017-03-23,2017-07-01,No
4078,02309262,Discontinuation,"NIASPAN FCT","SUNOVION PHARMACEUTICALS CANADA INC","Extended-release niacin","NICOTINIC ACID",750MG,90,ORAL,Discontinued,"TABLET (EXTENDED-RELEASE)",C10AD,"LIPID MODIFYING AGENTS, PLAIN",2017-05-31,,"Business reasons",2017-03-23,2017-06-01,No
89855,02309254,Discontinuation,"NIASPAN FCT","SUNOVION PHARMACEUTICALS CANADA INC","Extended-release niacin","NICOTINIC ACID",500MG,90,ORAL,Discontinued,"TABLET (EXTENDED-RELEASE)",C10AD,"LIPID MODIFYING AGENTS, PLAIN",2019-07-22,,"Manufacturing issues",2019-07-24,2019-07-24,No
90089,02309289,Discontinuation,"NIASPAN FCT","SUNOVION PHARMACEUTICALS CANADA INC","NICOTINIC ACID FCT","NICOTINIC ACID","1000 mg","90 Tablets",Oral,Discontinued,"Tablet (Extended-Release)",C10AD,"LIPID MODIFYING AGENTS, PLAIN",2019-07-22,,"Manufacturing issues",2019-07-29,2019-07-29,No
27583,02347113,Discontinuation,"NIASTASE RT","NOVO NORDISK CANADA INC","Eptacog Alfa (activated)","EPTACOG ALFA",1MG,"One vial of 1mg (50 KIU) per carton",INTRAVENOUS,Discontinued,"KIT; POWDER FOR SOLUTION",B02BD,"VITAMIN K AND OTHER HEMOSTATICS",2017-10-27,2017-10-27,"Business reasons",2017-10-31,2017-10-31,No
27590,02347121,Discontinuation,"NIASTASE RT","NOVO NORDISK CANADA INC","Eptacog Alfa (activated)","EPTACOG ALFA",2MG,"One vial of 2mg (100 KIU) per carton",INTRAVENOUS,Discontinued,"KIT; POWDER FOR SOLUTION",B02BD,"VITAMIN K AND OTHER HEMOSTATICS",2017-10-27,2017-10-27,"Business reasons",2017-10-31,2017-10-31,No
27606,02347148,Discontinuation,"NIASTASE RT","NOVO NORDISK CANADA INC","Eptacog Alfa (activated)","EPTACOG ALFA",5MG,"One vial of 5mg (250 KIU) per carton",INTRAVENOUS,Discontinued,"KIT; POWDER FOR SOLUTION",B02BD,"VITAMIN K AND OTHER HEMOSTATICS",2017-10-27,2017-10-27,"Business reasons",2017-10-31,2017-10-31,No
53333,02442930,Discontinuation,"NIFEDIPINE ER","SIVEM PHARMACEUTICALS ULC","NIFEDIPINE ER",NIFEDIPINE,30MG,30,ORAL,Discontinued,"TABLET (EXTENDED-RELEASE)",C08CA,"SELECTIVE CALC.CHANNEL BLOCK. W/MAINLY VASC. EFF.",2018-06-29,,"Business reasons",2018-06-29,2018-06-30,No
53336,02442930,Discontinuation,"NIFEDIPINE ER","SIVEM PHARMACEUTICALS ULC","NIFEDIPINE ER",NIFEDIPINE,30MG,100,ORAL,Discontinued,"TABLET (EXTENDED-RELEASE)",C08CA,"SELECTIVE CALC.CHANNEL BLOCK. W/MAINLY VASC. EFF.",2018-08-01,2018-08-01,"Business reasons",2018-06-29,2018-08-08,No
53339,02442949,Discontinuation,"NIFEDIPINE ER","SIVEM PHARMACEUTICALS ULC","NIFEDIPINE ER",NIFEDIPINE,60MG,30,ORAL,Discontinued,"TABLET (EXTENDED-RELEASE)",C08CA,"SELECTIVE CALC.CHANNEL BLOCK. W/MAINLY VASC. EFF.",2018-06-29,,"Business reasons",2018-06-29,2018-06-30,No
53343,02442949,Discontinuation,"NIFEDIPINE ER","SIVEM PHARMACEUTICALS ULC","NIFEDIPINE ER",NIFEDIPINE,60MG,100,ORAL,Discontinued,"TABLET (EXTENDED-RELEASE)",C08CA,"SELECTIVE CALC.CHANNEL BLOCK. W/MAINLY VASC. EFF.",2018-08-01,2018-08-01,"Business reasons",2018-06-29,2018-08-08,No
55116,02442930,Discontinuation,"NIFEDIPINE ER","SIVEM PHARMACEUTICALS ULC","NIFEDIPINE ER",NIFEDIPINE,30MG,30,ORAL,Discontinued,"TABLET (EXTENDED-RELEASE)",C08CA,"SELECTIVE CALC.CHANNEL BLOCK. W/MAINLY VASC. EFF.",2018-08-01,2018-09-04,"Business reasons",2018-07-10,2018-09-10,No
55119,02442949,Discontinuation,"NIFEDIPINE ER","SIVEM PHARMACEUTICALS ULC","NIFEDIPINE ER",NIFEDIPINE,60MG,100,ORAL,Discontinued,"TABLET (EXTENDED-RELEASE)",C08CA,"SELECTIVE CALC.CHANNEL BLOCK. W/MAINLY VASC. EFF.",2018-08-01,2018-08-16,"Business reasons",2018-07-10,2018-08-22,No
219232,02421631,Discontinuation,"NIFEDIPINE ER","PRO DOC LIMITEE","NIFEDIPINE ER",NIFEDIPINE,30MG,"30,100","ORAL; ORAL",Discontinued,"TABLET (EXTENDED-RELEASE)",C08CA,"SELECTIVE CALC.CHANNEL BLOCK. W/MAINLY VASC. EFF.",2024-01-30,,"Business reasons",2024-02-12,2024-02-12,No
43191,02276216,Discontinuation,"NIGHTTIME EXTRA STRENGTH CONTAC COLD & SORE THROAT","VALEANT CANADA LP/VALEANT CANADA S.E.C.","NIGHTTIME EXTRA STRENGTH CONTAC COLD & SORE THROAT","PHENYLEPHRINE HYDROCHLORIDE; CHLORPHENIRAMINE MALEATE; ACETAMINOPHEN","5MG; 2MG; 500MG",n/a,ORAL,Discontinued,TABLET,N02BE,"OTHER ANALGESICS AND ANTIPYRETICS",2017-07-01,,"Other (Please describe in comments)",2018-03-16,2018-03-16,No
43194,02276232,Discontinuation,"NIGHTTIME EXTRA STRENGTH CONTAC COMPLETE COUGH, COLD & FLU","VALEANT CANADA LP/VALEANT CANADA S.E.C.","NIGHTTIME EXTRA STRENGTH CONTAC COMPLETE COUGH, COLD & FLU","DEXTROMETHORPHAN HYDROBROMIDE; PHENYLEPHRINE HYDROCHLORIDE; CHLORPHENIRAMINE MALEATE; ACETAMINOPHEN","15MG; 5MG; 2MG; 500MG",n/a,ORAL,Discontinued,TABLET,N02BE,"OTHER ANALGESICS AND ANTIPYRETICS",2017-07-01,,"Other (Please describe in comments)",2018-03-16,2018-03-16,No
53867,00779806,Discontinuation,"NIODAN 500 MG TIME RELEASE TABLETS","ODAN LABORATORIES LTD","Niacin Time Release Tablets","NICOTINIC ACID",500MG,100,ORAL,Discontinued,"TABLET (EXTENDED-RELEASE)",C04AC,PERIPHERALVASODILATORS,2018-07-03,,"Business reasons",2018-07-03,2018-07-04,No
286860,02361736,Discontinuation,NIPRIDE,"PFIZER CANADA ULC",NIPRIDE,"SODIUM NITROPRUSSIDE",25MG,"1 X 2ML VIAL","INTRAVENOUS; INTRAVENOUS",Discontinued,SOLUTION,C02DD,"ARTERIOLARSMOOTH MUSCLE, AGENTS ACTING ON",2026-06-10,,"Business reasons",2026-06-10,2026-09-10,No
257216,02458616,Discontinuation,"NITISINONE TABLETS","CYCLE PHARMACEUTICALS LTD.","NITISINONE TABLETS 2MG",NITISINONE,2MG,60,"ORAL; ORAL","To be discontinued",TABLET,A16AX,"OTHER ALIMENTARY TRACT AND METABOLISM PRODUCTS",,2025-10-31,"Business reasons",2025-05-13,2025-05-13,No
257219,02458624,Discontinuation,"NITISINONE TABLETS","CYCLE PHARMACEUTICALS LTD.","NITISINONE TABLETS 5MG",NITISINONE,5MG,60,"ORAL; ORAL","To be discontinued",TABLET,A16AX,"OTHER ALIMENTARY TRACT AND METABOLISM PRODUCTS",,2025-10-31,"Business reasons",2025-05-13,2025-05-13,No
257222,02458632,Discontinuation,"NITISINONE TABLETS","CYCLE PHARMACEUTICALS LTD.","NITISINONE TABLETS 10MG",NITISINONE,10MG,60,"ORAL; ORAL","To be discontinued",TABLET,A16AX,"OTHER ALIMENTARY TRACT AND METABOLISM PRODUCTS",,2025-10-31,"Business reasons",2025-05-13,2025-05-13,No
56601,01926454,Discontinuation,NITROL,"PALADIN LABS INC",NITROL,NITROGLYCERIN,2%,60GR,TOPICAL,Discontinued,OINTMENT,C01DA,"VASODILATORS USED IN CARDIAC DISEASES",2018-07-23,,"Business reasons",2018-07-26,2018-07-26,No
137776,02397927,Discontinuation,NOCDURNA,"FERRING INC","Desmopressin Orally Disintegrating Tablet",DESMOPRESSIN,25MCG,"Blister of 10, 3 blisters per Carton for package of 30","SUBLINGUAL; SUBLINGUAL",Discontinued,"TABLET (ORALLY DISINTEGRATING)",H01BA,"POSTERIOR PITUITARY LOBE HORMONES",2021-04-29,2021-04-30,"Business reasons",2021-04-20,2021-04-30,No
142013,02431076,Discontinuation,NOCDURNA,"FERRING INC","Desmopressin Orally Disintegrating Tablet",DESMOPRESSIN,50MCG,"Blister of 10, 3 blisters per Carton for package of 30","SUBLINGUAL; SUBLINGUAL",Discontinued,"TABLET (ORALLY DISINTEGRATING)",H01BA,"POSTERIOR PITUITARY LOBE HORMONES",2021-07-31,2021-07-31,"Business reasons",2021-07-08,2021-11-18,No
170947,02048485,Discontinuation,"NOLVADEX-D TAB 20MG","ASTRAZENECA CANADA INC","tamoxifen citrate",TAMOXIFEN,20MG,"30 tablets","ORAL; ORAL",Discontinued,TABLET,L02BA,"HORMONE ANTAGONISTS AND RELATED AGENTS",2023-03-21,2023-03-21,"Business reasons",2022-10-03,2023-03-22,No
263399,02529181,Discontinuation,"NORDITROPIN FLEXPRO","NOVO NORDISK CANADA INC","Norditropin Flexpro 5mg",SOMATROPIN,5MG,EA,SUBCUTANEOUS,Discontinued,SOLUTION,H01AC,"ANTERIOR PITUITARY LOBE HORMONES AND ANALOGUES",2025-07-23,2025-07-23,"Business reasons",2025-07-23,2025-07-24,No
205624,00039500,Discontinuation,NORMOSOL-R,"ICU MEDICAL CANADA INC","Multiple Electrolytes Injection Type 1 USP pH 7.4","SODIUM GLUCONATE; SODIUM ACETATE; SODIUM CHLORIDE; MAGNESIUM CHLORIDE; POTASSIUM CHLORIDE","0.502G; 0.222G; 0.526G; 0.014G; 0.037G","1000 mL","INTRAVENOUS; INTRAVENOUS",Discontinued,SOLUTION,B05BB,"I.V. SOLUTIONS",2024-07-19,2024-05-31,"Business reasons",2023-10-02,2024-07-20,No
208273,00039500,Discontinuation,NORMOSOL-R,"ICU MEDICAL CANADA INC","Multiple Electrolytes Injection Type 1 USP","SODIUM GLUCONATE; SODIUM ACETATE; SODIUM CHLORIDE; MAGNESIUM CHLORIDE; POTASSIUM CHLORIDE","0.502G; 0.222G; 0.526G; 0.014G; 0.037G","1000 mL","INTRAVENOUS; INTRAVENOUS","To be discontinued",SOLUTION,B05BB,"I.V. SOLUTIONS",,2025-02-28,"Business reasons",2023-10-26,2023-10-27,No
129605,02223767,Discontinuation,NORPROLAC,"FERRING INC","Quinagolide Hydrochloride",QUINAGOLIDE,0.075MG,"30 tablets per carton","ORAL; ORAL",Discontinued,TABLET,G02CB,"OTHER GYNECOLOGICALS",2020-12-09,2020-12-02,"Business reasons",2020-12-04,2020-12-11,No
135529,02223775,Discontinuation,NORPROLAC,"FERRING INC","quinagolide hydrochloride",QUINAGOLIDE,0.15MG,"Blister packs of 30 tablets","ORAL; ORAL",Discontinued,TABLET,G02CB,"OTHER GYNECOLOGICALS",2021-06-02,2021-05-30,"Business reasons",2021-03-11,2021-06-03,No
140212,02223740,Discontinuation,NORPROLAC,"FERRING INC","quinagolide hydrochloride",QUINAGOLIDE,0.025MG,(3x25mcg),"ORAL; ORAL",Discontinued,TABLET,G02CB,"OTHER GYNECOLOGICALS",2021-06-02,2021-10-31,"Business reasons",2021-06-02,2021-06-03,No
140217,02223759,Discontinuation,NORPROLAC,"FERRING INC","quinagolide hydrochloride",QUINAGOLIDE,0.05MG,(3x50mcg),"ORAL; ORAL",Discontinued,TABLET,G02CB,"OTHER GYNECOLOGICALS",2021-06-02,2021-10-31,"Business reasons",2021-06-02,2021-06-03,No
76354,02229145,Discontinuation,NORVIR,"ABBVIE CORPORATION","Norvir Oral Solution",RITONAVIR,80MG,240mL,ORAL,Discontinued,SOLUTION,J05AE,"DIRECT ACTING ANTIVIRALS",2019-03-31,2019-03-31,"Business reasons",2019-02-20,2019-04-01,No
98371,02049481,Discontinuation,"NOVAHISTEX DH","SANOFI-AVENTIS CANADA INC","Novahistex DH","PHENYLEPHRINE HYDROCHLORIDE; HYDROCODONE BITARTRATE","20MG; 5MG",100ml,ORAL,Discontinued,SYRUP,R05DA,"COUGH SUPPRESSANTS EXCL. COMB. WITH EXPECTORANTS",2020-04-09,2020-03-31,"Business reasons",2019-11-11,2020-08-04,No
98374,02049481,Discontinuation,"NOVAHISTEX DH","SANOFI-AVENTIS CANADA INC","Novahistex DH","PHENYLEPHRINE HYDROCHLORIDE; HYDROCODONE BITARTRATE","20MG; 5MG",500ml,ORAL,Discontinued,SYRUP,R05DA,"COUGH SUPPRESSANTS EXCL. COMB. WITH EXPECTORANTS",2020-04-09,2020-03-31,"Business reasons",2019-11-11,2020-08-04,No
98377,02049473,Discontinuation,"NOVAHISTINE DH","SANOFI-AVENTIS CANADA INC","Novahistine DH","PHENYLEPHRINE HYDROCHLORIDE; HYDROCODONE BITARTRATE","10MG; 1.7MG",100ml,ORAL,Discontinued,SYRUP,R05DA,"COUGH SUPPRESSANTS EXCL. COMB. WITH EXPECTORANTS",2020-07-10,2020-06-30,"Business reasons",2019-11-11,2020-08-04,No
14046,00406716,Discontinuation,NOVAMOXIN,"TEVA CANADA LIMITED",AMOXICILLIN,AMOXICILLIN,500MG,"100 U/D",ORAL,Discontinued,CAPSULE,J01CA,"BETA-LACTAM ANTIBACTERIALS, PENICILLINS",2017-04-07,,"Business reasons",2017-06-27,2017-06-27,No
81316,00452130,Discontinuation,NOVAMOXIN,"TEVA CANADA LIMITED","AMOXICILLIN SUS",AMOXICILLIN,250MG,75ML,ORAL,Discontinued,"GRANULES FOR SUSPENSION",J01CA,"BETA-LACTAM ANTIBACTERIALS, PENICILLINS",2018-10-30,,"Business reasons",2019-04-11,2019-04-11,No
81321,02036347,Discontinuation,NOVAMOXIN,"TEVA CANADA LIMITED",AMOXICILLIN,AMOXICILLIN,125MG,100,ORAL,Discontinued,"TABLET (CHEWABLE)",J01CA,"BETA-LACTAM ANTIBACTERIALS, PENICILLINS",2018-10-30,,"Business reasons",2019-04-11,2019-04-11,No
81393,01934171,Discontinuation,NOVAMOXIN,"TEVA CANADA LIMITED",AMOXICILLIN,AMOXICILLIN,25MG,150ML,ORAL,Discontinued,"GRANULES FOR SUSPENSION",J01CA,"BETA-LACTAM ANTIBACTERIALS, PENICILLINS",2019-01-09,,"Business reasons",2019-04-11,2019-04-11,No
97251,02036347,Discontinuation,NOVAMOXIN,"TEVA CANADA LIMITED",AMOXICILLIN,AMOXICILLIN,125MG,100,ORAL,Discontinued,"TABLET (CHEWABLE)",J01CA,"BETA-LACTAM ANTIBACTERIALS, PENICILLINS",2019-10-25,,"Business reasons",2019-10-25,2019-10-26,No
104289,00406724,Discontinuation,NOVAMOXIN,"TEVA CANADA LIMITED","AMOXICILLIN 250mg CAPS",AMOXICILLIN,250MG,1000,ORAL,Discontinued,CAPSULE,J01CA,"BETA-LACTAM ANTIBACTERIALS, PENICILLINS",2020-01-23,,"Business reasons",2020-01-24,2020-01-24,No
63955,00216666,Discontinuation,NOVASEN,"TEVA CANADA LIMITED","ACETYLSALICYLIC ACID","ACETYLSALICYLIC ACID",325MG,100,ORAL,Discontinued,"TABLET (DELAYED-RELEASE)",N02BA,"OTHER ANALGESICS AND ANTIPYRETICS",2018-06-30,,"Business reasons",2018-10-12,2018-10-12,No
63959,00216666,Discontinuation,NOVASEN,"TEVA CANADA LIMITED","ACETYLSALICYLIC ACID","ACETYLSALICYLIC ACID",325MG,"UD 100",ORAL,Discontinued,"TABLET (DELAYED-RELEASE)",N02BA,"OTHER ANALGESICS AND ANTIPYRETICS",2018-06-30,,"Business reasons",2018-10-12,2018-10-12,No
63964,00229296,Discontinuation,NOVASEN,"TEVA CANADA LIMITED","ACETYLSALICYLIC ACID","ACETYLSALICYLIC ACID",650MG,100,ORAL,Discontinued,"TABLET (DELAYED-RELEASE)",N02BA,"OTHER ANALGESICS AND ANTIPYRETICS",2018-06-30,,"Business reasons",2018-10-12,2018-10-12,No
64920,00629340,Discontinuation,NOVO-PROFEN,"TEVA CANADA LIMITED",PROFEN,IBUPROFEN,400MG,50,ORAL,Discontinued,TABLET,M01AE,"ANTIINFLAMMATORY/ANTIRHEUMATIC PROD.,NON-STEROIDS",2018-08-31,,"Business reasons",2018-10-19,2018-10-19,No
81310,00629324,Discontinuation,NOVO-PROFEN,"TEVA CANADA LIMITED",IBUPROFEN,IBUPROFEN,200MG,50,ORAL,Discontinued,TABLET,M01AE,"ANTIINFLAMMATORY/ANTIRHEUMATIC PROD.,NON-STEROIDS",2018-10-30,,"Business reasons",2019-04-11,2019-04-11,No
240237,02025248,Discontinuation,"NOVOLIN GE 30/70 PENFILL","NOVO NORDISK CANADA INC","NOVOLIN GE 30/70 PENFILL","INSULIN ISOPHANE HUMAN BIOSYNTHETIC; INSULIN INJECTION HUMAN BIOSYNTHETIC","70UNIT; 30UNIT",5,"SUBCUTANEOUS; SUBCUTANEOUS",Discontinued,SUSPENSION,A10AD,"INSULINS AND ANALOGUES",2026-03-05,2025-12-31,"Business reasons",2024-10-15,2026-03-09,No
168714,02024314,Discontinuation,"NOVOLIN GE 40/60 PENFILL","NOVO NORDISK CANADA INC","NOVOLIN GE 40/60 PENFILL","INSULIN ISOPHANE HUMAN BIOSYNTHETIC; INSULIN INJECTION HUMAN BIOSYNTHETIC","60UNIT; 40UNIT",EA,"SUBCUTANEOUS; SUBCUTANEOUS",Discontinued,SUSPENSION,A10AD,"INSULINS AND ANALOGUES",2023-03-31,2023-03-31,"Business reasons",2022-09-07,2023-04-03,No
168747,02024322,Discontinuation,"NOVOLIN GE 50/50 PENFILL","NOVO NORDISK CANADA INC","NOVOLIN GE 50/50 PENFILL","INSULIN ISOPHANE HUMAN BIOSYNTHETIC; INSULIN INJECTION HUMAN BIOSYNTHETIC","50UNIT; 50UNIT",EA,"SUBCUTANEOUS; SUBCUTANEOUS",Discontinued,SUSPENSION,A10AD,"INSULINS AND ANALOGUES",2023-03-31,2023-03-31,"Business reasons",2022-09-07,2023-04-03,No
240234,02024268,Discontinuation,"NOVOLIN GE NPH PENFILL","NOVO NORDISK CANADA INC","NOVOLIN GE NPH PENFILL","INSULIN ISOPHANE HUMAN BIOSYNTHETIC",100UNIT,5,"SUBCUTANEOUS; SUBCUTANEOUS",Discontinued,SUSPENSION,A10AC,"INSULINS AND ANALOGUES",2026-03-13,2025-12-31,"Business reasons",2024-10-15,2026-06-05,No
240227,02024284,Discontinuation,"NOVOLIN GE TORONTO PENFILL","NOVO NORDISK CANADA INC","NOVOLIN GE TORONTO PENFILL","INSULIN INJECTION HUMAN BIOSYNTHETIC",100UNIT,5,"SUBCUTANEOUS; INTRAVENOUS; INTRAMUSCULAR; SUBCUTANEOUS; INTRAVENOUS; INTRAMUSCULAR",Discontinued,SOLUTION,A10AB,"INSULINS AND ANALOGUES",2026-03-20,2025-12-31,"Business reasons",2024-10-15,2026-06-05,No
182889,02377209,Discontinuation,NOVORAPID,"NOVO NORDISK CANADA INC","NOVORAPID FLEXTOUCH 100U 5X3ML","INSULIN ASPART",100UNIT,EA,"SUBCUTANEOUS; SUBCUTANEOUS",Discontinued,SOLUTION,A10AB,"INSULINS AND ANALOGUES",2023-08-16,2023-08-31,"Business reasons",2023-02-01,2023-08-17,No
249043,02530066,Discontinuation,NRA-FLECAINIDE,"NORA PHARMA INC",NRA-Flecainide,"FLECAINIDE ACETATE",50MG,100's,ORAL,Discontinued,TABLET,C01BC,"ANTIARRHYTHMICS, CLASS I AND III",2024-09-01,,"Business reasons",2025-01-29,2025-01-29,No
249046,02530074,Discontinuation,NRA-FLECAINIDE,"NORA PHARMA INC",NRA-Flecainide,"FLECAINIDE ACETATE",100MG,100's,ORAL,Discontinued,TABLET,C01BC,"ANTIARRHYTHMICS, CLASS I AND III",2024-09-01,,"Business reasons",2025-01-29,2025-01-29,No
253392,02469650,Discontinuation,NRA-TRAMADOL/ACET,"NORA PHARMA INC",NRA-Tramadol/Acet,"TRAMADOL HYDROCHLORIDE; ACETAMINOPHEN","37.5MG; 325MG",100's,ORAL,Discontinued,TABLET,N02AJ,OPIOIDS,2025-10-01,2025-07-01,"Business reasons",2025-03-25,2025-10-10,No
120671,02477351,Discontinuation,NRA-ZOPICLONE,"NORA PHARMA INC",ZOPICLONE,ZOPICLONE,3.75MG,100,"ORAL; ORAL",Discontinued,TABLET,N05CF,"HYPNOTICS AND SEDATIVES",2020-07-15,,"Business reasons",2020-07-20,2020-07-20,No
212755,02449781,Discontinuation,NUCALA,"GLAXOSMITHKLINE INC","Mepolizumab for Injection",MEPOLIZUMAB,100MG,1x10mL,"SUBCUTANEOUS; SUBCUTANEOUS",Discontinued,"POWDER FOR SOLUTION",R03DX,"OTHER SYSTEMIC DRUGS FOR OBSTRUCTIVE AIRWAY DISEASES",2023-12-06,,"Business reasons",2023-12-07,2023-12-07,No
91378,02230810,Discontinuation,"NUTRINEAL PD4","BAXTER CORPORATION","NUTRINEAL PD4","PHENYLALANINE; HISTIDINE; TRYPTOPHAN; LEUCINE; ARGININE; SODIUM LACTATE; THREONINE; ALANINE; MAGNESIUM CHLORIDE; CALCIUM CHLORIDE; SODIUM CHLORIDE; DL-METHIONINE; GLYCINE; PROLINE; TYROSINE; LYSINE; SERINE; VALINE; ISOLEUCINE","57MG; 71.4MG; 27MG; 102MG; 107.1MG; 448MG; 64.6MG; 95.1MG; 5.1MG; 18.4MG; 538MG; 85MG; 51MG; 59.5MG; 30MG; 95.5MG; 51MG; 139.3MG; 85MG","2.5 L",DIALYSIS,Discontinued,LIQUID,B05ZA,"HEMODIALYTICS AND HEMOFILTRATES",2020-06-01,2020-06-01,"Business reasons",2019-08-12,2020-06-02,No
91382,02230810,Discontinuation,"NUTRINEAL PD4","BAXTER CORPORATION","NUTRINEAL PD4","PHENYLALANINE; HISTIDINE; TRYPTOPHAN; LEUCINE; ARGININE; SODIUM LACTATE; THREONINE; ALANINE; MAGNESIUM CHLORIDE; CALCIUM CHLORIDE; SODIUM CHLORIDE; DL-METHIONINE; GLYCINE; PROLINE; TYROSINE; LYSINE; SERINE; VALINE; ISOLEUCINE","57MG; 71.4MG; 27MG; 102MG; 107.1MG; 448MG; 64.6MG; 95.1MG; 5.1MG; 18.4MG; 538MG; 85MG; 51MG; 59.5MG; 30MG; 95.5MG; 51MG; 139.3MG; 85MG","2 L",DIALYSIS,Discontinued,LIQUID,B05ZA,"HEMODIALYTICS AND HEMOFILTRATES",2020-06-01,2020-06-01,"Business reasons",2019-08-12,2020-06-02,No
91385,02230810,Discontinuation,"NUTRINEAL PD4","BAXTER CORPORATION","NUTRINEAL PD4","PHENYLALANINE; HISTIDINE; TRYPTOPHAN; LEUCINE; ARGININE; SODIUM LACTATE; THREONINE; ALANINE; MAGNESIUM CHLORIDE; CALCIUM CHLORIDE; SODIUM CHLORIDE; DL-METHIONINE; GLYCINE; PROLINE; TYROSINE; LYSINE; SERINE; VALINE; ISOLEUCINE","57MG; 71.4MG; 27MG; 102MG; 107.1MG; 448MG; 64.6MG; 95.1MG; 5.1MG; 18.4MG; 538MG; 85MG; 51MG; 59.5MG; 30MG; 95.5MG; 51MG; 139.3MG; 85MG","2.5 L Twinbag",DIALYSIS,Discontinued,LIQUID,B05ZA,"HEMODIALYTICS AND HEMOFILTRATES",2020-06-01,2020-06-01,"Business reasons",2019-08-12,2020-06-02,No
232079,02376393,Discontinuation,"NUTROPIN AQ NUSPIN 10","HOFFMANN-LA ROCHE LIMITED","NUTROPIN AQ NUSPIN",SOMATROPIN,10MG,"1 X 2ML CARTRIDGE","SUBCUTANEOUS; SUBCUTANEOUS",Discontinued,SOLUTION,H01AC,"ANTERIOR PITUITARY LOBE HORMONES AND ANALOGUES",2025-01-31,,"Business reasons",2024-07-03,2025-02-01,No
232086,02399083,Discontinuation,"NUTROPIN AQ NUSPIN 20","HOFFMANN-LA ROCHE LIMITED","NUTROPIN AQ NUSPIN",SOMATROPIN,20MG,"1 X 2ML CARTRIDGE","SUBCUTANEOUS; SUBCUTANEOUS",Discontinued,SOLUTION,H01AC,"ANTERIOR PITUITARY LOBE HORMONES AND ANALOGUES",2025-01-31,,"Business reasons",2024-07-03,2025-02-01,No
232071,02399091,Discontinuation,"NUTROPIN AQ NUSPIN 5","HOFFMANN-LA ROCHE LIMITED","NUTROPIN AQ NUSPIN",SOMATROPIN,5MG,"1 X 2ML CARTRIDGE","SUBCUTANEOUS; SUBCUTANEOUS",Discontinued,SOLUTION,H01AC,"ANTERIOR PITUITARY LOBE HORMONES AND ANALOGUES",2025-01-31,,"Business reasons",2024-07-03,2025-02-01,No
14451,02249002,Discontinuation,"NUTROPIN AQ PEN CARTRIDGE","HOFFMANN-LA ROCHE LIMITED","Somatropin (Nutropin)",SOMATROPIN,10MG,1,SUBCUTANEOUS,Discontinued,SOLUTION,H01AC,"ANTERIOR PITUITARY LOBE HORMONES AND ANALOGUES",2018-01-03,2017-10-31,"Business reasons",2017-06-30,2018-01-04,No
239427,00716901,Discontinuation,NYADERM,"TAROPHARMA, A DIVISION OF TARO PHARMACEUTICALS INC.",Nyaderm,NYSTATIN,25000UNIT,120g,"VAGINAL; VAGINAL",Discontinued,CREAM,G01AA,"ANTIINFECTIVES/ANTISEPT.,EXCL COMB WITH CORTICOST.",2024-10-04,,"Business reasons",2024-10-04,2024-10-05,No
6237,02413213,Discontinuation,OCPHYL,"PENDOPHARM DIVISION OF DE PHARMASCIENCE INC","OCPHYL 500mcg/mL PRFS 5X1mL",OCTREOTIDE,500MCG,"5x1mL PRFS","INTRAVENOUS; SUBCUTANEOUS",Reversed,SOLUTION,H01CB,"HYPOTHALAMIC HORMONES",2017-03-23,,"Manufacturing issues",2017-04-10,2017-04-10,No
138144,02024179,Discontinuation,"OCTOSTIM LIQ INJ. 15MCG/ML","FERRING INC","Desmopressin Acetate Injection","DESMOPRESSIN ACETATE",15MCG,"Cartons of 10 ampoules","INTRAVENOUS; SUBCUTANEOUS; INTRAVENOUS; SUBCUTANEOUS",Reversed,"LIQUID; SOLUTION",H01BA,"POSTERIOR PITUITARY LOBE HORMONES",2021-04-29,2021-04-30,"Business reasons",2021-04-27,2021-07-08,No
120203,02237860,Discontinuation,"OCTOSTIM SPRAY","FERRING INC","desmopressin acetate","DESMOPRESSIN ACETATE",150MCG,"2.5 ml bottles","NASAL; NASAL",Discontinued,SPRAY,H01BA,"POSTERIOR PITUITARY LOBE HORMONES",2020-07-14,2020-07-14,"Business reasons",2020-07-14,2020-07-15,No
284366,02503751,Discontinuation,"OCTREOTIDE FOR INJECTABLE SUSPENSION","TEVA CANADA LIMITED","OCTREOTIDE FOR INJECTABLE SUSPENSION",OCTREOTIDE,10MG,"8ml vial",INTRAMUSCULAR,Discontinued,"POWDER FOR SUSPENSION, SUSTAINED-RELEASE; KIT",H01CB,"HYPOTHALAMIC HORMONES",2026-05-05,2026-05-05,"Business reasons",2026-05-05,2026-05-06,No
284369,02503778,Discontinuation,"OCTREOTIDE FOR INJECTABLE SUSPENSION","TEVA CANADA LIMITED","OCTREOTIDE FOR INJECTABLE SUSPENSION",OCTREOTIDE,20MG,"8ml vial",INTRAMUSCULAR,Discontinued,"POWDER FOR SUSPENSION, SUSTAINED-RELEASE; KIT",H01CB,"HYPOTHALAMIC HORMONES",2026-05-05,2026-05-05,"Business reasons",2026-05-05,2026-05-06,No
284372,02503786,Discontinuation,"OCTREOTIDE FOR INJECTABLE SUSPENSION","TEVA CANADA LIMITED","OCTREOTIDE FOR INJECTABLE SUSPENSION",OCTREOTIDE,30MG,"8ml vial",INTRAMUSCULAR,Discontinued,"POWDER FOR SUSPENSION, SUSTAINED-RELEASE; KIT",H01CB,"HYPOTHALAMIC HORMONES",2026-05-05,2026-05-05,"Business reasons",2026-05-05,2026-05-06,No
143676,02242527,Discontinuation,"ODAN PROCTOMYXIN HC","ODAN LABORATORIES LTD","Odan Proctomycin HC ointment","ESCULIN; FRAMYCETIN SULFATE; DIBUCAINE HYDROCHLORIDE; HYDROCORTISONE","1%; 1%; 0.5%; 0.5%","30 g","RECTAL; RECTAL",Discontinued,OINTMENT,C05AA,"AGENTS FOR TREATMENT OF HEMORRHOIDS AND ANAL FISSURES FOR TOPICAL USE",2021-08-05,,"Business reasons",2021-08-05,2021-08-06,No
143679,02242528,Discontinuation,"ODAN PROCTOMYXIN HC SUPPOSITORIES","ODAN LABORATORIES LTD","Odan Proctomyxin suppositories","FRAMYCETIN SULFATE; HYDROCORTISONE; ESCULIN; DIBUCAINE HYDROCHLORIDE","10MG; 5MG; 10MG; 5MG",12,"RECTAL; RECTAL",Discontinued,SUPPOSITORY,C05AA,"AGENTS FOR TREATMENT OF HEMORRHOIDS AND ANAL FISSURES FOR TOPICAL USE",2021-08-05,,"Business reasons",2021-08-05,2021-08-06,No
126845,02495872,Discontinuation,ODAN-METHADONE,"ODAN LABORATORIES LTD","Methadone Hydrochloride Oral Concentrate, USP","METHADONE HYDROCHLORIDE",10MG,"1 L",ORAL,Reversed,SOLUTION,N07BC,"DRUGS USED IN ADDICTIVE DISORDERS",,,"Business reasons",2020-10-21,2020-12-31,No
126848,02495872,Discontinuation,ODAN-METHADONE,"ODAN LABORATORIES LTD","Methadone Hydrochloride Oral Concentrate, USP","METHADONE HYDROCHLORIDE",10MG,"1 L",ORAL,Discontinued,SOLUTION,N07BC,"DRUGS USED IN ADDICTIVE DISORDERS",2020-10-22,2020-10-22,"Business reasons",2020-10-21,2020-10-23,No
234118,02243722,Discontinuation,OESCLIM,"SEARCHLIGHT PHARMA INC",Oesclim,ESTRADIOL,25MCG,"8 patches","TRANSDERMAL; TRANSDERMAL",Discontinued,PATCH,G03CA,ESTROGENS,2023-01-01,2023-01-01,"Business reasons",2024-07-31,2024-08-19,No
234662,02243724,Discontinuation,OESCLIM,"SEARCHLIGHT PHARMA INC",Oesclim,ESTRADIOL,50MCG,"8 patches","TRANSDERMAL; TRANSDERMAL",Discontinued,PATCH,G03CA,ESTROGENS,2023-01-01,2023-01-01,"Business reasons",2024-08-06,2024-08-19,No
118553,02416522,Discontinuation,"OLANZAPINE FOR INJECTION","SANDOZ CANADA INCORPORATED","OLANZAPINE FOR INJECTION",OLANZAPINE,10MG,"I PSIJ","INTRAMUSCULAR; INTRAMUSCULAR",Discontinued,"POWDER FOR SOLUTION",N05AH,ANTIPSYCHOTICS,2020-06-19,,"Manufacturing issues",2020-06-22,2020-06-22,No
67948,00890960,Discontinuation,OLESTYR,"PHARMASCIENCE INC",OLESTYR,"CHOLESTYRAMINE RESIN",4G,30,ORAL,Discontinued,"POWDER FOR SUSPENSION",C10AC,"LIPID MODIFYING AGENTS, PLAIN",2018-11-29,,"Business reasons",2018-11-29,2018-11-30,No
47840,02385384,Discontinuation,OMEPRAZOLE,"SIVEM PHARMACEUTICALS ULC",OMEPRAZOLE,OMEPRAZOLE,20MG,100,ORAL,Discontinued,"CAPSULE (DELAYED RELEASE)",A02BC,"DRUGS FOR PEPTIC ULCER AND GASTROESOPHAGEAL REFLUX DISEASE (GERD)",2018-06-15,2018-06-15,"Business reasons",2018-05-01,2018-06-26,No
47843,02385384,Discontinuation,OMEPRAZOLE,"SIVEM PHARMACEUTICALS ULC",OMEPRAZOLE,OMEPRAZOLE,20MG,500,ORAL,Discontinued,"CAPSULE (DELAYED RELEASE)",A02BC,"DRUGS FOR PEPTIC ULCER AND GASTROESOPHAGEAL REFLUX DISEASE (GERD)",2018-06-15,2018-06-15,"Business reasons",2018-05-01,2018-06-26,No
182757,02172720,Discontinuation,"OMNIPAQUE 180","GE HEALTHCARE CANADA INC","iohexol injection USP",IOHEXOL,388MG,"20 mL","SUBARACHNOIDAL; SUBARACHNOIDAL",Discontinued,SOLUTION,V08AB,"X-RAY CONTRAST MEDIA, IODINATED",2023-02-21,2023-06-02,"Business reasons",2023-01-31,2023-02-22,No
182760,02172739,Discontinuation,"OMNIPAQUE 240","GE HEALTHCARE CANADA INC","iohexol injection USP",IOHEXOL,518MG,"200 mL","INTRAVASCULAR; SUBARACHNOIDAL; INTRAVASCULAR; SUBARACHNOIDAL",Discontinued,SOLUTION,V08AB,"X-RAY CONTRAST MEDIA, IODINATED",2023-03-17,2023-03-17,"Business reasons",2023-01-31,2023-03-18,No
182742,02172771,Discontinuation,OMNISCAN,"GE HEALTHCARE CANADA INC","gadodiamide injection",GADODIAMIDE,287MG,"5 mL","INTRAVENOUS; INTRAVENOUS",Discontinued,SOLUTION,V08CA,"MAGNETIC RESONANCE IMAGING CONTRAST MEDIA",2023-03-24,2023-05-05,"Business reasons",2023-01-31,2023-03-25,No
163678,02376938,Discontinuation,"ONBREZ BREEZHALER","NOVARTIS PHARMACEUTICALS CANADA INC","ONBREZ  BREEZHALER",INDACATEROL,75MCG,"1X 10","INHALATION; INHALATION",Discontinued,CAPSULE,R03AC,"ADRENERGICS, INHALANTS",2022-07-01,2022-07-01,"Business reasons",2022-06-29,2022-07-14,No
163682,02376938,Discontinuation,"ONBREZ BREEZHALER","NOVARTIS PHARMACEUTICALS CANADA INC","ONBREZ BREEZHALER",INDACATEROL,75MCG,"3 X 10","INHALATION; INHALATION",Discontinued,CAPSULE,R03AC,"ADRENERGICS, INHALANTS",2022-07-01,2022-07-01,"Business reasons",2022-06-29,2022-07-14,No
160318,02390051,Discontinuation,"ONDANSETRON INJECTION, USP","MYLAN PHARMACEUTICALS ULC","ONDANSETRON INJECTION, USP",ONDANSETRON,2MG,"20ML 1VL","INTRAVENOUS; INTRAVENOUS",Discontinued,"SOLUTION; SOLUTION",A04AA,"ANTIEMETICS AND ANTINAUSEANTS",2022-05-09,,"Business reasons",2022-05-11,2022-05-11,No
160323,02390019,Discontinuation,"ONDANSETRON INJECTION, USP","MYLAN PHARMACEUTICALS ULC","ONDANSETRON INJECTION, USP",ONDANSETRON,2MG,"2ML 5VL, 4ML 5VL","INTRAVENOUS; INTRAVENOUS",Discontinued,SOLUTION,A04AA,"ANTIEMETICS AND ANTINAUSEANTS",2022-05-09,,"Business reasons",2022-05-11,2022-05-11,No
2134,02271761,Discontinuation,"ONDANSETRON OMEGA   -(PRESERVATIVE FREE - SINGLE DOSE VIALS)","OMEGA LABORATORIES LTD","Ondansetron Hydrochloride Dihydrate",ONDANSETRON,2MG,"2mL and 4mL",INTRAVENOUS,Reversed,LIQUID,A04AA,"ANTIEMETICS AND ANTINAUSEANTS",2009-01-01,,"Business reasons",2017-03-14,2017-03-14,No
2137,02271788,Discontinuation,"ONDANSETRON OMEGA   -(WITH PRESERVATIVE - MULTIDOSE VIAL)","OMEGA LABORATORIES LTD","Ondansetron Hydrochloride Dihydrate",ONDANSETRON,2MG,"20mL vial",INTRAVENOUS,Reversed,LIQUID,A04AA,"ANTIEMETICS AND ANTINAUSEANTS",2009-11-26,,"Business reasons",2017-03-14,2017-03-14,No
164803,02467135,Discontinuation,ONIVYDE,"SERVIER CANADA INC",Irinotecan,IRINOTECAN,4.3MG,43mg/10mL,"INTRAVENOUS; INTRAVENOUS",Reversed,SUSPENSION,L01CE,,,,"Business reasons",2022-07-18,2023-01-25,No
281379,02467135,Discontinuation,ONIVYDE,"IPSEN BIOPHARMACEUTICALS CANADA INC","Irinotecan liposome for injection",IRINOTECAN,4.3MG,"10 mL vial","INTRAVENOUS; INTRAVENOUS",Discontinued,SUSPENSION,L01CE,,2026-03-27,,"Business reasons",2026-03-25,2026-04-09,No
135410,02230621,Discontinuation,OPTICROM,"ALLERGAN INC",Opticrom,"CROMOLYN SODIUM",2%,"5ml  / 10ml","OPHTHALMIC; OPHTHALMIC",Discontinued,SOLUTION,S01GX,"DECONGESTANTS AND ANTIALLERGICS",2021-02-24,,"Business reasons",2021-03-10,2021-03-10,No
8842,02242986,Discontinuation,OPTIMARK,"LIEBEL-FLARSHEIM CANADA INC","GADOVERSETAMIDE INJECTION",GADOVERSETAMIDE,330.9MG,"5, 10, 15, 20mL vials",INTRAVENOUS,Discontinued,SOLUTION,V08CA,"MAGNETIC RESONANCE IMAGING CONTRAST MEDIA",2018-03-23,2017-12-31,"Business reasons",2017-05-03,2018-03-28,No
121834,00313815,Discontinuation,ORAP,"AA PHARMA INC","PIMOZIDE tablet",PIMOZIDE,2MG,100,ORAL,Discontinued,TABLET,N05AG,ANTIPSYCHOTICS,2017-07-28,,"Business reasons",2020-08-06,2020-08-06,No
121837,00313823,Discontinuation,ORAP,"AA PHARMA INC",PIMOZIDE,PIMOZIDE,4MG,100,ORAL,Discontinued,TABLET,N05AG,ANTIPSYCHOTICS,2017-07-28,,"Business reasons",2020-08-06,2020-08-06,No
108373,02236783,Discontinuation,ORCIPRENALINE,"AA PHARMA INC",ORCIPRENALINE,"ORCIPRENALINE SULFATE",2MG,250ML,ORAL,Discontinued,SYRUP,R03CB,"ADRENERGICS FOR SYSTEMIC USE",2020-03-10,,"Business reasons",2020-03-10,2020-03-11,No
8197,00317047,Discontinuation,"ORTHO 0.5/35 TABLETS (21 DAY)","JANSSEN INC","ORTHO Novum","ETHINYL ESTRADIOL; NORETHINDRONE",".035MG; .5MG",1x12,ORAL,Discontinued,TABLET,G03AA,"HORMONAL CONTRACEPTIVES FOR SYSTEMIC USE",2017-09-30,2017-09-30,"Business reasons",2017-04-27,2017-10-01,No
8191,00340731,Discontinuation,"ORTHO 0.5/35 TABLETS (28 DAY)","JANSSEN INC","ORTHO Novum","ETHINYL ESTRADIOL; NORETHINDRONE","0.035MG; 0.5MG",1x12,ORAL,Discontinued,TABLET,G03AA,"HORMONAL CONTRACEPTIVES FOR SYSTEMIC USE",2017-09-01,2017-09-01,"Business reasons",2017-04-27,2017-09-02,No
8194,00372846,Discontinuation,"ORTHO 1/35 TABLETS (21 DAY)","JANSSEN INC","ORTHO Novum","ETHINYL ESTRADIOL; NORETHINDRONE",".035MG; 1MG",1x12,ORAL,Discontinued,TABLET,G03AA,"HORMONAL CONTRACEPTIVES FOR SYSTEMIC USE",2017-09-30,2017-09-30,"Business reasons",2017-04-27,2017-10-01,No
8202,00372838,Discontinuation,"ORTHO 1/35 TABLETS (28 DAY)","JANSSEN INC","ORTHO Novum","ETHINYL ESTRADIOL; NORETHINDRONE",".035MG; 1MG",1x12,ORAL,Discontinued,TABLET,G03AA,"HORMONAL CONTRACEPTIVES FOR SYSTEMIC USE",2017-09-01,2017-09-01,"Business reasons",2017-04-27,2017-09-02,No
8209,00602957,Discontinuation,"ORTHO 7/7/7 TABLETS (21 DAY)","JANSSEN INC","ORTHO Novum","ETHINYL ESTRADIOL; ETHINYL ESTRADIOL; ETHINYL ESTRADIOL; NORETHINDRONE; NORETHINDRONE; NORETHINDRONE","0.035MG; 0.035MG; 0.035MG; 0.5MG; 0.75MG; 1MG",1x12,ORAL,Discontinued,TABLET,G03AB,"HORMONAL CONTRACEPTIVES FOR SYSTEMIC USE",2017-09-30,2017-09-30,"Business reasons",2017-04-27,2017-10-01,No
8214,00602965,Discontinuation,"ORTHO 7/7/7 TABLETS (28 DAY)","JANSSEN INC","ORTHO Novum","ETHINYL ESTRADIOL; ETHINYL ESTRADIOL; ETHINYL ESTRADIOL; NORETHINDRONE; NORETHINDRONE; NORETHINDRONE","0.035MG; 0.035MG; 0.035MG; 0.5MG; 0.75MG; 1MG",1x12,ORAL,Discontinued,TABLET,G03AB,"HORMONAL CONTRACEPTIVES FOR SYSTEMIC USE",2017-09-01,2017-09-01,"Business reasons",2017-04-27,2017-09-02,No
56588,02301911,Discontinuation,OSTO-D2,"PALADIN LABS INC",OSTO-D2,"VITAMIN D2",50000UNIT,100,ORAL,Discontinued,CAPSULE,A11CC,"VIT A AND D, INCL COMBINATIONS OF THE TWO",2018-07-23,,"Business reasons",2018-07-26,2018-07-26,No
234791,02485613,Discontinuation,OXERVATE,"DOMPÉ FARMACEUTICI S.P.A.",CENEGERMIN,CENEGERMIN,0.002%,"7 X 1 ML OXERVATE MULTIDOSE GLASS VIALS",OPHTHALMIC,Discontinued,SOLUTION,S01XA,,2024-07-17,,"Business reasons",2024-08-08,2024-08-08,No
264958,02350238,Discontinuation,OXYBUTYNIN,"SANIS HEALTH INC",OXYBUTYNIN,"OXYBUTYNIN CHLORIDE",5MG,100,"ORAL; ORAL",Discontinued,TABLET,G04BD,"OTHER UROLOGICALS, INCL ANTISPASMODICS",2025-10-11,,"Business reasons",2025-08-11,2025-10-12,No
264961,02350238,Discontinuation,OXYBUTYNIN,"SANIS HEALTH INC",OXYBUTYNIN,"OXYBUTYNIN CHLORIDE",5MG,500,"ORAL; ORAL",Discontinued,TABLET,G04BD,"OTHER UROLOGICALS, INCL ANTISPASMODICS",2025-08-11,,"Business reasons",2025-08-11,2025-08-12,No
30127,02220636,Discontinuation,"OXYBUTYNINE-5  -  TAB 5MG","PRO DOC LIMITEE",OXYBUTYNINE,"OXYBUTYNIN CHLORIDE",5MG,500,ORAL,Discontinued,TABLET,G04BD,"OTHER UROLOGICALS, INCL ANTISPASMODICS",2017-11-22,,"Business reasons",2017-11-22,2017-11-23,No
93993,02325950,Discontinuation,OXYCODONE,"PRO DOC LIMITEE",OXYCODONE,"OXYCODONE HYDROCHLORIDE",5MG,100,ORAL,Discontinued,TABLET,N02AA,OPIOIDS,2019-11-01,,"Business reasons",2019-09-16,2019-11-02,No
93996,02325969,Discontinuation,OXYCODONE,"PRO DOC LIMITEE",OXYCODONE,"OXYCODONE HYDROCHLORIDE",10MG,100,ORAL,Discontinued,TABLET,N02AA,OPIOIDS,2019-11-01,,"Business reasons",2019-09-16,2019-11-02,No
93999,02325977,Discontinuation,OXYCODONE,"PRO DOC LIMITEE",OXYCODONE,"OXYCODONE HYDROCHLORIDE",20MG,100,ORAL,Discontinued,TABLET,N02AA,OPIOIDS,2019-11-01,,"Business reasons",2019-09-16,2019-11-02,No
89917,02327171,Discontinuation,OXYCODONE-ACET,"PRO DOC LIMITEE",OXYCODONE-ACET,"ACETAMINOPHEN; OXYCODONE HYDROCHLORIDE","325MG; 5MG",100,ORAL,Discontinued,TABLET,N02AJ,OPIOIDS,2019-11-01,,"Business reasons",2019-07-24,2019-11-02,No
111527,02361361,Discontinuation,OXYCODONE/ACET,"SANIS HEALTH INC",OXYCODONE/ACET,"OXYCODONE HYDROCHLORIDE; ACETAMINOPHEN","5MG; 325MG",100,"ORAL; ORAL",Discontinued,TABLET,N02AJ,OPIOIDS,2020-06-08,2020-11-15,"Business reasons",2020-04-08,2020-06-09,No
111531,02361361,Discontinuation,OXYCODONE/ACET,"SANIS HEALTH INC",OXYCODONE/ACET,"OXYCODONE HYDROCHLORIDE; ACETAMINOPHEN","5MG; 325MG",500,"ORAL; ORAL",Discontinued,TABLET,N02AJ,OPIOIDS,2020-06-08,2020-07-16,"Business reasons",2020-04-08,2020-06-09,No
172631,02254735,Discontinuation,OXYTROL,"ALLERGAN INC","OXYBUTYNIN TRANSDERMAL SYSTEM",OXYBUTYNIN,3.9MG,8s,"TRANSDERMAL; TRANSDERMAL",Discontinued,PATCH,G04BD,"OTHER UROLOGICALS, INCL ANTISPASMODICS",2022-10-25,2022-10-25,"Business reasons",2022-10-26,2022-11-14,No
15446,02296624,Discontinuation,"PACLITAXEL FOR INJECTION","HOSPIRA HEALTHCARE CORPORATION",Paclitaxel,PACLITAXEL,6MG,"5mL & 16.7mL & 50mL",INTRAVENOUS,Discontinued,SOLUTION,L01CD,"PLANT ALKALOIDS AND OTHER NATURAL PRODUCTS",2018-01-31,,"Business reasons",2017-07-11,2018-02-01,No
290683,02246599,Discontinuation,"PAMIDRONATE DISODIUM FOR INJECTION","FRESENIUS KABI CANADA LTD","PAMIDRONATE DISODIUM FOR INJECTION","PAMIDRONATE DISODIUM",9MG,"10 mL","INTRAVENOUS; INTRAVENOUS","To be discontinued",SOLUTION,M05BA,"DRUGS AFFECTING BONE STRUCTURE AND MINERALIZATION",,2026-11-30,"Business reasons",2026-08-05,2026-08-05,No
226355,01926292,Discontinuation,PANECTYL,"SEARCHLIGHT PHARMA INC",PANECTYL,TRIMEPRAZINE,5MG,100,"ORAL; ORAL","To be discontinued",TABLET,R06AD,"ANTIHISTAMINES FOR SYSTEMIC USE",,2024-09-30,"Business reasons",2024-04-26,2024-04-26,No
226633,01926306,Discontinuation,PANECTYL,"SEARCHLIGHT PHARMA INC",PANECTYL,TRIMEPRAZINE,2.5MG,100,"ORAL; ORAL",Discontinued,"TABLET; TABLET",R06AD,"ANTIHISTAMINES FOR SYSTEMIC USE",2024-09-30,2024-09-30,"Business reasons",2024-04-30,2024-10-01,No
2969,02239616,Discontinuation,"PANTO IV","TAKEDA CANADA INC","Pantoprazole sodium",PANTOPRAZOLE,40MG,"1 vial x 10",INTRAVENOUS,Discontinued,"POWDER FOR SOLUTION",A02BC,"DRUGS FOR PEPTIC ULCER AND GASTROESOPHAGEAL REFLUX DISEASE (GERD)",2017-03-13,,"Business reasons",2017-03-15,2017-03-15,No
11989,02385740,Discontinuation,PANTOPRAZOLE,"SIVEM PHARMACEUTICALS ULC",PANTOPRAZOLE,PANTOPRAZOLE,20MG,100,ORAL,Discontinued,"TABLET (DELAYED-RELEASE)",A02BC,"DRUGS FOR PEPTIC ULCER AND GASTROESOPHAGEAL REFLUX DISEASE (GERD)",2017-06-06,,"Business reasons",2017-06-06,2017-06-07,No
11994,02385759,Discontinuation,PANTOPRAZOLE,"SIVEM PHARMACEUTICALS ULC",PANTOPRAZOLE,PANTOPRAZOLE,40MG,100,ORAL,Discontinued,"TABLET (DELAYED-RELEASE)",A02BC,"DRUGS FOR PEPTIC ULCER AND GASTROESOPHAGEAL REFLUX DISEASE (GERD)",2017-06-06,,"Business reasons",2017-06-06,2017-06-07,No
11997,02385759,Discontinuation,PANTOPRAZOLE,"SIVEM PHARMACEUTICALS ULC",PANTOPRAZOLE,PANTOPRAZOLE,40MG,500,ORAL,Discontinued,"TABLET (DELAYED-RELEASE)",A02BC,"DRUGS FOR PEPTIC ULCER AND GASTROESOPHAGEAL REFLUX DISEASE (GERD)",2017-06-06,,"Business reasons",2017-06-06,2017-06-07,No
291257,02352214,Discontinuation,"PANTOPRAZOLE FOR INJECTION","FRESENIUS KABI CANADA LTD","PANTOPRAZOLE FOR INJECTION",PANTOPRAZOLE,40MG,"40 mg","INTRAVENOUS; INTRAVENOUS","To be discontinued","POWDER FOR SOLUTION",A02BC,"DRUGS FOR PEPTIC ULCER AND GASTROESOPHAGEAL REFLUX DISEASE (GERD)",,2027-02-15,"Business reasons",2026-08-12,2026-08-12,No
241520,02306727,Discontinuation,"PANTOPRAZOLE SODIUM FOR INJECTION","SANDOZ CANADA INCORPORATED","PANTOPRAZOLE SODIUM FOR INJECTION",PANTOPRAZOLE,40MG,10LYVI,"INTRAVENOUS; INTRAVENOUS",Discontinued,"POWDER FOR SOLUTION",A02BC,"DRUGS FOR PEPTIC ULCER AND GASTROESOPHAGEAL REFLUX DISEASE (GERD)",2024-10-28,,"Manufacturing issues",2024-10-29,2024-10-29,No
270365,02466147,Discontinuation,"PANTOPRAZOLE T","SANIS HEALTH INC","PANTOPRAZOLE T",PANTOPRAZOLE,40MG,100,"ORAL; ORAL",Discontinued,"TABLET (DELAYED-RELEASE)",A02BC,"DRUGS FOR PEPTIC ULCER AND GASTROESOPHAGEAL REFLUX DISEASE (GERD)",2025-10-27,,"Business reasons",2025-10-27,2025-10-28,No
76230,02388235,Discontinuation,PAROXETINE,"SIVEM PHARMACEUTICALS ULC",PAROXETINE,PAROXETINE,20MG,30,ORAL,Discontinued,TABLET,N06AB,ANTIDEPRESSANTS,2019-07-19,2019-07-15,"Business reasons",2019-02-18,2019-07-20,No
224405,02027887,Discontinuation,"PAXIL TAB 10MG","GLAXOSMITHKLINE INC","Paroxetine Tablets",PAROXETINE,10MG,"All pack sizes / Tous les formats","ORAL; ORAL",Discontinued,TABLET,N06AB,ANTIDEPRESSANTS,2025-03-31,2025-03-31,"Business reasons",2024-04-05,2025-04-01,No
224430,01940473,Discontinuation,"PAXIL TAB 30MG","GLAXOSMITHKLINE INC","Paroxetine Tablets",PAROXETINE,30MG,"All pack sizes / Tous les formats","ORAL; ORAL",Discontinued,TABLET,N06AB,ANTIDEPRESSANTS,2026-02-18,,"Business reasons",2024-04-05,2026-02-20,No
280886,02527804,Discontinuation,PAXLOVID,"PFIZER CANADA ULC","PAXLOVID (FOR MODERATE RENAL IMPAIRMENT)","NIRMATRELVIR; RITONAVIR","150MG; 100MG",Blisters,ORAL,Discontinued,TABLET,J05AE,,2026-03-16,2026-03-16,"Business reasons",2026-03-20,2026-03-20,No
13516,00769991,Discontinuation,PCE,"AMDIPHARM LIMITED","erythromycin tablets",ERYTHROMYCIN,333MG,All,ORAL,Discontinued,TABLET,J01FA,"MACROLIDES, LINCOSAMIDES AND STREPTOGRAMINS",2017-06-20,,"Business reasons",2017-06-21,2017-06-21,No
287776,01912755,Discontinuation,PDP-ERYTHROMYCIN,"PENDOPHARM DIVISION OF PHARMASCIENCE INC","pdp-ERYTHROMYCIN 5mg/g OINT OPH 50X1g UD",ERYTHROMYCIN,5MG,50x1g,"OPHTHALMIC; OPHTHALMIC",Discontinued,OINTMENT,S01AA,ANTIINFECTIVES,2026-06-22,2026-06-22,"Business reasons",2026-06-22,2026-06-25,No
288821,01912755,Discontinuation,PDP-ERYTHROMYCIN,"PENDOPHARM DIVISION OF PHARMASCIENCE INC","pdp-ERYTHROMYCIN 5mg/g OINT OPHT 3.5g",ERYTHROMYCIN,5MG,3.5g,"OPHTHALMIC; OPHTHALMIC",Discontinued,OINTMENT,S01AA,ANTIINFECTIVES,2026-07-09,2026-07-09,"Business reasons",2026-07-09,2026-09-10,No
206912,02243167,Discontinuation,PEDIACEL,"SANOFI PASTEUR LIMITED","Diphtheria and Tetanus Toxoids and Acellular Pertussis Vaccine Adsorbed Combined with Inactivated Poliomyelitis Vaccine and Haemophilus b Conjugate Vaccine (Tetanus Protein – Conjugate)","FIMBRIAE; FILAMENTOUS HAEMAGGLUTININ; TETANUS PROTEIN; HAEMOPHILUS INFLUENZAE TYPE B-PRP; INACTIVATED POLIOMYELITIS VACCINE; INACTIVATED POLIOMYELITIS VACCINE; INACTIVATED POLIOMYELITIS VACCINE; TETANUS TOXOID; DIPHTHERIA TOXOID; PERTUSSIS TOXOID; PERTACTIN","5MCG; 20MCG; 30MCG; 10MCG; 32UNIT; 8UNIT; 40UNIT; 5LF; 15LF; 20MCG; 3MCG","5 x 0.5 mL vials","INTRAMUSCULAR; INTRAMUSCULAR",Discontinued,SUSPENSION,J07CA,"BACTERIAL AND VIRAL VACCINES, COMBINED",2024-10-17,2024-10-30,"Business reasons",2023-10-12,2024-11-11,No
241815,02243167,Discontinuation,PEDIACEL,"SANOFI PASTEUR LIMITED","Diphtheria and Tetanus Toxoids and Acellular Pertussis Vaccine Adsorbed Combined with Inactivated Poliomyelitis Vaccine and Haemophilus b Conjugate Vaccine (Tetanus Protein – Conjugate)","FIMBRIAE; FILAMENTOUS HAEMAGGLUTININ; TETANUS PROTEIN; HAEMOPHILUS INFLUENZAE TYPE B-PRP; INACTIVATED POLIOMYELITIS VACCINE; INACTIVATED POLIOMYELITIS VACCINE; INACTIVATED POLIOMYELITIS VACCINE; TETANUS TOXOID; DIPHTHERIA TOXOID; PERTUSSIS TOXOID; PERTACTIN","5MCG; 20MCG; 30MCG; 10MCG; 26UNIT; 7UNIT; 29UNIT; 5LF; 15LF; 20MCG; 3MCG","5 x 0.5 mL vials","INTRAMUSCULAR; INTRAMUSCULAR",Discontinued,SUSPENSION,J07CA,"BACTERIAL AND VIRAL VACCINES, COMBINED",2024-10-17,2024-10-30,"Business reasons",2024-11-01,2024-11-01,No
205412,02230619,Discontinuation,PEDIAPRED,"SANOFI-AVENTIS CANADA INC",PEDIAPRED,PREDNISOLONE,5MG,120ml,"ORAL; ORAL",Discontinued,SOLUTION,H02AB,"CORTICOSTEROIDS FOR SYSTEMIC USE, PLAIN",2023-12-18,2024-01-31,"Other (Please describe in comments)",2023-09-28,2023-12-19,No
16365,00583405,Discontinuation,PEDIAZOLE,"AMDIPHARM LIMITED","erythromycin ethylsuccinate and sulfisoxazole acetyl for oral suspension USP","SULFISOXAZOLE; ERYTHROMYCIN","600MG; 200MG","105 mL, 150 mL and 200 mL",ORAL,Discontinued,"POWDER FOR SUSPENSION",J01RA,"COMBINATIONS OF ANTIBACTERIALS",2017-07-18,2017-07-18,"Business reasons",2017-07-19,2017-07-19,No
200635,02328232,Discontinuation,PEGALAX,"ARALEZ PHARMACEUTICALS CANADA INC","polyethylene glycol 3350","POLYETHYLENE GLYCOL 3350",100%,"carton containing 14 sachets (17 grams each)","ORAL; ORAL",Discontinued,"POWDER FOR SOLUTION",A06AD,"DRUGS FOR CONSTIPATION",2023-08-01,2023-08-01,"Business reasons",2023-08-01,2023-08-02,No
14456,02248077,Discontinuation,PEGASYS,"HOFFMANN-LA ROCHE LIMITED","Peginterferon alfa-2a","PEGINTERFERON ALFA-2A",180MCG,1,SUBCUTANEOUS,Discontinued,SOLUTION,L03AB,IMMUNOSTIMULANTS,2018-01-03,2018-01-15,"Business reasons",2017-06-30,2018-01-04,No
2544,02254603,Discontinuation,PEGETRON,"MERCK CANADA INC","peginterferon alfa-2b Powder for Solution / ribavirin Capsules","PEGINTERFERON ALFA-2B; RIBAVIRIN","100MCG; 200MG","56 Capsules / 2 CLEARCLICK Pens (dispositifs)","ORAL; SUBCUTANEOUS",Discontinued,"CAPSULE; POWDER FOR SOLUTION",L03AB,IMMUNOSTIMULANTS,2017-10-02,2017-09-30,"Business reasons",2017-03-14,2017-10-03,No
2774,02254638,Discontinuation,PEGETRON,"MERCK CANADA INC","peginterferon alfa-2b Powder for Solution / ribavirin Capsules","PEGINTERFERON ALFA-2B; RIBAVIRIN","120MCG; 200MG","70 Capsules / 2 CLEARCLICK pens (2 dispositifs CLEARCLICK™)","ORAL; SUBCUTANEOUS",Discontinued,"CAPSULE; POWDER FOR SOLUTION",L03AB,IMMUNOSTIMULANTS,2017-10-02,2017-06-30,"Business reasons",2017-03-15,2017-10-03,No
2784,02254646,Discontinuation,PEGETRON,"MERCK CANADA INC","peginterferon alfa-2b Powder for Solution / ribavirin Capsules","PEGINTERFERON ALFA-2B; RIBAVIRIN","150MCG; 200MG","84 Capsules / 2 CLEARCLICK™ Pens (2 dispositifs CLEARCLICK™)","ORAL; SUBCUTANEOUS",Discontinued,"CAPSULE; POWDER FOR SOLUTION",L03AB,IMMUNOSTIMULANTS,2017-10-02,2017-06-30,"Business reasons",2017-03-15,2017-10-03,No
2791,02254646,Discontinuation,PEGETRON,"MERCK CANADA INC","peginterferon alfa-2b Powder for Solution/ribavirin Capsules","PEGINTERFERON ALFA-2B; RIBAVIRIN","150MCG; 200MG","98 capsules / 2 CLEARCLICK™ Pens (2 dispositifs CLEARCLICK™)","ORAL; SUBCUTANEOUS",Discontinued,"CAPSULE; POWDER FOR SOLUTION",L03AB,IMMUNOSTIMULANTS,2017-10-02,2017-09-30,"Business reasons",2017-03-15,2017-10-03,No
2794,02254581,Discontinuation,PEGETRON,"MERCK CANADA INC","peginterferon alfa-2b Powder for Solution / ribavirin Capsules","PEGINTERFERON ALFA-2B; RIBAVIRIN","80MCG; 200MG","56 capsules / 2 CLEARCLICK™ Pens (2 dispositifs CLEARCLICK™)","ORAL; SUBCUTANEOUS",Discontinued,"CAPSULE; POWDER FOR SOLUTION",L03AB,IMMUNOSTIMULANTS,2017-10-02,2017-06-30,"Business reasons",2017-03-15,2017-10-03,No
5739,02246026,Discontinuation,PEGETRON,"MERCK CANADA INC","ribavirin plus peginterferon alfa-2b, Powder for Solution in Vials","RIBAVIRIN; PEGINTERFERON ALFA-2B","200MG; 50MCG",vial,"ORAL; SUBCUTANEOUS",Discontinued,"CAPSULE; POWDER FOR SOLUTION",L03AB,IMMUNOSTIMULANTS,2017-04-04,2017-04-04,"Business reasons",2017-04-05,2017-04-05,No
5746,02246030,Discontinuation,PEGETRON,"MERCK CANADA INC","ribavirin plus peginterferon alfa-2b, Powder for Solution in Vials","PEGINTERFERON ALFA-2B; RIBAVIRIN","150MCG; 200MG",vial,"ORAL; SUBCUTANEOUS",Discontinued,"CAPSULE; POWDER FOR SOLUTION",L03AB,IMMUNOSTIMULANTS,2017-04-04,2017-04-04,"Business reasons",2017-04-05,2017-04-05,No
282369,02247265,Discontinuation,PENNSAID,"KNIGHT THERAPEUTICS INC.","PENNSAID 1.5% SOL TOPI 60ML","DICLOFENAC SODIUM",1.5%,"60 mL","TOPICAL; TOPICAL",Reversed,SOLUTION,M02AA,"TOPICAL PRODUCTS FOR JOINT AND MUSCULAR PAIN",,,"Other (Please describe in comments)",2026-04-08,2026-04-13,No
65438,02230090,Discontinuation,"PENTOXIFYLLINE SR","AA PHARMA INC","PENTOXIFYLLINE SR",PENTOXIFYLLINE,400MG,500BTL,ORAL,Discontinued,"TABLET (EXTENDED-RELEASE)",C04AD,PERIPHERALVASODILATORS,2018-12-07,2018-12-23,"Business reasons",2018-10-23,2022-01-27,No
4868,01916475,Discontinuation,PERCOCET,"BRISTOL-MYERS SQUIBB CANADA",Oxycocet,"ACETAMINOPHEN; OXYCODONE HYDROCHLORIDE","325MG; 5MG","1BTL x 100's and 1 BTL x 500's",ORAL,Discontinued,TABLET,N02AJ,,2017-07-21,2017-07-31,"Business reasons",2017-03-30,2017-07-29,No
5142,01916491,Discontinuation,Percocet-Demi,"BRISTOL-MYERS SQUIBB CANADA","Acetaminophen Oxycodone Hydrochloride tablet","Acetaminophen, Oxycodone Hydrochloride","325mg, 2.5mg","1BTL x 100's",Oral,Discontinued,Tablet,N02AJ,Opioids,2017-09-28,,"Business reasons",2017-04-03,2017-09-29,No
291118,02405024,Discontinuation,PERJETA-HERCEPTIN,"HOFFMANN-LA ROCHE LIMITED","Hoffmann-La Roche Limited","TRASTUZUMAB; PERTUZUMAB","440MG; 420MG","1 vial of 420 mg/ 14 mL Vial (Perjeta) + 1 vial of 440 mg Vial (Herceptin)""","INTRAVENOUS; INTRAVENOUS","To be discontinued","POWDER FOR SOLUTION; KIT; SOLUTION",L01XC,"OTHER ANTINEOPLASTIC AGENTS",,2026-11-30,"Business reasons",2026-08-10,2026-08-10,No
174372,02469049,Discontinuation,PHARMA-AMLODIPINE,"PHARMASCIENCE INC",AMLODIPINE,AMLODIPINE,10MG,100,"ORAL; ORAL",Discontinued,TABLET,C08CA,"SELECTIVE CALC.CHANNEL BLOCK. W/MAINLY VASC. EFF.",2022-11-11,2022-11-11,"Business reasons",2022-11-11,2022-11-12,No
6085,02371499,Discontinuation,"PHARMA-D 10000 IU","PHARMASCIENCE INC",VITAMIN,"VITAMIN D3",10000UNIT,100,ORAL,Discontinued,CAPSULE,A11CC,"VIT A AND D, INCL COMBINATIONS OF THE TWO",2017-04-05,,"Business reasons",2017-04-07,2017-04-07,No
6091,02371502,Discontinuation,"PHARMA-D 50000 IU","PHARMASCIENCE INC",VITAMIN,"VITAMIN D3",50000UNIT,100,ORAL,Discontinued,CAPSULE,A11CC,"VIT A AND D, INCL COMBINATIONS OF THE TWO",2017-04-05,,"Business reasons",2017-04-07,2017-04-07,No
129929,02469073,Discontinuation,PHARMA-RAMIPRIL,"PHARMASCIENCE INC",RAMIPRIL,RAMIPRIL,5MG,100,"ORAL; ORAL",Discontinued,CAPSULE,C09AA,"ACE INHIBITORS, PLAIN",2020-12-09,,"Business reasons",2020-12-10,2020-12-10,No
137572,02469081,Discontinuation,PHARMA-RAMIPRIL,"PHARMASCIENCE INC",RAMIPRIL,RAMIPRIL,10MG,100,"ORAL; ORAL",Discontinued,CAPSULE,C09AA,"ACE INHIBITORS, PLAIN",2021-04-15,,"Business reasons",2021-04-16,2021-04-16,No
223140,02504545,Discontinuation,"PHENYLEPHRINE HYDROCHLORIDE INJECTION USP","STERIMAX INC","PHENYLEPHRINE HYDROCHLORIDE INJECTION USP","PHENYLEPHRINE HYDROCHLORIDE",10MG,"25 VIALS 1 ML","SUBCUTANEOUS; INTRAVENOUS; INTRAMUSCULAR",Discontinued,SOLUTION,C01CA,"CARDIAC STIMULANTS EXCL. CARDIAC GLYCOSIDES",2024-07-30,2024-03-22,"Business reasons",2024-03-22,2024-08-08,No
223145,02504545,Discontinuation,"PHENYLEPHRINE HYDROCHLORIDE INJECTION USP","STERIMAX INC","PHENYLEPHRINE HYDROCHLORIDE INJECTION USP","PHENYLEPHRINE HYDROCHLORIDE",10MG,"10 VIALS 5 ML","SUBCUTANEOUS; INTRAVENOUS; INTRAMUSCULAR",Discontinued,SOLUTION,C01CA,"CARDIAC STIMULANTS EXCL. CARDIAC GLYCOSIDES",2024-07-31,2024-07-31,"Business reasons",2024-03-22,2024-08-07,No
3696,02017733,Discontinuation,PHISOHEX,"SANOFI-AVENTIS CANADA INC","PHISOHEX 150ML & 450ML",HEXACHLOROPHENE,3%,"150 ML & 450ML",TOPICAL,Discontinued,EMULSION,D08AE,"ANTISEPTICS AND DISINFECTANTS",2015-04-30,,"Business reasons",2017-03-20,2017-03-20,No
127352,02400987,Discontinuation,PICATO,"LEO PHARMA INC","Ingenol mebutate","INGENOL MEBUTATE",0.015%,"3 x 0.47g","TOPICAL; TOPICAL",Discontinued,GEL,D06BX,"CHEMOTHERAPEUTICS FOR TOPICAL USE",2020-10-14,,"Other (Please describe in comments)",2020-10-28,2020-10-28,No
127361,02400995,Discontinuation,PICATO,"LEO PHARMA INC","ingenol mebutate","INGENOL MEBUTATE",0.05%,"2 x 0.47g","TOPICAL; TOPICAL",Discontinued,GEL,D06BX,"CHEMOTHERAPEUTICS FOR TOPICAL USE",2020-10-14,,"Other (Please describe in comments)",2020-10-28,2020-10-28,No
108274,00828424,Discontinuation,"PINDOLOL-10 TAB 10MG","PRO DOC LIMITEE",PINDOLOL,PINDOLOL,10MG,100,ORAL,Discontinued,TABLET,C07AA,"BETA BLOCKING AGENTS",2020-03-09,,"Business reasons",2020-03-09,2020-03-10,No
108268,00828416,Discontinuation,"PINDOLOL-5 TAB 5MG","PRO DOC LIMITEE",PINDOLOL,PINDOLOL,5MG,100,ORAL,Discontinued,TABLET,C07AA,"BETA BLOCKING AGENTS",2020-03-09,,"Business reasons",2020-03-09,2020-03-10,No
12036,02374013,Discontinuation,"PIOGLITAZONE HCL","SIVEM PHARMACEUTICALS ULC","PIOGLITAZONE HCL",PIOGLITAZONE,15MG,100,ORAL,Discontinued,TABLET,A10BG,"BLOOD GLUCOSE LOWERING DRUGS, EXCL. INSULINS",2017-06-06,,"Business reasons",2017-06-06,2017-06-07,No
12039,02374021,Discontinuation,"PIOGLITAZONE HCL","SIVEM PHARMACEUTICALS ULC","PIOGLITAZONE HCL",PIOGLITAZONE,30MG,100,ORAL,Discontinued,TABLET,A10BG,"BLOOD GLUCOSE LOWERING DRUGS, EXCL. INSULINS",2017-06-06,,"Business reasons",2017-06-06,2017-06-07,No
12042,02374048,Discontinuation,"PIOGLITAZONE HCL","SIVEM PHARMACEUTICALS ULC","PIOGLITAZONE HCL",PIOGLITAZONE,45MG,100,ORAL,Discontinued,TABLET,A10BG,"BLOOD GLUCOSE LOWERING DRUGS, EXCL. INSULINS",2017-06-06,,"Business reasons",2017-06-06,2017-06-07,No
210191,02370166,Discontinuation,"PIPERACILLIN / TAZOBACTAM POWDER FOR INJECTION","TEVA CANADA LIMITED","PIPERACILLIN POWDER FOR INJECTION","TAZOBACTAM; PIPERACILLIN","0.375G; 3G",10,"INTRAVENOUS; INTRAVENOUS",Discontinued,"POWDER FOR SOLUTION",J01CR,"BETA-LACTAM ANTIBACTERIALS, PENICILLINS",2022-03-30,,"Business reasons",2023-11-15,2023-11-15,No
210194,02370174,Discontinuation,"PIPERACILLIN / TAZOBACTAM POWDER FOR INJECTION","TEVA CANADA LIMITED","PIPERACILLIN POWDER FOR INJECTION","TAZOBACTAM; PIPERACILLIN","0.5G; 4G",10,"INTRAVENOUS; INTRAVENOUS",Discontinued,"POWDER FOR SOLUTION",J01CR,"BETA-LACTAM ANTIBACTERIALS, PENICILLINS",2022-03-30,,"Business reasons",2023-11-15,2023-11-15,No
258717,02370174,Discontinuation,"PIPERACILLIN / TAZOBACTAM POWDER FOR INJECTION","TEVA CANADA LIMITED","PIPERACILLIN / TAZOBACTAM POWDER FOR INJECTION","PIPERACILLIN; TAZOBACTAM","4G; 0.5G","VIAL 10","INTRAVENOUS; INTRAVENOUS",Discontinued,"POWDER FOR SOLUTION",J01CR,"BETA-LACTAM ANTIBACTERIALS, PENICILLINS",2022-03-30,,"Business reasons",2025-05-28,2025-05-28,No
165188,02401312,Discontinuation,"PIPERACILLIN AND TAZOBACTAM FOR INJECTION","HIKMA CANADA LIMITED","PIPERACILLIN AND TAZOBACTAM FOR INJECTION","PIPERACILLIN; TAZOBACTAM","2G; 0.25G",2.25G,"INTRAVENOUS; INTRAVENOUS","To be discontinued","POWDER FOR SOLUTION",J01CR,"BETA-LACTAM ANTIBACTERIALS, PENICILLINS",,2022-06-21,"Business reasons",2022-07-21,2022-07-21,No
165193,02401320,Discontinuation,"PIPERACILLIN AND TAZOBACTAM FOR INJECTION","HIKMA CANADA LIMITED","PIPERACILLIN AND TAZOBACTAM FOR INJECTION","TAZOBACTAM; PIPERACILLIN","0.375G; 3G",3.375G,"INTRAVENOUS; INTRAVENOUS","To be discontinued","POWDER FOR SOLUTION",J01CR,"BETA-LACTAM ANTIBACTERIALS, PENICILLINS",,2022-07-21,"Business reasons",2022-07-21,2022-07-21,No
165196,02401339,Discontinuation,"PIPERACILLIN AND TAZOBACTAM FOR INJECTION","HIKMA CANADA LIMITED","PIPERACILLIN AND TAZOBACTAM FOR INJECTION","TAZOBACTAM; PIPERACILLIN","0.5G; 4G",4.5G,"INTRAVENOUS; INTRAVENOUS","To be discontinued","POWDER FOR SOLUTION",J01CR,"BETA-LACTAM ANTIBACTERIALS, PENICILLINS",,2022-07-21,"Business reasons",2022-07-21,2022-07-21,No
235203,02465833,Discontinuation,"PIPERACILLIN AND TAZOBACTAM FOR INJECTION","FRESENIUS KABI CANADA LTD","PIPERACILLIN AND TAZOBACTAM FOR INJECTION","TAZOBACTAM; PIPERACILLIN","4.5G; 36G","200 mL",INTRAVENOUS,Discontinued,"POWDER FOR SOLUTION",J01CR,"BETA-LACTAM ANTIBACTERIALS, PENICILLINS",2024-08-13,,"Business reasons",2024-08-13,2024-08-20,No
43622,02246641,Discontinuation,"PIPERACILLIN FOR INJECTION","HOSPIRA HEALTHCARE CORPORATION",PIPERACILLIN,PIPERACILLIN,3G,"10 x 3g GVL","INTRAMUSCULAR; INTRAVENOUS",Discontinued,"POWDER FOR SOLUTION",J01CA,"BETA-LACTAM ANTIBACTERIALS, PENICILLINS",2019-02-28,,"Business reasons",2018-03-21,2019-03-13,No
100941,02330555,Discontinuation,PLAVIX,"SANOFI-AVENTIS CANADA INC",Plavix,CLOPIDOGREL,300MG,30,ORAL,"To be discontinued",TABLET,B01AC,"ANTITHROMBOTIC AGENTS",,2020-11-30,"Business reasons",2019-12-11,2019-12-11,No
117707,00664553,Discontinuation,"PMS DOCUSATE-CALCIUM CAP 240MG USP","PHARMASCIENCE INC","DOCUSATE CALCIUM","DOCUSATE CALCIUM",240MG,30,"ORAL; ORAL",Discontinued,CAPSULE,A06AA,"DRUGS FOR CONSTIPATION",2020-06-15,2020-06-15,"Business reasons",2020-06-15,2021-10-27,No
117736,01916394,Discontinuation,"PMS HYDROMORPHONE SUPPOSITOIRE 3MG","PHARMASCIENCE INC",HYDROMORPHONE,"HYDROMORPHONE HYDROCHLORIDE",3MG,10,"RECTAL; RECTAL",Discontinued,SUPPOSITORY,N02AA,OPIOIDS,2020-06-15,2020-06-15,"Business reasons",2020-06-15,2021-10-27,No
117742,01937235,Discontinuation,"PMS TRAZODONE HCL TAB 100MG","PHARMASCIENCE INC",TRAZADONE,"TRAZODONE HYDROCHLORIDE",100MG,500,"ORAL; ORAL",Discontinued,TABLET,N06AX,ANTIDEPRESSANTS,2020-06-15,2020-06-15,"Business reasons",2020-06-15,2021-10-27,No
117739,01937227,Discontinuation,"PMS TRAZODONE HCL TAB 50MG","PHARMASCIENCE INC",TRAZADONE,"TRAZODONE HYDROCHLORIDE",50MG,500,"ORAL; ORAL",Discontinued,TABLET,N06AX,ANTIDEPRESSANTS,2020-06-15,2020-06-15,"Business reasons",2020-06-15,2021-10-27,No
129698,02284006,Discontinuation,PMS-ALENDRONATE-FC,"PHARMASCIENCE INC",ALENDRONATE,"ALENDRONIC ACID",70MG,30,"ORAL; ORAL",Discontinued,TABLET,M05BA,"DRUGS AFFECTING BONE STRUCTURE AND MINERALIZATION",2020-12-07,,"Business reasons",2020-12-07,2020-12-08,No
38821,02230246,Discontinuation,PMS-AMOXICILLIN,"PHARMASCIENCE INC",AMOXICILLIN,AMOXICILLIN,250MG,90,ORAL,Discontinued,"POWDER FOR SUSPENSION",J01CA,"BETA-LACTAM ANTIBACTERIALS, PENICILLINS",2018-02-02,,"Other (Please describe in comments)",2018-02-06,2018-02-06,No
46686,02230245,Discontinuation,PMS-AMOXICILLIN,"PHARMASCIENCE INC",AMOXICILLIN,AMOXICILLIN,125MG,90,ORAL,Discontinued,"POWDER FOR SUSPENSION",J01CA,"BETA-LACTAM ANTIBACTERIALS, PENICILLINS",2018-04-20,,"Business reasons",2018-04-20,2018-04-21,No
55729,02230245,Discontinuation,PMS-AMOXICILLIN,"PHARMASCIENCE INC",AMOXICILLIN,AMOXICILLIN,125MG,90,ORAL,Discontinued,"POWDER FOR SUSPENSION",J01CA,"BETA-LACTAM ANTIBACTERIALS, PENICILLINS",2018-09-19,2018-07-30,"Business reasons",2018-07-13,2018-09-20,No
173976,02230244,Discontinuation,PMS-AMOXICILLIN,"PHARMASCIENCE INC",AMOXICILLIN,AMOXICILLIN,500MG,500,"ORAL; ORAL",Discontinued,CAPSULE,J01CA,"BETA-LACTAM ANTIBACTERIALS, PENICILLINS",2022-05-05,,"Business reasons",2022-11-08,2022-11-08,No
117939,02440377,Discontinuation,"PMS-AMPHETAMINES XR","PHARMASCIENCE INC","AMPHETAMINES XR","MIXED SALTS AMPHETAMINE",10MG,100,"ORAL; ORAL",Discontinued,"CAPSULE (EXTENDED RELEASE)",N06BA,"PSYCHOSTIMULANTS AND NOOTROPICS",2020-06-15,2020-06-15,"Business reasons",2020-06-15,2021-10-27,No
117942,02440385,Discontinuation,"PMS-AMPHETAMINES XR","PHARMASCIENCE INC","AMPHETAMINES XR","MIXED SALTS AMPHETAMINE",15MG,100,"ORAL; ORAL",Discontinued,"CAPSULE (EXTENDED RELEASE)",N06BA,"PSYCHOSTIMULANTS AND NOOTROPICS",2020-06-15,2020-06-15,"Business reasons",2020-06-15,2021-10-27,No
117945,02440393,Discontinuation,"PMS-AMPHETAMINES XR","PHARMASCIENCE INC","AMPHETAMINES XR","MIXED SALTS AMPHETAMINE",20MG,100,"ORAL; ORAL",Discontinued,"CAPSULE (EXTENDED RELEASE)",N06BA,"PSYCHOSTIMULANTS AND NOOTROPICS",2020-06-15,2020-06-15,"Business reasons",2020-06-15,2021-10-27,No
117948,02440407,Discontinuation,"PMS-AMPHETAMINES XR","PHARMASCIENCE INC","PMS-AMPHETAMINES XR","MIXED SALTS AMPHETAMINE",25MG,100,"ORAL; ORAL",Discontinued,"CAPSULE (EXTENDED RELEASE)",N06BA,"PSYCHOSTIMULANTS AND NOOTROPICS",2020-06-15,2020-06-15,"Business reasons",2020-06-15,2021-10-27,No
4996,02284529,Discontinuation,"PMS-ASA EC","PHARMASCIENCE INC",ASA,"ACETYLSALICYLIC ACID",325MG,100,ORAL,Discontinued,"TABLET (DELAYED-RELEASE)",N02BA,"OTHER ANALGESICS AND ANTIPYRETICS",2017-03-30,,"Manufacturing issues",2017-03-31,2017-03-31,No
6038,02284529,Discontinuation,"PMS-ASA EC","PHARMASCIENCE INC",ASA,"ACETYLSALICYLIC ACID",325MG,1000,ORAL,Discontinued,"TABLET (DELAYED-RELEASE)",N02BA,"OTHER ANALGESICS AND ANTIPYRETICS",2017-03-23,,"Manufacturing issues",2017-04-07,2017-04-07,No
203929,02237600,Discontinuation,PMS-ATENOLOL,"PHARMASCIENCE INC",ATENOLOL,ATENOLOL,50MG,30,"ORAL; ORAL",Discontinued,TABLET,C07AB,"BETA BLOCKING AGENTS",2023-09-08,,"Business reasons",2023-09-08,2023-09-09,No
203935,02237601,Discontinuation,PMS-ATENOLOL,"PHARMASCIENCE INC",ATENOLOL,ATENOLOL,100MG,30,"ORAL; ORAL",Discontinued,TABLET,C07AB,"BETA BLOCKING AGENTS",2023-09-08,,"Business reasons",2023-09-08,2023-09-09,No
49732,02418452,Discontinuation,PMS-AZITHROMYCIN,"PHARMASCIENCE INC",AZITHROMYCIN,AZITHROMYCIN,100MG,"15 ML",ORAL,Discontinued,"POWDER FOR SUSPENSION",J01FA,"MACROLIDES, LINCOSAMIDES AND STREPTOGRAMINS",2018-09-19,2018-05-30,"Business reasons",2018-05-18,2018-09-20,No
118011,02418460,Discontinuation,PMS-AZITHROMYCIN,"PHARMASCIENCE INC","Azithromycin powder",AZITHROMYCIN,200MG,"5 mL",ORAL,Discontinued,"POWDER FOR SUSPENSION",J01FA,"MACROLIDES, LINCOSAMIDES AND STREPTOGRAMINS",2020-06-15,,"Business reasons",2020-06-16,2020-06-16,No
118014,02418460,Discontinuation,PMS-AZITHROMYCIN,"PHARMASCIENCE INC","Azithromycin powder",AZITHROMYCIN,200MG,"5 mL",ORAL,Discontinued,"POWDER FOR SUSPENSION",J01FA,"MACROLIDES, LINCOSAMIDES AND STREPTOGRAMINS",2020-06-15,,"Business reasons",2020-06-16,2020-06-16,No
117704,00582883,Discontinuation,PMS-BISACODYL,"PHARMASCIENCE INC",BISACODYL,BISACODYL,10MG,100,"RECTAL; RECTAL",Discontinued,SUPPOSITORY,A06AB,"DRUGS FOR CONSTIPATION",2020-06-15,2020-06-15,"Business reasons",2020-06-15,2021-10-27,No
4999,02302632,Discontinuation,PMS-BISOPROLOL,"PHARMASCIENCE INC",BISOPROLOL,"BISOPROLOL FUMARATE",5MG,100,ORAL,Discontinued,TABLET,C07AB,"BETA BLOCKING AGENTS",2017-03-23,,"Business reasons",2017-03-31,2017-03-31,No
6108,02302640,Discontinuation,PMS-BISOPROLOL,"PHARMASCIENCE INC",BISOPROLOL,"BISOPROLOL FUMARATE",10MG,100,ORAL,Discontinued,TABLET,C07AB,"BETA BLOCKING AGENTS",2017-04-05,,"Business reasons",2017-04-07,2017-04-07,No
135510,02383012,Discontinuation,PMS-BOSENTAN,"PHARMASCIENCE INC",BOSENTAN,BOSENTAN,62.5MG,4x15,"ORAL; ORAL",Discontinued,TABLET,C02KX,"OTHER ANTIHYPERTENSIVES",2021-03-10,,"Business reasons",2021-03-11,2021-03-19,No
135513,02383020,Discontinuation,PMS-BOSENTAN,"PHARMASCIENCE INC",BOSENTAN,BOSENTAN,125MG,4x15,"ORAL; ORAL",Discontinued,TABLET,C02KX,"OTHER ANTIHYPERTENSIVES",2021-03-10,,"Business reasons",2021-03-11,2021-03-19,No
46695,02231544,Discontinuation,PMS-CARBAMAZEPINE-CR,"PHARMASCIENCE INC","CARBAMAZEPINE -CR",CARBAMAZEPINE,400MG,500,ORAL,Discontinued,"TABLET (EXTENDED-RELEASE)",N03AF,ANTIEPILEPTICS,2018-09-19,2018-05-15,"Business reasons",2018-04-20,2018-09-20,No
138020,02231543,Discontinuation,PMS-CARBAMAZEPINE-CR,"PHARMASCIENCE INC",CARBAMAZEPINE-CR,CARBAMAZEPINE,200MG,100,"ORAL; ORAL",Discontinued,"TABLET (EXTENDED-RELEASE)",N03AF,ANTIEPILEPTICS,2021-04-22,,"Business reasons",2021-04-23,2021-04-23,No
138023,02231544,Discontinuation,PMS-CARBAMAZEPINE-CR,"PHARMASCIENCE INC",CARBAMAZEPINE-CR,CARBAMAZEPINE,400MG,100,"ORAL; ORAL",Discontinued,"TABLET (EXTENDED-RELEASE)",N03AF,ANTIEPILEPTICS,2021-04-22,,"Business reasons",2021-04-23,2021-04-23,No
149394,02355442,Discontinuation,PMS-CELECOXIB,"PHARMASCIENCE INC",CELECOXIB,CELECOXIB,100MG,100,"ORAL; ORAL",Discontinued,CAPSULE,M01AH,"ANTIINFLAMMATORY/ANTIRHEUMATIC PROD.,NON-STEROIDS",2021-11-15,,"Business reasons",2021-11-16,2021-11-16,No
149397,02355442,Discontinuation,PMS-CELECOXIB,"PHARMASCIENCE INC",CELECOXIB,CELECOXIB,100MG,500,"ORAL; ORAL",Discontinued,CAPSULE,M01AH,"ANTIINFLAMMATORY/ANTIRHEUMATIC PROD.,NON-STEROIDS",2021-11-15,,"Business reasons",2021-11-16,2021-11-16,No
166948,02355450,Discontinuation,PMS-CELECOXIB,"PHARMASCIENCE INC",CELECOXIB,CELECOXIB,200MG,100,"ORAL; ORAL",Discontinued,CAPSULE,M01AH,"ANTIINFLAMMATORY/ANTIRHEUMATIC PROD.,NON-STEROIDS",2022-08-16,,"Business reasons",2022-08-18,2022-08-18,No
166951,02355450,Discontinuation,PMS-CELECOXIB,"PHARMASCIENCE INC",CELECOXIB,CELECOXIB,200MG,500,"ORAL; ORAL",Discontinued,CAPSULE,M01AH,"ANTIINFLAMMATORY/ANTIRHEUMATIC PROD.,NON-STEROIDS",2022-08-16,,"Business reasons",2022-08-18,2022-08-18,No
59103,00792659,Discontinuation,"PMS-CHLORAL HYDRATE SYRUP 100MG/ML","PHARMASCIENCE INC","CHLORAL HYDRATE","CHLORAL HYDRATE",100MG,90,ORAL,Discontinued,SYRUP,N05CC,"HYPNOTICS AND SEDATIVES",2018-08-24,,"Business reasons",2018-08-24,2018-08-25,No
149409,00792659,Discontinuation,"PMS-CHLORAL HYDRATE SYRUP 100MG/ML","PHARMASCIENCE INC","CHLORAL HYDRATE","CHLORAL HYDRATE",500MG,"500 mL","ORAL; ORAL",Discontinued,SYRUP,N05CC,"HYPNOTICS AND SEDATIVES",2021-11-15,,"Business reasons",2021-11-16,2021-11-16,No
110517,02280442,Discontinuation,PMS-CILAZAPRIL,"PHARMASCIENCE INC",CILAZAPRIL,CILAZAPRIL,1.0MG,100,ORAL,Discontinued,TABLET,C09AA,"ACE INHIBITORS, PLAIN",2022-01-17,2020-04-02,"Business reasons",2020-04-02,2022-01-18,No
111063,02280442,Discontinuation,PMS-CILAZAPRIL,"PHARMASCIENCE INC",CILAZAPRIL,CILAZAPRIL,1.0MG,100,ORAL,Discontinued,TABLET,C09AA,"ACE INHIBITORS, PLAIN",2020-04-06,2020-04-06,"Business reasons",2020-04-06,2021-10-27,No
111069,02280450,Discontinuation,PMS-CILAZAPRIL,"PHARMASCIENCE INC",CILAZAPRIL,CILAZAPRIL,2.5MG,100,ORAL,Discontinued,TABLET,C09AA,"ACE INHIBITORS, PLAIN",2020-04-06,2020-04-06,"Business reasons",2020-04-06,2021-10-27,No
111072,02280469,Discontinuation,PMS-CILAZAPRIL,"PHARMASCIENCE INC",CILAZAPRIL,CILAZAPRIL,5.0MG,100,ORAL,Discontinued,TABLET,C09AA,"ACE INHIBITORS, PLAIN",2020-04-06,2020-04-06,"Business reasons",2020-04-06,2021-10-27,No
111075,02280469,Discontinuation,PMS-CILAZAPRIL,"PHARMASCIENCE INC",CILAZAPRIL,CILAZAPRIL,5.0MG,500,ORAL,Discontinued,TABLET,C09AA,"ACE INHIBITORS, PLAIN",2020-04-06,2020-04-06,"Business reasons",2020-04-06,2021-10-27,No
204849,02248439,Discontinuation,PMS-CIPROFLOXACIN,"PHARMASCIENCE INC",CIPROFLOXACIN,CIPROFLOXACIN,750MG,100,"ORAL; ORAL",Discontinued,TABLET,J01MA,"QUINOLONE ANTIBACTERIALS",2023-09-18,,"Business reasons",2023-09-20,2023-09-20,No
204854,02248437,Discontinuation,PMS-CIPROFLOXACIN,"PHARMASCIENCE INC",CIPROFLOXACIN,CIPROFLOXACIN,250MG,100,"ORAL; ORAL",Discontinued,TABLET,J01MA,"QUINOLONE ANTIBACTERIALS",2023-09-18,,"Business reasons",2023-09-20,2023-09-20,No
206970,02248439,Discontinuation,PMS-CIPROFLOXACIN,"PHARMASCIENCE INC",CIPROFLOXACIN,CIPROFLOXACIN,750MG,100,"ORAL; ORAL",Discontinued,TABLET,J01MA,"QUINOLONE ANTIBACTERIALS",2023-10-10,,"Business reasons",2023-10-13,2023-10-13,No
206973,02248437,Discontinuation,PMS-CIPROFLOXACIN,"PHARMASCIENCE INC",CIPROFLOXACIN,CIPROFLOXACIN,250MG,100,"ORAL; ORAL",Discontinued,TABLET,J01MA,"QUINOLONE ANTIBACTERIALS",2023-10-10,,"Business reasons",2023-10-13,2023-10-13,No
285520,02416433,Discontinuation,"PMS-CIPROFLOXACIN XL","PHARMASCIENCE INC","CIPROFLOXACIN XL",CIPROFLOXACIN,500MG,100,"ORAL; ORAL",Discontinued,"TABLET (IMMEDIATE AND EXTENDED RELEASE); TABLET (EXTENDED-RELEASE)",J01MA,"QUINOLONE ANTIBACTERIALS",2025-12-01,,"Manufacturing issues",2026-05-20,2026-05-20,No
117772,02247573,Discontinuation,PMS-CLARITHROMYCIN,"PHARMASCIENCE INC",CLARITHROMYCIN,CLARITHROMYCIN,250MG,250,"ORAL; ORAL",Discontinued,TABLET,J01FA,"MACROLIDES, LINCOSAMIDES AND STREPTOGRAMINS",2020-06-15,2020-06-15,"Business reasons",2020-06-15,2021-10-27,No
192157,02247573,Discontinuation,PMS-CLARITHROMYCIN,"PHARMASCIENCE INC",CLARITHROMYCIN,CLARITHROMYCIN,250MG,100,"ORAL; ORAL",Discontinued,TABLET,J01FA,"MACROLIDES, LINCOSAMIDES AND STREPTOGRAMINS",2023-05-10,,"Business reasons",2023-05-10,2023-05-11,No
192160,02247574,Discontinuation,PMS-CLARITHROMYCIN,"PHARMASCIENCE INC",CLARITHROMYCIN,CLARITHROMYCIN,500MG,100,"ORAL; ORAL",Discontinued,TABLET,J01FA,"MACROLIDES, LINCOSAMIDES AND STREPTOGRAMINS",2023-05-10,,"Business reasons",2023-05-10,2023-05-11,No
118002,02244474,Discontinuation,PMS-CLOBAZAM,"PHARMASCIENCE INC","Clobazam tablet",CLOBAZAM,10MG,30,ORAL,Discontinued,TABLET,N05BA,ANXIOLYTICS,2020-06-15,,"Business reasons",2020-06-16,2020-06-16,No
7540,02309548,Discontinuation,PMS-CLOBETASOL,"PHARMASCIENCE INC",CLOBETASOL,"CLOBETASOL PROPIONATE",0.05%,50g,TOPICAL,Discontinued,OINTMENT,D07AD,"CORTICOSTEROIDS, PLAIN",2017-05-02,,"Business reasons",2017-04-20,2017-05-03,No
149356,02402181,Discontinuation,PMS-COLCHICINE,"PHARMASCIENCE INC",COLCHICINE,COLCHICINE,0.6MG,30,"ORAL; ORAL",Discontinued,TABLET,M04AC,"ANTIGOUT PREPARATIONS",2021-11-15,,"Business reasons",2021-11-16,2021-11-16,No
6114,02304368,Discontinuation,PMS-DESMOPRESSIN,"PHARMASCIENCE INC",DESMOPRSSIN,"DESMOPRESSIN ACETATE",0.1MG,100,ORAL,Discontinued,TABLET,H01BA,"POSTERIOR PITUITARY LOBE HORMONES",2017-04-05,,"Business reasons",2017-04-07,2017-04-07,No
117882,02304376,Discontinuation,PMS-DESMOPRESSIN,"PHARMASCIENCE INC",DESMOPRESSIN,"DESMOPRESSIN ACETATE",0.2MG,100,"ORAL; ORAL",Discontinued,TABLET,H01BA,"POSTERIOR PITUITARY LOBE HORMONES",2020-06-15,2020-06-15,"Business reasons",2020-06-15,2021-10-27,No
5002,02247490,Discontinuation,PMS-DIAZEPAM,"PHARMASCIENCE INC",DIAZEPAM,DIAZEPAM,2MG,100,ORAL,Discontinued,TABLET,N05BA,ANXIOLYTICS,2017-03-23,,"Business reasons",2017-03-31,2017-03-31,No
118005,02247492,Discontinuation,PMS-DIAZEPAM,"PHARMASCIENCE INC","Diazepam tablet",DIAZEPAM,10MG,500,ORAL,Discontinued,TABLET,N05BA,ANXIOLYTICS,2020-06-15,,"Business reasons",2020-06-16,2020-06-16,No
118008,02247491,Discontinuation,PMS-DIAZEPAM,"PHARMASCIENCE INC","Diazepam tablet",DIAZEPAM,5MG,500,ORAL,Discontinued,TABLET,N05BA,ANXIOLYTICS,2020-06-15,,"Business reasons",2020-06-16,2020-06-16,No
118084,00891797,Discontinuation,"PMS-DIAZEPAM SOLUTION 1MG/ML","PHARMASCIENCE INC","Diazepam solution",DIAZEPAM,1MG,500,ORAL,Discontinued,SOLUTION,N05BA,ANXIOLYTICS,2020-06-15,,"Business reasons",2020-06-17,2020-06-17,No
27374,02302624,Discontinuation,PMS-DICLOFENAC,"PHARMASCIENCE INC",DICLOFENAC,"DICLOFENAC SODIUM",50MG,500,ORAL,Discontinued,"TABLET (DELAYED-RELEASE)",M01AB,"ANTIINFLAMMATORY/ANTIRHEUMATIC PROD.,NON-STEROIDS",2017-10-01,,"Business reasons",2017-10-27,2017-10-27,No
149359,02231508,Discontinuation,PMS-DICLOFENAC,"PHARMASCIENCE INC",DICLOFENAC,"DICLOFENAC SODIUM",100MG,30,"RECTAL; RECTAL",Discontinued,SUPPOSITORY,M01AB,"ANTIINFLAMMATORY/ANTIRHEUMATIC PROD.,NON-STEROIDS",2021-11-15,,"Business reasons",2021-11-16,2021-11-16,No
149362,02231506,Discontinuation,PMS-DICLOFENAC,"PHARMASCIENCE INC",DICLOFENAC,"DICLOFENAC SODIUM",50MG,30,"RECTAL; RECTAL",Discontinued,SUPPOSITORY,M01AB,"ANTIINFLAMMATORY/ANTIRHEUMATIC PROD.,NON-STEROIDS",2021-11-15,,"Business reasons",2021-11-16,2021-11-16,No
138016,02239753,Discontinuation,"PMS-DICLOFENAC K","PHARMASCIENCE INC","DICLOFENAC K","DICLOFENAC POTASSIUM",50MG,100,"ORAL; ORAL",Discontinued,TABLET,M01AB,"ANTIINFLAMMATORY/ANTIRHEUMATIC PROD.,NON-STEROIDS",2021-04-22,,"Business reasons",2021-04-23,2021-04-23,No
37254,02231504,Discontinuation,PMS-DICLOFENAC-SR,"PHARMASCIENCE INC","DICLOFENAC SODIUM","DICLOFENAC SODIUM",75MG,500,ORAL,Discontinued,"TABLET (EXTENDED-RELEASE)",M01AB,"ANTIINFLAMMATORY/ANTIRHEUMATIC PROD.,NON-STEROIDS",2018-01-24,,"Other (Please describe in comments)",2018-01-26,2018-02-12,No
138010,02231504,Discontinuation,PMS-DICLOFENAC-SR,"PHARMASCIENCE INC",DICLOFENAC-SR,"DICLOFENAC SODIUM",75MG,100,"ORAL; ORAL",Discontinued,"TABLET (EXTENDED-RELEASE)",M01AB,"ANTIINFLAMMATORY/ANTIRHEUMATIC PROD.,NON-STEROIDS",2021-04-22,,"Business reasons",2021-04-23,2021-04-23,No
138013,02231505,Discontinuation,PMS-DICLOFENAC-SR,"PHARMASCIENCE INC",DICLOFENAC-SR,"DICLOFENAC SODIUM",100MG,100,"ORAL; ORAL",Discontinued,"TABLET (EXTENDED-RELEASE)",M01AB,"ANTIINFLAMMATORY/ANTIRHEUMATIC PROD.,NON-STEROIDS",2021-04-22,,"Business reasons",2021-04-23,2021-04-23,No
25702,02355787,Discontinuation,"PMS-DILTIAZEM CD","PHARMASCIENCE INC",DILTIAZEM,"DILTIAZEM HYDROCHLORIDE",300MG,100,ORAL,Discontinued,"CAPSULE (CONTROLLED-DELIVERY)",C08DB,"SELECTIVE CALC.CHANNEL BLOCK. W/DIRECT CARDIAC EFF",2017-10-15,2017-10-15,"Other (Please describe in comments)",2017-10-12,2017-10-16,No
118020,02355779,Discontinuation,"PMS-DILTIAZEM CD","PHARMASCIENCE INC","Diliazem Capsule","DILTIAZEM HYDROCHLORIDE",240MG,100,ORAL,Discontinued,"CAPSULE (CONTROLLED-DELIVERY)",C08DB,"SELECTIVE CALC.CHANNEL BLOCK. W/DIRECT CARDIAC EFF",2020-06-15,,"Business reasons",2020-06-16,2020-06-16,No
118023,02355779,Discontinuation,"PMS-DILTIAZEM CD","PHARMASCIENCE INC","Diltiazem capsule","DILTIAZEM HYDROCHLORIDE",240MG,500,ORAL,Discontinued,"CAPSULE (CONTROLLED-DELIVERY)",C08DB,"SELECTIVE CALC.CHANNEL BLOCK. W/DIRECT CARDIAC EFF",2020-06-15,,"Business reasons",2020-06-16,2020-06-16,No
118087,02355760,Discontinuation,"PMS-DILTIAZEM CD","PHARMASCIENCE INC","Diltiazem capsule","DILTIAZEM HYDROCHLORIDE",180MG,100,ORAL,Discontinued,"CAPSULE (CONTROLLED-DELIVERY)",C08DB,"SELECTIVE CALC.CHANNEL BLOCK. W/DIRECT CARDIAC EFF",2020-06-15,,"Business reasons",2020-06-17,2020-06-17,No
118090,02355760,Discontinuation,"PMS-DILTIAZEM CD","PHARMASCIENCE INC","Diltiazem capsule","DILTIAZEM HYDROCHLORIDE",180MG,500,ORAL,Discontinued,"CAPSULE (CONTROLLED-DELIVERY)",C08DB,"SELECTIVE CALC.CHANNEL BLOCK. W/DIRECT CARDIAC EFF",2020-06-15,,"Business reasons",2020-06-17,2020-06-17,No
118093,02355752,Discontinuation,"PMS-DILTIAZEM CD","PHARMASCIENCE INC","Diltiazem capsule","DILTIAZEM HYDROCHLORIDE",120MG,500,ORAL,Discontinued,"CAPSULE (CONTROLLED-DELIVERY)",C08DB,"SELECTIVE CALC.CHANNEL BLOCK. W/DIRECT CARDIAC EFF",2020-06-15,,"Business reasons",2020-06-17,2020-06-17,No
118096,02355752,Discontinuation,"PMS-DILTIAZEM CD","PHARMASCIENCE INC","Diltiazem capsule","DILTIAZEM HYDROCHLORIDE",120MG,100,ORAL,Discontinued,"CAPSULE (CONTROLLED-DELIVERY)",C08DB,"SELECTIVE CALC.CHANNEL BLOCK. W/DIRECT CARDIAC EFF",2020-06-15,,"Business reasons",2020-06-17,2020-06-17,No
117714,00703508,Discontinuation,"PMS-DOCUSATE SODIUM","PHARMASCIENCE INC","DOCUSATE SODIUM","DOCUSATE SODIUM",20MG,90,"ORAL; ORAL",Discontinued,SYRUP,A06AA,"DRUGS FOR CONSTIPATION",2020-06-15,2020-06-15,"Business reasons",2020-06-15,2021-10-27,No
117730,00848417,Discontinuation,"PMS-DOCUSATE SODIUM","PHARMASCIENCE INC","DOCUSATE SODIUM","DOCUSATE SODIUM",250MG,90,"ORAL; ORAL",Discontinued,SYRUP,A06AA,"DRUGS FOR CONSTIPATION",2020-06-15,2020-06-15,"Business reasons",2020-06-15,2021-10-27,No
141302,00703508,Discontinuation,"PMS-DOCUSATE SODIUM","PHARMASCIENCE INC","DOCUSATE SODIUM","DOCUSATE SODIUM",20MG,90,"ORAL; ORAL",Discontinued,SYRUP,A06AA,"DRUGS FOR CONSTIPATION",2021-06-20,,"Business reasons",2021-06-21,2021-06-21,No
149365,00703508,Discontinuation,"PMS-DOCUSATE SODIUM","PHARMASCIENCE INC","DOCUSATE SODIUM","DOCUSATE SODIUM",20MG,"500 ML","ORAL; ORAL",Discontinued,SYRUP,A06AA,"DRUGS FOR CONSTIPATION",2021-11-15,,"Business reasons",2021-11-16,2021-11-16,No
117733,00880140,Discontinuation,"PMS-DOCUSATE SODIUM DROPS 10MG/ML","PHARMASCIENCE INC","DOCUSATE SODIUM","DOCUSATE SODIUM",10MG,"500 mL","ORAL; ORAL",Discontinued,"DROPS; DROPS",A06AA,"DRUGS FOR CONSTIPATION",2020-06-15,2020-06-15,"Business reasons",2020-06-15,2021-10-27,No
117760,02236466,Discontinuation,PMS-DOMPERIDONE,"PHARMASCIENCE INC",DOMPERIDONE,DOMPERIDONE,10MG,500,"ORAL; ORAL",Discontinued,TABLET,A03FA,PROPULSIVES,2020-06-15,2020-06-15,"Business reasons",2020-06-15,2021-10-27,No
118026,02442426,Discontinuation,PMS-DORZOLAMIDE-TIMOLOL,"PHARMASCIENCE INC","Dorzolamide Timolol Solution","DORZOLAMIDE; TIMOLOL","20MG; 5MG","10 mL",OPHTHALMIC,Discontinued,SOLUTION,S01ED,"ANTIGLAUCOMA PREPARATIONS AND MIOTICS",2020-06-15,,"Business reasons",2020-06-16,2020-06-16,No
177691,02393220,Discontinuation,PMS-DUTASTERIDE,"PHARMASCIENCE INC",Dutasteride,DUTASTERIDE,0.5MG,30,"ORAL; ORAL",Discontinued,CAPSULE,G04CB,"DRUGS USED IN BENIGN PROSTATIC HYPERTROPHY",2022-07-19,,"Business reasons",2022-12-09,2022-12-09,No
177694,02393220,Discontinuation,PMS-DUTASTERIDE,"PHARMASCIENCE INC",Dutasteride,DUTASTERIDE,0.5MG,100,"ORAL; ORAL",Discontinued,CAPSULE,G04CB,"DRUGS USED IN BENIGN PROSTATIC HYPERTROPHY",2022-07-19,,"Business reasons",2022-12-09,2022-12-09,No
117933,02434342,Discontinuation,PMS-ELETRIPTAN,"PHARMASCIENCE INC",ELETRIPTAN,ELETRIPTAN,20MG,"6, 30","ORAL; ORAL",Discontinued,TABLET,N02CC,"ANTIMIGRAINE PREPARATIONS",2020-06-15,2020-06-15,"Business reasons",2020-06-15,2021-10-27,No
118162,02434350,Discontinuation,PMS-ELETRIPTAN,"PHARMASCIENCE INC","Elitriptan tablet",ELETRIPTAN,40MG,30,ORAL,Discontinued,TABLET,N02CC,"ANTIMIGRAINE PREPARATIONS",2020-06-15,,"Business reasons",2020-06-17,2020-06-17,No
118165,02434350,Discontinuation,PMS-ELETRIPTAN,"PHARMASCIENCE INC","Elitriptan tablet",ELETRIPTAN,40MG,6,ORAL,Discontinued,TABLET,N02CC,"ANTIMIGRAINE PREPARATIONS",2020-06-15,,"Business reasons",2020-06-17,2020-06-17,No
6041,02300109,Discontinuation,PMS-ENALAPRIL,"PHARMASCIENCE INC",ENALAPRIL,"ENALAPRIL SODIUM",16MG,100,ORAL,Discontinued,TABLET,C09AA,"ACE INHIBITORS, PLAIN",2017-04-05,,"Business reasons",2017-04-07,2017-04-07,No
6044,02300087,Discontinuation,PMS-ENALAPRIL,"PHARMASCIENCE INC",ENALAPRIL,"ENALAPRIL SODIUM",4MG,100,ORAL,Discontinued,TABLET,C09AA,"ACE INHIBITORS, PLAIN",2017-04-05,,"Business reasons",2017-04-07,2017-04-07,No
6047,02300087,Discontinuation,PMS-ENALAPRIL,"PHARMASCIENCE INC",ENALAPRIL,"ENALAPRIL SODIUM",4MG,500,ORAL,Discontinued,TABLET,C09AA,"ACE INHIBITORS, PLAIN",2017-04-05,,"Business reasons",2017-04-07,2017-04-07,No
87934,02410400,Discontinuation,PMS-EPIRUBICIN,"PHARMASCIENCE INC","EPIRUBICIN HYDROCHLORIDE","EPIRUBICIN HYDROCHLORIDE",2MG,5ML,INTRAVENOUS,Discontinued,SOLUTION,L01DB,"CYTOTOXIC ANTIBIOTICS AND RELATED SUBSTANCES",2019-05-08,,"Raw material availability",2019-06-28,2019-06-28,No
87938,02410400,Discontinuation,PMS-EPIRUBICIN,"PHARMASCIENCE INC",EPIRUBICIN,"EPIRUBICIN HYDROCHLORIDE",2MG,25ML,INTRAVENOUS,Discontinued,SOLUTION,L01DB,"CYTOTOXIC ANTIBIOTICS AND RELATED SUBSTANCES",2019-06-11,,"Raw material availability",2019-06-28,2019-06-28,No
149400,02410400,Discontinuation,PMS-EPIRUBICIN,"PHARMASCIENCE INC",EPIRUBICIN,"EPIRUBICIN HYDROCHLORIDE",2MG,"5 mL","INTRAVENOUS; INTRAVENOUS",Discontinued,SOLUTION,L01DB,"CYTOTOXIC ANTIBIOTICS AND RELATED SUBSTANCES",2021-11-15,,"Business reasons",2021-11-16,2021-11-16,No
149403,02410400,Discontinuation,PMS-EPIRUBICIN,"PHARMASCIENCE INC",EPIRUBICIN,"EPIRUBICIN HYDROCHLORIDE",2MG,"100 mL","INTRAVENOUS; INTRAVENOUS",Discontinued,SOLUTION,L01DB,"CYTOTOXIC ANTIBIOTICS AND RELATED SUBSTANCES",2021-11-15,,"Business reasons",2021-11-16,2021-11-16,No
149406,02410400,Discontinuation,PMS-EPIRUBICIN,"PHARMASCIENCE INC",EPIRUBICIN,"EPIRUBICIN HYDROCHLORIDE",2MG,"25 mL","INTRAVENOUS; INTRAVENOUS",Discontinued,SOLUTION,L01DB,"CYTOTOXIC ANTIBIOTICS AND RELATED SUBSTANCES",2021-11-15,,"Business reasons",2021-11-16,2021-11-16,No
149368,02454386,Discontinuation,PMS-ERLOTINIB,"PHARMASCIENCE INC",ERLOTINIB,ERLOTINIB,100MG,30,"ORAL; ORAL",Discontinued,TABLET,L01XE,"OTHER ANTINEOPLASTIC AGENTS",2021-11-15,,"Business reasons",2021-11-16,2021-11-16,No
149371,02454394,Discontinuation,PMS-ERLOTINIB,"PHARMASCIENCE INC",ERLOTINIB,ERLOTINIB,150MG,30,"ORAL; ORAL",Discontinued,TABLET,L01XE,"OTHER ANTINEOPLASTIC AGENTS",2021-11-15,,"Business reasons",2021-11-16,2021-11-16,No
284298,02469251,Discontinuation,PMS-ESCITALOPRAM,"PHARMASCIENCE INC",ESCITALOPRAM,ESCITALOPRAM,20MG,"100 & 3x10","ORAL; ORAL",Discontinued,TABLET,N06AB,ANTIDEPRESSANTS,2026-05-04,,"Manufacturing issues",2026-05-05,2026-05-05,No
117909,02379171,Discontinuation,"PMS-ESOMEPRAZOLE DR","PHARMASCIENCE INC",ESOMEPRAZOLE,ESOMEPRAZOLE,40MG,"30, 100","ORAL; ORAL",Discontinued,"CAPSULE (DELAYED RELEASE)",A02BC,"DRUGS FOR PEPTIC ULCER AND GASTROESOPHAGEAL REFLUX DISEASE (GERD)",2020-06-15,2020-06-15,"Business reasons",2020-06-15,2021-10-27,No
117852,02278081,Discontinuation,PMS-FAMCICLOVIR,"PHARMASCIENCE INC",FAMCICLOVIR,FAMCICLOVIR,125MG,10,"ORAL; ORAL",Discontinued,TABLET,J05AB,"DIRECT ACTING ANTIVIRALS",2020-06-15,2020-06-15,"Business reasons",2020-06-15,2021-10-27,No
117855,02278103,Discontinuation,PMS-FAMCICLOVIR,"PHARMASCIENCE INC",FAMCICLOVIR,FAMCICLOVIR,250MG,"30, 100","ORAL; ORAL",Discontinued,TABLET,J05AB,"DIRECT ACTING ANTIVIRALS",2020-06-15,2020-06-15,"Business reasons",2020-06-15,2021-10-27,No
117858,02278111,Discontinuation,PMS-FAMCICLOVIR,"PHARMASCIENCE INC",FAMCICLOVIR,FAMCICLOVIR,500MG,"21,100","ORAL; ORAL",Discontinued,TABLET,J05AB,"DIRECT ACTING ANTIVIRALS",2020-06-15,2020-06-15,"Business reasons",2020-06-15,2021-10-27,No
149412,02278081,Discontinuation,PMS-FAMCICLOVIR,"PHARMASCIENCE INC",FAMCICLOVIR,FAMCICLOVIR,125MG,10,"ORAL; ORAL",Discontinued,TABLET,J05AB,"DIRECT ACTING ANTIVIRALS",2021-11-15,,"Business reasons",2021-11-16,2021-11-16,No
158293,02341417,Discontinuation,"PMS-FENTANYL MTX","PHARMASCIENCE INC","FENTANYL MTX",FENTANYL,100MCG,5,"TRANSDERMAL; TRANSDERMAL",Discontinued,PATCH,N02AB,OPIOIDS,2022-04-06,,"Business reasons",2022-04-07,2022-04-07,No
158296,02341409,Discontinuation,"PMS-FENTANYL MTX","PHARMASCIENCE INC","FENTANYL MTX",FENTANYL,75MCG,5,"TRANSDERMAL; TRANSDERMAL",Discontinued,PATCH,N02AB,OPIOIDS,2022-04-06,,"Business reasons",2022-04-07,2022-04-07,No
158299,02341395,Discontinuation,"PMS-FENTANYL MTX","PHARMASCIENCE INC","FENTANYL MTX",FENTANYL,50MCG,5,"TRANSDERMAL; TRANSDERMAL",Discontinued,PATCH,N02AB,OPIOIDS,2022-04-06,,"Business reasons",2022-04-07,2022-04-07,No
158304,02341387,Discontinuation,"PMS-FENTANYL MTX","PHARMASCIENCE INC","FENTANYL MTX",FENTANYL,25MCG,5,"TRANSDERMAL; TRANSDERMAL",Discontinued,PATCH,N02AB,OPIOIDS,2022-04-06,,"Business reasons",2022-04-07,2022-04-07,No
165397,02341379,Discontinuation,"PMS-FENTANYL MTX","PHARMASCIENCE INC","Fentanyl MTX",FENTANYL,12MCG,5,"TRANSDERMAL; TRANSDERMAL",Discontinued,PATCH,N02AB,OPIOIDS,2022-08-01,2022-08-01,"Business reasons",2022-07-25,2022-11-25,No
165462,02341379,Discontinuation,"PMS-FENTANYL MTX","PHARMASCIENCE INC","Fentanyl MTX",FENTANYL,12MCG,5,"TRANSDERMAL; TRANSDERMAL",Discontinued,PATCH,N02AB,OPIOIDS,2022-08-01,2022-08-01,"Business reasons",2022-07-25,2022-11-25,No
6051,02247494,Discontinuation,PMS-FUROSEMIDE,"PHARMASCIENCE INC",FUROSEMIDE,FUROSEMIDE,40MG,500,ORAL,Discontinued,TABLET,C03CA,"HIGH-CEILING DIURETICS",2017-04-05,,"Business reasons",2017-04-07,2017-04-07,No
25717,02247493,Discontinuation,PMS-FUROSEMIDE,"PHARMASCIENCE INC",FUROSEMIDE,FUROSEMIDE,20MG,500,ORAL,Discontinued,TABLET,C03CA,"HIGH-CEILING DIURETICS",2017-05-30,2017-05-30,"Other (Please describe in comments)",2017-10-12,2017-10-12,No
117796,02255898,Discontinuation,PMS-GABAPENTIN,"PHARMASCIENCE INC",GABAPENTIN,GABAPENTIN,600MG,100,"ORAL; ORAL",Discontinued,TABLET,N03AX,ANTIEPILEPTICS,2020-06-15,2020-06-15,"Business reasons",2020-06-15,2021-10-27,No
117801,02255901,Discontinuation,PMS-GABAPENTIN,"PHARMASCIENCE INC",GABAPENTIN,GABAPENTIN,800MG,100,"ORAL; ORAL",Discontinued,TABLET,N03AX,ANTIEPILEPTICS,2020-06-15,2020-06-15,"Business reasons",2020-06-15,2021-10-27,No
147331,02398370,Discontinuation,"PMS-GALANTAMINE ER","PHARMASCIENCE INC",GALANTAMINE,GALANTAMINE,8MG,30,"ORAL; ORAL",Discontinued,"CAPSULE (EXTENDED RELEASE)",N06DA,"ANTI-DEMENTIA DRUGS",2021-10-14,,"Business reasons",2021-10-15,2021-10-15,No
147335,02398370,Discontinuation,"PMS-GALANTAMINE ER","PHARMASCIENCE INC",GALANTAMINE,GALANTAMINE,8MG,100,"ORAL; ORAL",Discontinued,"CAPSULE (EXTENDED RELEASE)",N06DA,"ANTI-DEMENTIA DRUGS",2021-10-14,,"Business reasons",2021-10-15,2021-10-15,No
147340,02398389,Discontinuation,"PMS-GALANTAMINE ER","PHARMASCIENCE INC",GALANTAMINE,GALANTAMINE,16MG,30,"ORAL; ORAL",Discontinued,"CAPSULE (EXTENDED RELEASE)",N06DA,"ANTI-DEMENTIA DRUGS",2021-10-14,,"Business reasons",2021-10-15,2021-10-15,No
147344,02398389,Discontinuation,"PMS-GALANTAMINE ER","PHARMASCIENCE INC",GALANTAMINE,GALANTAMINE,16MG,100,"ORAL; ORAL",Discontinued,"CAPSULE (EXTENDED RELEASE)",N06DA,"ANTI-DEMENTIA DRUGS",2021-10-14,,"Business reasons",2021-10-15,2021-10-15,No
147347,02398397,Discontinuation,"PMS-GALANTAMINE ER","PHARMASCIENCE INC",GALANTAMINE,GALANTAMINE,24MG,30,"ORAL; ORAL",Discontinued,"CAPSULE (EXTENDED RELEASE)",N06DA,"ANTI-DEMENTIA DRUGS",2021-10-14,,"Business reasons",2021-10-15,2021-10-15,No
147352,02398397,Discontinuation,"PMS-GALANTAMINE ER","PHARMASCIENCE INC",GALANTAMINE,GALANTAMINE,24MG,100,"ORAL; ORAL",Discontinued,"CAPSULE (EXTENDED RELEASE)",N06DA,"ANTI-DEMENTIA DRUGS",2021-10-14,,"Business reasons",2021-10-15,2021-10-15,No
8595,02236734,Discontinuation,PMS-GLYBURIDE,"PHARMASCIENCE INC",GLYBURIDE,GLYBURIDE,5MG,500,ORAL,Discontinued,TABLET,A10BB,"BLOOD GLUCOSE LOWERING DRUGS, EXCL. INSULINS",2017-05-01,,"Business reasons",2017-05-02,2017-05-02,No
117763,02236734,Discontinuation,PMS-GLYBURIDE,"PHARMASCIENCE INC",GLYBURIDE,GLYBURIDE,5MG,"30, 100","ORAL; ORAL",Discontinued,TABLET,A10BB,"BLOOD GLUCOSE LOWERING DRUGS, EXCL. INSULINS",2020-06-15,2020-06-15,"Business reasons",2020-06-15,2021-10-27,No
149376,00885428,Discontinuation,"PMS-HYDROMORPHONE TAB 8MG","PHARMASCIENCE INC",HYDROMORPHONE,"HYDROMORPHONE HYDROCHLORIDE",8MG,100,"ORAL; ORAL",Discontinued,TABLET,N02AA,OPIOIDS,2021-11-15,,"Business reasons",2021-11-16,2021-11-16,No
149415,00839264,Discontinuation,PMS-IBUPROFEN,"PHARMASCIENCE INC",IBUPROFEN,IBUPROFEN,600MG,100,ORAL,Discontinued,TABLET,M01AE,"ANTIINFLAMMATORY/ANTIRHEUMATIC PROD.,NON-STEROIDS",2021-11-15,,"Business reasons",2021-11-16,2021-11-16,No
149418,00839264,Discontinuation,PMS-IBUPROFEN,"PHARMASCIENCE INC",IBUPROFEN,IBUPROFEN,600MG,500,ORAL,Discontinued,TABLET,M01AE,"ANTIINFLAMMATORY/ANTIRHEUMATIC PROD.,NON-STEROIDS",2021-11-15,,"Business reasons",2021-11-16,2021-11-16,No
117927,02431114,Discontinuation,PMS-IMATINIB,"PHARMASCIENCE INC",IMATINIB,IMATINIB,100MG,120,"ORAL; ORAL",Discontinued,TABLET,L01XE,"OTHER ANTINEOPLASTIC AGENTS",2020-06-15,2020-06-15,"Business reasons",2020-06-15,2021-10-27,No
117930,02431122,Discontinuation,PMS-IMATINIB,"PHARMASCIENCE INC",IMATINIB,IMATINIB,400MG,30,"ORAL; ORAL",Discontinued,TABLET,L01XE,"OTHER ANTINEOPLASTIC AGENTS",2020-06-15,2020-06-15,"Business reasons",2020-06-15,2021-10-27,No
149421,02015951,Discontinuation,PMS-KETOPROFEN,"PHARMASCIENCE INC",KETOPROFEN,KETOPROFEN,100MG,10,RECTAL,Discontinued,SUPPOSITORY,M01AE,"ANTIINFLAMMATORY/ANTIRHEUMATIC PROD.,NON-STEROIDS",2021-11-15,,"Business reasons",2021-11-16,2021-11-16,No
149424,02015951,Discontinuation,PMS-KETOPROFEN,"PHARMASCIENCE INC",KETOPROFEN,KETOPROFEN,100MG,30,RECTAL,Discontinued,SUPPOSITORY,M01AE,"ANTIINFLAMMATORY/ANTIRHEUMATIC PROD.,NON-STEROIDS",2021-11-15,,"Business reasons",2021-11-16,2021-11-16,No
149427,02148773,Discontinuation,PMS-KETOPROFEN,"PHARMASCIENCE INC",KETOPROFEN,KETOPROFEN,50MG,30,RECTAL,Discontinued,SUPPOSITORY,M01AE,"ANTIINFLAMMATORY/ANTIRHEUMATIC PROD.,NON-STEROIDS",2021-11-15,,"Business reasons",2021-11-16,2021-11-16,No
149430,02150808,Discontinuation,"PMS-KETOPROFEN CAPSULES","PHARMASCIENCE INC",KETOPROFEN,KETOPROFEN,50MG,100,ORAL,Discontinued,CAPSULE,M01AE,"ANTIINFLAMMATORY/ANTIRHEUMATIC PROD.,NON-STEROIDS",2021-11-15,,"Business reasons",2021-11-16,2021-11-16,No
149437,02150808,Discontinuation,"PMS-KETOPROFEN CAPSULES","PHARMASCIENCE INC",KETOPROFEN,KETOPROFEN,50MG,500,ORAL,Discontinued,CAPSULE,M01AE,"ANTIINFLAMMATORY/ANTIRHEUMATIC PROD.,NON-STEROIDS",2021-11-15,,"Business reasons",2021-11-16,2021-11-16,No
149441,02150824,Discontinuation,"PMS-KETOPROFEN E-100 - ECT","PHARMASCIENCE INC",KETOPROFEN,KETOPROFEN,100MG,100,ORAL,Discontinued,"TABLET (ENTERIC-COATED)",M01AE,"ANTIINFLAMMATORY/ANTIRHEUMATIC PROD.,NON-STEROIDS",2021-11-15,,"Business reasons",2021-11-16,2021-11-16,No
149445,02150824,Discontinuation,"PMS-KETOPROFEN E-100 - ECT","PHARMASCIENCE INC",KETOPROFEN,KETOPROFEN,100MG,500,ORAL,Discontinued,"TABLET (ENTERIC-COATED)",M01AE,"ANTIINFLAMMATORY/ANTIRHEUMATIC PROD.,NON-STEROIDS",2021-11-15,,"Business reasons",2021-11-16,2021-11-16,No
149448,02150816,Discontinuation,"PMS-KETOPROFEN E-50  - ECT 50MG","PHARMASCIENCE INC",KETOPROFEN,KETOPROFEN,50MG,100,ORAL,Discontinued,"TABLET (ENTERIC-COATED)",M01AE,"ANTIINFLAMMATORY/ANTIRHEUMATIC PROD.,NON-STEROIDS",2021-11-15,,"Business reasons",2021-11-16,2021-11-16,No
149451,02150816,Discontinuation,"PMS-KETOPROFEN E-50  - ECT 50MG","PHARMASCIENCE INC",KETOPROFEN,KETOPROFEN,50MG,500,ORAL,Discontinued,"TABLET (ENTERIC-COATED)",M01AE,"ANTIINFLAMMATORY/ANTIRHEUMATIC PROD.,NON-STEROIDS",2021-11-15,,"Business reasons",2021-11-16,2021-11-16,No
117711,00703486,Discontinuation,"PMS-LACTULOSE SYR 667MG/ML","PHARMASCIENCE INC",LACTULOSE,LACTULOSE,667MG,90,"ORAL; ORAL",Discontinued,SOLUTION,A06AD,"DRUGS FOR CONSTIPATION",2020-06-15,2020-06-15,"Business reasons",2020-06-15,2021-10-27,No
129716,00703486,Discontinuation,"PMS-LACTULOSE SYR 667MG/ML","PHARMASCIENCE INC",LACTULOSE,LACTULOSE,667MG,"15 ML","ORAL; ORAL",Discontinued,SOLUTION,A06AD,"DRUGS FOR CONSTIPATION",2020-12-07,,"Business reasons",2020-12-07,2020-12-08,No
149379,00703486,Discontinuation,"PMS-LACTULOSE SYR 667MG/ML","PHARMASCIENCE INC",LACTULOSE,LACTULOSE,667MG,1L,"ORAL; ORAL",Discontinued,SOLUTION,A06AD,"DRUGS FOR CONSTIPATION",2021-11-15,,"Business reasons",2021-11-16,2021-11-16,No
149454,00703486,Discontinuation,"PMS-LACTULOSE SYR 667MG/ML","PHARMASCIENCE INC",LACTULOSE,LACTULOSE,667MG,"500 ML","ORAL; ORAL",Discontinued,SOLUTION,A06AD,"DRUGS FOR CONSTIPATION",2021-11-15,,"Business reasons",2021-11-16,2021-11-16,No
257194,02246897,Discontinuation,PMS-LAMOTRIGINE,"PHARMASCIENCE INC",LAMOTRIGINE,LAMOTRIGINE,25MG,100,"ORAL; ORAL",Discontinued,TABLET,N03AX,ANTIEPILEPTICS,2025-05-12,,"Business reasons",2025-05-13,2025-05-13,No
257197,02246899,Discontinuation,PMS-LAMOTRIGINE,"PHARMASCIENCE INC",LAMOTRIGINE,LAMOTRIGINE,150MG,100,"ORAL; ORAL",Discontinued,TABLET,N03AX,ANTIEPILEPTICS,2025-05-12,,"Business reasons",2025-05-13,2025-05-13,No
117921,02421488,Discontinuation,"PMS-LEVOCARB CR","PHARMASCIENCE INC",LEVOCARB,"LEVODOPA; CARBIDOPA","100MG; 25MG",100,"ORAL; ORAL",Discontinued,"TABLET (EXTENDED-RELEASE); TABLET (EXTENDED-RELEASE)",N04BA,"DOPAMINERGIC AGENTS",2020-06-15,2020-06-15,"Business reasons",2020-06-15,2021-10-27,No
117924,02421496,Discontinuation,"PMS-LEVOCARB CR","PHARMASCIENCE INC",LEVOCARB,"LEVODOPA; CARBIDOPA","200MG; 50MG",100,"ORAL; ORAL",Discontinued,"TABLET (EXTENDED-RELEASE); TABLET (EXTENDED-RELEASE)",N04BA,"DOPAMINERGIC AGENTS",2020-06-15,2020-06-15,"Business reasons",2020-06-15,2021-10-27,No
6054,02284685,Discontinuation,PMS-LEVOFLOXACIN,"PHARMASCIENCE INC",LEVOFLAXACIN,LEVOFLOXACIN,500MG,100,ORAL,Discontinued,TABLET,J01MA,"QUINOLONE ANTIBACTERIALS",2017-03-23,,"Business reasons",2017-04-07,2017-04-07,No
6057,02284677,Discontinuation,PMS-LEVOFLOXACIN,"PHARMASCIENCE INC",LEVOFLAXACIN,LEVOFLOXACIN,250MG,100,ORAL,Discontinued,TABLET,J01MA,"QUINOLONE ANTIBACTERIALS",2017-03-23,,"Business reasons",2017-04-07,2017-04-07,No
6060,02305585,Discontinuation,PMS-LEVOFLOXACIN,"PHARMASCIENCE INC",LEVOFLOXACIN,LEVOFLOXACIN,750MG,100,ORAL,Discontinued,TABLET,J01MA,"QUINOLONE ANTIBACTERIALS",2017-03-23,,"Business reasons",2017-04-07,2017-04-07,No
117727,00811874,Discontinuation,"PMS-LIDOCAINE VISCOUS 2%","PHARMASCIENCE INC","LIDOCAINE VISCOUS","LIDOCAINE HYDROCHLORIDE",2%,"50, 100","DENTAL; DENTAL",Discontinued,LIQUID,N01BB,"ANESTHETICS, LOCAL",2020-06-15,2020-06-15,"Business reasons",2020-06-15,2021-10-27,No
6063,02292238,Discontinuation,PMS-LISINOPRIL,"PHARMASCIENCE INC",LISINOPRIL,LISINOPRIL,20MG,100,ORAL,Discontinued,TABLET,C09AA,"ACE INHIBITORS, PLAIN",2017-04-05,,"Business reasons",2017-04-07,2017-04-07,No
6066,02292238,Discontinuation,PMS-LISINOPRIL,"PHARMASCIENCE INC",LISINOPRIL,LISINOPRIL,20MG,500,ORAL,Discontinued,TABLET,C09AA,"ACE INHIBITORS, PLAIN",2017-04-05,,"Business reasons",2017-04-07,2017-04-07,No
6069,02292203,Discontinuation,PMS-LISINOPRIL,"PHARMASCIENCE INC",LISINOPRIL,LISINOPRIL,5MG,100,ORAL,Discontinued,TABLET,C09AA,"ACE INHIBITORS, PLAIN",2017-04-05,,"Business reasons",2017-04-07,2017-04-07,No
111078,02292211,Discontinuation,PMS-LISINOPRIL,"PHARMASCIENCE INC",LISINOPRIL,LISINOPRIL,10MG,"30, 100, 500",ORAL,Discontinued,TABLET,C09AA,"ACE INHIBITORS, PLAIN",2020-04-06,2020-04-06,"Business reasons",2020-04-06,2021-10-27,No
24711,02216132,Discontinuation,"PMS-LITHIUM CARBONATE - CAP 150MG","PHARMASCIENCE INC","LITHIUM CARBONATE","LITHIUM CARBONATE",150MG,1000,ORAL,Discontinued,CAPSULE,N05AN,ANTIPSYCHOTICS,2017-10-04,,"Business reasons",2017-10-06,2017-10-06,No
24716,02216140,Discontinuation,"PMS-LITHIUM CARBONATE - CAP 300MG","PHARMASCIENCE INC","LITHIUM CARBONATE","LITHIUM CARBONATE",300MG,1000,ORAL,Discontinued,CAPSULE,N05AN,ANTIPSYCHOTICS,2017-10-04,,"Business reasons",2017-10-06,2017-10-06,No
149382,02216159,Discontinuation,"PMS-LITHIUM CARBONATE - CAP 600MG","PHARMASCIENCE INC","LITHIUM CARBONATE","LITHIUM CARBONATE",600MG,100,"ORAL; ORAL",Discontinued,CAPSULE,N05AN,ANTIPSYCHOTICS,2021-11-15,,"Business reasons",2021-11-16,2021-11-16,No
117717,00728187,Discontinuation,"PMS-LORAZEPAM TAB 0.5MG","PHARMASCIENCE INC",LORAZEPAM,LORAZEPAM,0.5MG,"500, 1000","ORAL; ORAL",Discontinued,TABLET,N05BA,ANXIOLYTICS,2020-06-15,2020-06-15,"Business reasons",2020-06-15,2021-10-27,No
117720,00728195,Discontinuation,"PMS-LORAZEPAM TAB 1MG","PHARMASCIENCE INC",LORAZEPAM,LORAZEPAM,1MG,3000,"ORAL; ORAL",Discontinued,TABLET,N05BA,ANXIOLYTICS,2020-06-15,2020-06-15,"Business reasons",2020-06-15,2021-10-27,No
117885,02309769,Discontinuation,PMS-LOSARTAN,"PHARMASCIENCE INC",LOSARTAN,"LOSARTAN POTASSIUM",50MG,30,"ORAL; ORAL",Discontinued,TABLET,C09CA,"ANGIOTENSIN II ANTAGONISTS, PLAIN",2020-06-15,2020-06-15,"Business reasons",2020-06-15,2021-10-27,No
53201,02392240,Discontinuation,PMS-LOSARTAN-HCTZ,"PHARMASCIENCE INC",LOSARTAN,"HYDROCHLOROTHIAZIDE; LOSARTAN POTASSIUM","25MG; 100MG",30,ORAL,Discontinued,TABLET,C09DA,"ANGIOTENSIN II ANTAGONISTS, COMBINATIONS",2018-06-29,,"Other (Please describe in comments)",2018-06-29,2018-06-30,No
67847,02392224,Discontinuation,PMS-LOSARTAN-HCTZ,"PHARMASCIENCE INC","LOSARTAN HCTZ","HYDROCHLOROTHIAZIDE; LOSARTAN POTASSIUM","12.5MG; 50MG",30,ORAL,Discontinued,TABLET,C09DA,"ANGIOTENSIN II ANTAGONISTS, COMBINATIONS",2018-11-29,,"Business reasons",2018-11-28,2018-11-30,No
67987,02392232,Discontinuation,PMS-LOSARTAN-HCTZ,"PHARMASCIENCE INC",LOSARTAN,"HYDROCHLOROTHIAZIDE; LOSARTAN POTASSIUM","12.5MG; 100MG",30,ORAL,Discontinued,TABLET,C09DA,"ANGIOTENSIN II ANTAGONISTS, COMBINATIONS",2018-11-29,,"Business reasons",2018-11-29,2018-11-30,No
69243,02392232,Discontinuation,PMS-LOSARTAN-HCTZ,"PHARMASCIENCE INC","LOSARTAN HCTZ","HYDROCHLOROTHIAZIDE; LOSARTAN POTASSIUM","12.5MG; 100MG",30,ORAL,Discontinued,TABLET,C09DA,"ANGIOTENSIN II ANTAGONISTS, COMBINATIONS",2018-11-29,,"Business reasons",2018-12-11,2018-12-11,No
117790,02248267,Discontinuation,PMS-MELOXICAM,"PHARMASCIENCE INC",MELOXICAM,MELOXICAM,7.5MG,3X10,"ORAL; ORAL",Discontinued,TABLET,M01AC,"ANTIINFLAMMATORY/ANTIRHEUMATIC PROD.,NON-STEROIDS",2020-06-15,2020-06-15,"Business reasons",2020-06-15,2021-10-27,No
117793,02248268,Discontinuation,PMS-MELOXICAM,"PHARMASCIENCE INC",MELOXICAM,MELOXICAM,15MG,"30, 500","ORAL; ORAL",Discontinued,TABLET,M01AC,"ANTIINFLAMMATORY/ANTIRHEUMATIC PROD.,NON-STEROIDS",2020-06-15,2020-06-15,"Business reasons",2020-06-15,2021-10-27,No
129911,02223562,Discontinuation,"PMS-METFORMIN - TAB 500MG","PHARMASCIENCE INC",METFORMIN,"METFORMIN HYDROCHLORIDE",500MG,100,"ORAL; ORAL",Discontinued,TABLET,A10BA,"BLOOD GLUCOSE LOWERING DRUGS, EXCL. INSULINS",2020-12-09,,"Business reasons",2020-12-10,2020-12-10,No
118099,02413736,Discontinuation,"PMS-METHYLPHENIDATE ER","PHARMASCIENCE INC","Methylphenidate Tablet","METHYLPHENIDATE HYDROCHLORIDE",27MG,100,ORAL,Discontinued,"TABLET (EXTENDED-RELEASE)",N06BA,"PSYCHOSTIMULANTS AND NOOTROPICS",2020-06-15,,"Business reasons",2020-06-17,2020-06-17,No
118102,02413752,Discontinuation,"PMS-METHYLPHENIDATE ER","PHARMASCIENCE INC","Methylphenidate tablet","METHYLPHENIDATE HYDROCHLORIDE",54MG,100,ORAL,Discontinued,"TABLET (EXTENDED-RELEASE)",N06BA,"PSYCHOSTIMULANTS AND NOOTROPICS",2020-06-15,,"Business reasons",2020-06-17,2020-06-17,No
118105,02413728,Discontinuation,"PMS-METHYLPHENIDATE ER","PHARMASCIENCE INC","Methylphenidate tablet","METHYLPHENIDATE HYDROCHLORIDE",18MG,100,ORAL,Discontinued,"TABLET (EXTENDED-RELEASE)",N06BA,"PSYCHOSTIMULANTS AND NOOTROPICS",2020-06-15,,"Business reasons",2020-06-17,2020-06-17,No
118108,02413744,Discontinuation,"PMS-METHYLPHENIDATE ER","PHARMASCIENCE INC","Methylphenidate tablet","METHYLPHENIDATE HYDROCHLORIDE",36MG,100,ORAL,Discontinued,"TABLET (EXTENDED-RELEASE)",N06BA,"PSYCHOSTIMULANTS AND NOOTROPICS",2020-06-15,,"Business reasons",2020-06-17,2020-06-17,No
6136,00783137,Discontinuation,PMS-METRONIDAZOLE,"PHARMASCIENCE INC",METRONIDAZOLE,METRONIDAZOLE,500MG,100,ORAL,Discontinued,CAPSULE,J01XD,"OTHER ANTIBACTERIALS",2017-04-05,,"Business reasons",2017-04-07,2017-04-07,No
117724,00783137,Discontinuation,PMS-METRONIDAZOLE,"PHARMASCIENCE INC",METRONIDAZOLE,METRONIDAZOLE,500MG,100,"ORAL; ORAL",Discontinued,"CAPSULE; CAPSULE",J01XD,"OTHER ANTIBACTERIALS",2020-06-15,2020-06-15,"Business reasons",2020-06-15,2021-10-27,No
53208,02294419,Discontinuation,PMS-MINOCYCLINE,"PHARMASCIENCE INC",MINOCYCLINE,MINOCYCLINE,50MG,100,ORAL,Discontinued,CAPSULE,J01AA,TETRACYCLINES,2018-06-29,,"Other (Please describe in comments)",2018-06-29,2018-06-30,No
118111,02294427,Discontinuation,PMS-MINOCYCLINE,"PHARMASCIENCE INC","Minocycline capsule",MINOCYCLINE,100MG,100,ORAL,Discontinued,CAPSULE,J01AA,TETRACYCLINES,2020-06-15,,"Business reasons",2020-06-17,2020-06-17,No
117745,02017237,Discontinuation,PMS-NAPROXEN,"PHARMASCIENCE INC",NAPROXEN,NAPROXEN,500MG,30,"RECTAL; RECTAL",Discontinued,SUPPOSITORY,M01AE,"ANTIINFLAMMATORY/ANTIRHEUMATIC PROD.,NON-STEROIDS",2020-06-15,2020-06-15,"Business reasons",2020-06-15,2021-10-27,No
117865,02294710,Discontinuation,"PMS-NAPROXEN EC","PHARMASCIENCE INC",NAPROXEN,NAPROXEN,500MG,100,"ORAL; ORAL",Discontinued,"TABLET (ENTERIC-COATED)",M01AE,"ANTIINFLAMMATORY/ANTIRHEUMATIC PROD.,NON-STEROIDS",2020-06-15,2020-06-15,"Business reasons",2020-06-15,2021-10-27,No
147388,02418630,Discontinuation,"PMS-NIFEDIPINE ER","PHARMASCIENCE INC",NIFEDIPINE,NIFEDIPINE,30MG,30,"ORAL; ORAL",Discontinued,"TABLET (EXTENDED-RELEASE)",C08CA,"SELECTIVE CALC.CHANNEL BLOCK. W/MAINLY VASC. EFF.",2021-10-14,,"Business reasons",2021-10-15,2021-10-15,No
147393,02416301,Discontinuation,"PMS-NIFEDIPINE ER","PHARMASCIENCE INC",NIFEDIPINE,NIFEDIPINE,60MG,30,"ORAL; ORAL",Discontinued,"TABLET (EXTENDED-RELEASE)",C08CA,"SELECTIVE CALC.CHANNEL BLOCK. W/MAINLY VASC. EFF.",2021-10-14,,"Business reasons",2021-10-15,2021-10-15,No
111618,00792667,Discontinuation,"PMS-NYSTATIN SUSPENSION 100000 UNIT/ML","PHARMASCIENCE INC",NYSTATIN,NYSTATIN,100000UNIT,48mL,"ORAL; ORAL",Discontinued,SUSPENSION,A07AA,INTESTINALANTIINFECTIVES,2020-04-09,,"Business reasons",2020-04-09,2020-04-10,No
135474,00792667,Discontinuation,"PMS-NYSTATIN SUSPENSION 100000 UNIT/ML","PHARMASCIENCE INC",NYSTATIN,NYSTATIN,100000UNIT,48mL,"ORAL; ORAL",Discontinued,SUSPENSION,A07AA,INTESTINALANTIINFECTIVES,2021-03-10,,"Business reasons",2021-03-11,2021-03-11,No
117906,02367483,Discontinuation,PMS-OLANZAPINE,"PHARMASCIENCE INC",OLANZAPINE,OLANZAPINE,20MG,100,"ORAL; ORAL",Discontinued,TABLET,N05AH,ANTIPSYCHOTICS,2020-06-15,2020-06-15,"Business reasons",2020-06-15,2021-10-27,No
149385,02461307,Discontinuation,PMS-OLMESARTAN,"PHARMASCIENCE INC",OLMESARTAN,"OLMESARTAN MEDOXOMIL",20MG,1000,"ORAL; ORAL",Discontinued,TABLET,C09CA,"ANGIOTENSIN II ANTAGONISTS, PLAIN",2021-11-15,,"Business reasons",2021-11-16,2021-11-16,No
149388,02461315,Discontinuation,PMS-OLMESARTAN,"PHARMASCIENCE INC",OLMESARTAN,"OLMESARTAN MEDOXOMIL",40MG,1000,"ORAL; ORAL",Discontinued,TABLET,C09CA,"ANGIOTENSIN II ANTAGONISTS, PLAIN",2021-11-15,,"Business reasons",2021-11-16,2021-11-16,No
117891,02320851,Discontinuation,PMS-OMEPRAZOLE,"PHARMASCIENCE INC",OMEPRAZOLE,OMEPRAZOLE,20MG,500,"ORAL; ORAL",Discontinued,"CAPSULE (DELAYED RELEASE)",A02BC,"DRUGS FOR PEPTIC ULCER AND GASTROESOPHAGEAL REFLUX DISEASE (GERD)",2020-06-15,2020-06-15,"Business reasons",2020-06-15,2021-10-27,No
118117,02310260,Discontinuation,"PMS-OMEPRAZOLE DR","PHARMASCIENCE INC","Omeprazole Tablet",OMEPRAZOLE,20MG,30,ORAL,Discontinued,"TABLET (DELAYED-RELEASE)",A02BC,"DRUGS FOR PEPTIC ULCER AND GASTROESOPHAGEAL REFLUX DISEASE (GERD)",2020-06-15,,"Business reasons",2020-06-17,2020-06-17,No
118120,02310260,Discontinuation,"PMS-OMEPRAZOLE DR","PHARMASCIENCE INC","Omeprazole tablet",OMEPRAZOLE,20MG,100,ORAL,Discontinued,"TABLET (DELAYED-RELEASE)",A02BC,"DRUGS FOR PEPTIC ULCER AND GASTROESOPHAGEAL REFLUX DISEASE (GERD)",2020-06-15,,"Business reasons",2020-06-17,2020-06-17,No
118123,02310260,Discontinuation,"PMS-OMEPRAZOLE DR","PHARMASCIENCE INC","Omeprazole tablet",OMEPRAZOLE,20MG,500,ORAL,Discontinued,"TABLET (DELAYED-RELEASE)",A02BC,"DRUGS FOR PEPTIC ULCER AND GASTROESOPHAGEAL REFLUX DISEASE (GERD)",2020-06-15,,"Business reasons",2020-06-17,2020-06-17,No
6072,02437074,Discontinuation,PMS-OXALIPLATIN,"PHARMASCIENCE INC",OXALIPLATIN,OXALIPLATIN,5MG,10,INTRAVENOUS,Discontinued,SOLUTION,L01XA,"OTHER ANTINEOPLASTIC AGENTS",2017-04-07,,"Business reasons",2017-04-07,2017-04-08,No
6075,02437074,Discontinuation,PMS-OXALIPLATIN,"PHARMASCIENCE INC",OXALIPLATIN,OXALIPLATIN,5MG,20,INTRAVENOUS,Discontinued,SOLUTION,L01XA,"OTHER ANTINEOPLASTIC AGENTS",2017-04-07,,"Business reasons",2017-04-07,2017-04-08,No
6078,02437074,Discontinuation,PMS-OXALIPLATIN,"PHARMASCIENCE INC",OXALIPLATIN,OXALIPLATIN,5MG,40,INTRAVENOUS,Discontinued,SOLUTION,L01XA,"OTHER ANTINEOPLASTIC AGENTS",2017-04-07,,"Business reasons",2017-04-07,2017-04-08,No
117936,02437074,Discontinuation,PMS-OXALIPLATIN,"PHARMASCIENCE INC",OXALIPLATIN,OXALIPLATIN,5MG,"10, 20, 40 mL",INTRAVENOUS,Discontinued,SOLUTION,L01XA,"OTHER ANTINEOPLASTIC AGENTS",2020-06-15,2020-06-15,"Business reasons",2020-06-15,2021-10-27,No
118114,02291665,Discontinuation,PMS-PANTOPRAZOLE,"PHARMASCIENCE INC","Pantoprazole powder",PANTOPRAZOLE,40MG,"10 mL",INTRAVENOUS,Discontinued,"POWDER FOR SOLUTION",A02BC,"DRUGS FOR PEPTIC ULCER AND GASTROESOPHAGEAL REFLUX DISEASE (GERD)",2020-06-15,,"Business reasons",2020-06-17,2020-06-17,No
117781,02247750,Discontinuation,PMS-PAROXETINE,"PHARMASCIENCE INC",PAROXETINE,PAROXETINE,10MG,30,"ORAL; ORAL",Discontinued,"TABLET; TABLET",N06AB,ANTIDEPRESSANTS,2020-06-15,2020-06-15,"Business reasons",2020-06-15,2021-10-27,No
117784,02247751,Discontinuation,PMS-PAROXETINE,"PHARMASCIENCE INC",PAROXETINE,PAROXETINE,20MG,30,"ORAL; ORAL",Discontinued,TABLET,N06AB,ANTIDEPRESSANTS,2020-06-15,2020-06-15,"Business reasons",2020-06-15,2021-10-27,No
117787,02247752,Discontinuation,PMS-PAROXETINE,"PHARMASCIENCE INC",PAROXETINE,PAROXETINE,30MG,30,"ORAL; ORAL",Discontinued,TABLET,N06AB,ANTIDEPRESSANTS,2020-06-15,2020-06-15,"Business reasons",2020-06-15,2021-10-27,No
39531,02303140,Discontinuation,PMS-PIOGLITAZONE,"PHARMASCIENCE INC",PIOGLITAZONE,PIOGLITAZONE,45MG,100,ORAL,Discontinued,TABLET,A10BG,"BLOOD GLUCOSE LOWERING DRUGS, EXCL. INSULINS",2018-02-12,,"Other (Please describe in comments)",2018-02-12,2018-02-13,No
117870,02303124,Discontinuation,PMS-PIOGLITAZONE,"PHARMASCIENCE INC",PIOGLITAZONE,PIOGLITAZONE,15MG,100,"ORAL; ORAL",Discontinued,TABLET,A10BG,"BLOOD GLUCOSE LOWERING DRUGS, EXCL. INSULINS",2020-06-15,2020-06-15,"Business reasons",2020-06-15,2021-10-27,No
117873,02303132,Discontinuation,PMS-PIOGLITAZONE,"PHARMASCIENCE INC",PIOGLITAZONE,PIOGLITAZONE,30MG,100,"ORAL; ORAL",Discontinued,TABLET,A10BG,"BLOOD GLUCOSE LOWERING DRUGS, EXCL. INSULINS",2020-06-15,2020-06-15,"Business reasons",2020-06-15,2021-10-27,No
118126,02290111,Discontinuation,PMS-PRAMIPEXOLE,"PHARMASCIENCE INC","Pramipexole tablet","PRAMIPEXOLE DIHYDROCHLORIDE MONOHYDRATE",0.25MG,100,ORAL,Discontinued,TABLET,N04BC,"DOPAMINERGIC AGENTS",2020-06-15,,"Business reasons",2020-06-17,2020-06-17,No
118129,02290146,Discontinuation,PMS-PRAMIPEXOLE,"PHARMASCIENCE INC","Pramipexole tablet","PRAMIPEXOLE DIHYDROCHLORIDE MONOHYDRATE",1.0MG,100,ORAL,Discontinued,TABLET,N04BC,"DOPAMINERGIC AGENTS",2020-06-15,,"Business reasons",2020-06-17,2020-06-17,No
118132,02290138,Discontinuation,PMS-PRAMIPEXOLE,"PHARMASCIENCE INC","Pramipexole tablet","PRAMIPEXOLE DIHYDROCHLORIDE MONOHYDRATE",0.50MG,100,ORAL,Discontinued,TABLET,N04BC,"DOPAMINERGIC AGENTS",2020-06-15,,"Business reasons",2020-06-17,2020-06-17,No
117775,02247655,Discontinuation,PMS-PRAVASTATIN,"PHARMASCIENCE INC",PRAVASTATIN,"PRAVASTATIN SODIUM",10MG,30,"ORAL; ORAL",Discontinued,TABLET,C10AA,"LIPID MODIFYING AGENTS, PLAIN",2020-06-15,2020-06-15,"Business reasons",2020-06-15,2021-10-27,No
117778,02247656,Discontinuation,PMS-PRAVASTATIN,"PHARMASCIENCE INC",PRAVASTATIN,"PRAVASTATIN SODIUM",20MG,30,"ORAL; ORAL",Discontinued,TABLET,C10AA,"LIPID MODIFYING AGENTS, PLAIN",2020-06-15,2020-06-15,"Business reasons",2020-06-15,2021-10-27,No
32089,02294559,Discontinuation,PMS-PROPAFENONE,"PHARMASCIENCE INC",PROPAFENONE,"PROPAFENONE HYDROCHLORIDE",150MG,100,ORAL,Discontinued,TABLET,C01BC,"ANTIARRHYTHMICS, CLASS I AND III",2018-02-20,2018-01-25,"Other (Please describe in comments)",2017-12-07,2018-02-21,No
56891,02294575,Discontinuation,PMS-PROPAFENONE,"PHARMASCIENCE INC",PROPAFENONE,"PROPAFENONE HYDROCHLORIDE",300MG,100,ORAL,Discontinued,TABLET,C01BC,"ANTIARRHYTHMICS, CLASS I AND III",2017-12-29,,"Business reasons",2018-07-30,2018-07-30,No
173173,02296594,Discontinuation,PMS-QUETIAPINE,"PHARMASCIENCE INC",QUETIAPINE,QUETIAPINE,200MG,500,"ORAL; ORAL",Discontinued,TABLET,N05AH,ANTIPSYCHOTICS,2022-10-31,,"Business reasons",2022-10-31,2022-11-01,No
38830,02310805,Discontinuation,"PMS-RABEPRAZOLE EC","PHARMASCIENCE INC",RABEPRAZOLE,"RABEPRAZOLE SODIUM",10MG,500,ORAL,Discontinued,"TABLET (ENTERIC-COATED)",A02BC,"DRUGS FOR PEPTIC ULCER AND GASTROESOPHAGEAL REFLUX DISEASE (GERD)",2018-02-02,,"Other (Please describe in comments)",2018-02-06,2018-02-06,No
38843,02310805,Discontinuation,"PMS-RABEPRAZOLE EC","PHARMASCIENCE INC",RABEPRAZOLE,"RABEPRAZOLE SODIUM",10MG,100,ORAL,Discontinued,"TABLET (ENTERIC-COATED)",A02BC,"DRUGS FOR PEPTIC ULCER AND GASTROESOPHAGEAL REFLUX DISEASE (GERD)",2018-02-02,,"Other (Please describe in comments)",2018-02-06,2018-02-06,No
117888,02310813,Discontinuation,"PMS-RABEPRAZOLE EC","PHARMASCIENCE INC",RABEPRAZOLE,"RABEPRAZOLE SODIUM",20MG,500,"ORAL; ORAL",Discontinued,"TABLET (ENTERIC-COATED)",A02BC,"DRUGS FOR PEPTIC ULCER AND GASTROESOPHAGEAL REFLUX DISEASE (GERD)",2020-06-15,2020-06-15,"Business reasons",2020-06-15,2021-10-27,No
29515,02358921,Discontinuation,PMS-RALOXIFENE,"PHARMASCIENCE INC",RALOXIFENE,"RALOXIFENE HYDROCHLORIDE",60MG,100,ORAL,Discontinued,TABLET,G03XC,"OTHER SEX HORM. & MODULATORS OF THE GENITAL SYSTEM",2017-11-16,,"Other (Please describe in comments)",2017-11-17,2017-11-17,No
111081,02247918,Discontinuation,PMS-RAMIPRIL,"PHARMASCIENCE INC",RAMIPRIL,RAMIPRIL,5MG,100,"ORAL; ORAL",Discontinued,CAPSULE,C09AA,"ACE INHIBITORS, PLAIN",2020-04-06,2020-04-06,"Business reasons",2020-04-06,2021-10-27,No
111084,02247919,Discontinuation,PMS-RAMIPRIL,"PHARMASCIENCE INC",RAMIPRIL,RAMIPRIL,10MG,500,"ORAL; ORAL",Discontinued,CAPSULE,C09AA,"ACE INHIBITORS, PLAIN",2020-04-06,2020-04-06,"Business reasons",2020-04-06,2021-10-27,No
111990,02247917,Discontinuation,PMS-RAMIPRIL,"PHARMASCIENCE INC",RAMIPRIL,RAMIPRIL,2.5MG,30,"ORAL; ORAL",Discontinued,CAPSULE,C09AA,"ACE INHIBITORS, PLAIN",2020-04-13,2020-04-13,"Business reasons",2020-04-13,2021-10-27,No
111993,02247917,Discontinuation,PMS-RAMIPRIL,"PHARMASCIENCE INC",RAMIPRIL,RAMIPRIL,2.5MG,100,"ORAL; ORAL",Discontinued,CAPSULE,C09AA,"ACE INHIBITORS, PLAIN",2020-04-13,2020-04-13,"Business reasons",2020-04-13,2021-10-27,No
111996,02247917,Discontinuation,PMS-RAMIPRIL,"PHARMASCIENCE INC",RAMIPRIL,RAMIPRIL,2.5MG,500,"ORAL; ORAL",Discontinued,CAPSULE,C09AA,"ACE INHIBITORS, PLAIN",2020-04-13,2020-04-13,"Business reasons",2020-04-13,2021-10-27,No
118135,02295369,Discontinuation,PMS-RAMIPRIL,"PHARMASCIENCE INC","Ramipril capsule",RAMIPRIL,1.25MG,30,ORAL,Discontinued,CAPSULE,C09AA,"ACE INHIBITORS, PLAIN",2020-06-15,,"Business reasons",2020-06-17,2020-06-17,No
118138,02342138,Discontinuation,PMS-RAMIPRIL-HCTZ,"PHARMASCIENCE INC","Ramipril HCTZ tablet","RAMIPRIL; HYDROCHLOROTHIAZIDE","2.5MG; 12.5MG",100,ORAL,Discontinued,TABLET,C09BA,"ACE INHIBITORS, COMBINATIONS",2020-06-15,,"Business reasons",2020-06-17,2020-06-17,No
118141,02342146,Discontinuation,PMS-RAMIPRIL-HCTZ,"PHARMASCIENCE INC","Ramipril HCTZ tablet","RAMIPRIL; HYDROCHLOROTHIAZIDE","5MG; 12.5MG",100,ORAL,Discontinued,TABLET,C09BA,"ACE INHIBITORS, COMBINATIONS",2020-06-15,,"Business reasons",2020-06-17,2020-06-17,No
118144,02342146,Discontinuation,PMS-RAMIPRIL-HCTZ,"PHARMASCIENCE INC","Ramipril HCTZ tablet","RAMIPRIL; HYDROCHLOROTHIAZIDE","5MG; 12.5MG",30,ORAL,Discontinued,TABLET,C09BA,"ACE INHIBITORS, COMBINATIONS",2020-06-15,,"Business reasons",2020-06-17,2020-06-17,No
118147,02342162,Discontinuation,PMS-RAMIPRIL-HCTZ,"PHARMASCIENCE INC","Ramipril HCTZ tablet","RAMIPRIL; HYDROCHLOROTHIAZIDE","5.0MG; 25.0MG",100,ORAL,Discontinued,TABLET,C09BA,"ACE INHIBITORS, COMBINATIONS",2020-06-15,,"Business reasons",2020-06-17,2020-06-17,No
135507,02242453,Discontinuation,"PMS-RANITIDINE 150 MG","PHARMASCIENCE INC",RANITIDINE,RANITIDINE,150MG,60,"ORAL; ORAL",Discontinued,TABLET,A02BA,"DRUGS FOR PEPTIC ULCER AND GASTROESOPHAGEAL REFLUX DISEASE (GERD)",2021-03-10,,"Business reasons",2021-03-11,2021-03-11,No
135488,02242454,Discontinuation,"PMS-RANITIDINE 300 MG","PHARMASCIENCE INC",RANITIDINE,RANITIDINE,300MG,30,"ORAL; ORAL",Discontinued,TABLET,A02BA,"DRUGS FOR PEPTIC ULCER AND GASTROESOPHAGEAL REFLUX DISEASE (GERD)",2021-03-10,,"Business reasons",2021-03-11,2021-03-11,No
135504,02242454,Discontinuation,"PMS-RANITIDINE 300 MG","PHARMASCIENCE INC",RANITIDINE,RANITIDINE,300MG,250,"ORAL; ORAL",Discontinued,TABLET,A02BA,"DRUGS FOR PEPTIC ULCER AND GASTROESOPHAGEAL REFLUX DISEASE (GERD)",2021-03-10,,"Business reasons",2021-03-11,2021-03-11,No
118150,02291789,Discontinuation,"PMS-RISPERIDONE ODT","PHARMASCIENCE INC","Risperidone Tablet",RISPERIDONE,1MG,30,ORAL,Discontinued,"TABLET (ORALLY DISINTEGRATING)",N05AX,ANTIPSYCHOTICS,2020-06-15,,"Business reasons",2020-06-17,2020-06-17,No
118153,02291797,Discontinuation,"PMS-RISPERIDONE ODT","PHARMASCIENCE INC","Risperidone tablet",RISPERIDONE,2MG,30,ORAL,Discontinued,"TABLET (ORALLY DISINTEGRATING)",N05AX,ANTIPSYCHOTICS,2020-06-15,,"Business reasons",2020-06-17,2020-06-17,No
118156,02370697,Discontinuation,"PMS-RISPERIDONE ODT","PHARMASCIENCE INC","Risperidone tablet",RISPERIDONE,3MG,30,ORAL,Discontinued,"TABLET (ORALLY DISINTEGRATING)",N05AX,ANTIPSYCHOTICS,2020-06-15,,"Business reasons",2020-06-17,2020-06-17,No
118159,02370700,Discontinuation,"PMS-RISPERIDONE ODT","PHARMASCIENCE INC","Risperidone tablet",RISPERIDONE,4MG,30,ORAL,Discontinued,"TABLET (ORALLY DISINTEGRATING)",N05AX,ANTIPSYCHOTICS,2020-06-15,,"Business reasons",2020-06-17,2020-06-17,No
51699,02326612,Discontinuation,PMS-ROPINIROLE,"PHARMASCIENCE INC",ROPINIROLE,ROPINIROLE,1.0MG,100,ORAL,Discontinued,TABLET,N04BC,"DOPAMINERGIC AGENTS",2018-06-06,,"Other (Please describe in comments)",2018-06-06,2018-06-07,No
117897,02326590,Discontinuation,PMS-ROPINIROLE,"PHARMASCIENCE INC",ROPINIROLE,ROPINIROLE,0.25MG,100,"ORAL; ORAL",Discontinued,TABLET,N04BC,"DOPAMINERGIC AGENTS",2020-06-15,2020-06-15,"Business reasons",2020-06-15,2021-10-27,No
117900,02326620,Discontinuation,PMS-ROPINIROLE,"PHARMASCIENCE INC",ROPINIROLE,ROPINIROLE,2.0MG,100,"ORAL; ORAL",Discontinued,TABLET,N04BC,"DOPAMINERGIC AGENTS",2020-06-15,2020-06-15,"Business reasons",2020-06-15,2021-10-27,No
117903,02326639,Discontinuation,PMS-ROPINIROLE,"PHARMASCIENCE INC",ROPINIROLE,ROPINIROLE,5.0MG,100,ORAL,Discontinued,TABLET,N04BC,"DOPAMINERGIC AGENTS",2020-06-15,2020-06-15,"Business reasons",2020-06-15,2021-10-27,No
135481,02244840,Discontinuation,PMS-SERTRALINE,"PHARMASCIENCE INC",SERTRALINE,SERTRALINE,100MG,250,"ORAL; ORAL",Discontinued,CAPSULE,N06AB,ANTIDEPRESSANTS,2021-03-10,,"Business reasons",2021-03-11,2021-03-11,No
117804,02269252,Discontinuation,PMS-SIMVASTATIN,"PHARMASCIENCE INC",SIMVASTATIN,SIMVASTATIN,5MG,"30, 100","ORAL; ORAL",Discontinued,TABLET,C10AA,"LIPID MODIFYING AGENTS, PLAIN",2020-06-15,2020-06-15,"Business reasons",2020-06-15,2021-10-27,No
117807,02269260,Discontinuation,PMS-SIMVASTATIN,"PHARMASCIENCE INC",SIMVASTATIN,SIMVASTATIN,10MG,"30, 100","ORAL; ORAL",Discontinued,TABLET,C10AA,"LIPID MODIFYING AGENTS, PLAIN",2020-06-15,2020-06-15,"Business reasons",2020-06-15,2021-10-27,No
117810,02269279,Discontinuation,PMS-SIMVASTATIN,"PHARMASCIENCE INC",SIMVASTATIN,SIMVASTATIN,20MG,"30, 100, 500","ORAL; ORAL",Discontinued,TABLET,C10AA,"LIPID MODIFYING AGENTS, PLAIN",2020-06-15,2020-06-15,"Business reasons",2020-06-15,2021-10-27,No
117815,02269287,Discontinuation,PMS-SIMVASTATIN,"PHARMASCIENCE INC",SIMVASTATIN,SIMVASTATIN,40MG,4,"ORAL; ORAL",Discontinued,TABLET,C10AA,"LIPID MODIFYING AGENTS, PLAIN",2020-06-15,2020-06-15,"Business reasons",2020-06-15,2021-10-27,No
117849,02269295,Discontinuation,PMS-SIMVASTATIN,"PHARMASCIENCE INC",SIMVASTATIN,SIMVASTATIN,80MG,"30, 100","ORAL; ORAL",Discontinued,TABLET,C10AA,"LIPID MODIFYING AGENTS, PLAIN",2020-06-15,2020-06-15,"Business reasons",2020-06-15,2021-10-27,No
164809,02046113,Discontinuation,"PMS-SODIUM CROMOGLYCATE","PHARMASCIENCE INC","CROMOLYN  SODIUM INHALATION SOLUTION","CROMOLYN SODIUM",1%,"50 X 2ML","INHALATION; INHALATION",Discontinued,SOLUTION,R03BC,"OTHER DRUGS FOR OBSTRUCTIVE AIRWAY DISEASES, INHALANTS",2023-03-31,2022-10-15,"Business reasons",2022-07-18,2023-04-12,No
117915,02417723,Discontinuation,PMS-SOLIFENACIN,"PHARMASCIENCE INC",SOLIFENACIN,"SOLIFENACIN SUCCINATE",5MG,"30, 100","ORAL; ORAL",Reversed,TABLET,G04BD,"OTHER UROLOGICALS, INCL ANTISPASMODICS",,,"Business reasons",2020-06-15,2020-10-06,No
117918,02417731,Discontinuation,PMS-SOLIFENACIN,"PHARMASCIENCE INC",SOLIFENACIN,"SOLIFENACIN SUCCINATE",10MG,30,"ORAL; ORAL",Discontinued,TABLET,G04BD,"OTHER UROLOGICALS, INCL ANTISPASMODICS",2020-06-15,2020-06-15,"Business reasons",2020-06-15,2021-10-27,No
234583,02238327,Discontinuation,"PMS-SOTALOL - 160 MG","PHARMASCIENCE INC",SOTALOL,"SOTALOL HYDROCHLORIDE",160MG,100,"ORAL; ORAL",Reversed,TABLET,C07AA,"BETA BLOCKING AGENTS",,2024-10-30,"Business reasons",2024-08-05,2024-08-23,No
134853,00598488,Discontinuation,"PMS-SULFASALAZINE-E.C. TAB 500MG","PHARMASCIENCE INC",SULFASALAZINE,SULFASALAZINE,500MG,500,"ORAL; ORAL",Discontinued,"TABLET (ENTERIC-COATED)",A07EC,"INTESTINALANTIINFLAMMATORY AGENTS",2021-02-28,,"Business reasons",2021-03-01,2021-03-01,No
149391,02256436,Discontinuation,PMS-SUMATRIPTAN,"PHARMASCIENCE INC",SUMATRIPTAN,SUMATRIPTAN,50MG,30,"ORAL; ORAL",Discontinued,TABLET,N02CC,"ANTIMIGRAINE PREPARATIONS",2021-11-15,,"Business reasons",2021-11-16,2021-11-16,No
257208,02322498,Discontinuation,PMS-TESTOSTERONE,"PHARMASCIENCE INC",TESTOSTERONE,"TESTOSTERONE UNDECANOATE",40MG,100,"ORAL; ORAL",Discontinued,CAPSULE,G03BA,ANDROGENS,2025-05-12,,"Business reasons",2025-05-13,2025-05-13,No
257211,02322498,Discontinuation,PMS-TESTOSTERONE,"PHARMASCIENCE INC",TESTOSTERONE,"TESTOSTERONE UNDECANOATE",40MG,12x10,"ORAL; ORAL",Discontinued,CAPSULE,G03BA,ANDROGENS,2025-05-12,,"Business reasons",2025-05-13,2025-05-13,No
6081,02406446,Discontinuation,PMS-TOPOTECAN,"PHARMASCIENCE INC",TOPOTECAN,TOPOTECAN,4MG,1,INTRAVENOUS,Discontinued,"POWDER FOR SOLUTION",L01XX,"OTHER ANTINEOPLASTIC AGENTS",2017-03-23,,"Manufacturing issues",2017-04-07,2017-04-07,No
61903,02401657,Discontinuation,PMS-TRAMADOL-ACET,"PHARMASCIENCE INC",TRAMADOL,"TRAMADOL HYDROCHLORIDE; ACETAMINOPHEN","37.5MG; 325MG",60,ORAL,Discontinued,TABLET,N02AJ,OPIOIDS,2018-09-19,,"Business reasons",2018-09-19,2018-09-20,No
27377,02230768,Discontinuation,"PMS-VALPROIC ACID","PHARMASCIENCE INC","VALPROIC ACID","VALPROIC ACID",250MG,500,ORAL,Discontinued,CAPSULE,N03AG,ANTIEPILEPTICS,2017-10-01,,"Other (Please describe in comments)",2017-10-27,2017-10-27,No
117757,02229628,Discontinuation,"PMS-VALPROIC ACID E.C.","PHARMASCIENCE INC","VALPROIC ACID","VALPROIC ACID",500MG,500,"ORAL; ORAL",Discontinued,"CAPSULE (ENTERIC-COATED)",N03AG,ANTIEPILEPTICS,2020-06-15,2020-06-15,"Business reasons",2020-06-15,2021-10-27,No
165475,02278545,Discontinuation,"PMS-VENLAFAXINE XR","PHARMASCIENCE INC",VENLAFAXINE,VENLAFAXINE,37.5MG,500,"ORAL; ORAL",Discontinued,"CAPSULE (EXTENDED RELEASE)",N06AX,ANTIDEPRESSANTS,2022-06-27,,"Business reasons",2022-07-25,2022-07-25,No
165480,02278561,Discontinuation,"PMS-VENLAFAXINE XR","PHARMASCIENCE INC",VENLAFAXINE,VENLAFAXINE,150MG,100,"ORAL; ORAL",Discontinued,"CAPSULE (EXTENDED RELEASE)",N06AX,ANTIDEPRESSANTS,2022-06-27,,"Business reasons",2022-07-25,2022-07-25,No
165485,02278545,Discontinuation,"PMS-VENLAFAXINE XR","PHARMASCIENCE INC",VENLAFAXINE,VENLAFAXINE,37.5MG,100,"ORAL; ORAL",Discontinued,"CAPSULE (EXTENDED RELEASE)",N06AX,ANTIDEPRESSANTS,2022-06-27,,"Business reasons",2022-07-25,2022-07-25,No
165490,02278553,Discontinuation,"PMS-VENLAFAXINE XR","PHARMASCIENCE INC",VENLAFAXINE,VENLAFAXINE,75MG,500,"ORAL; ORAL",Discontinued,"CAPSULE (EXTENDED RELEASE)",N06AX,ANTIDEPRESSANTS,2022-06-27,,"Business reasons",2022-07-25,2022-07-25,No
165495,02278561,Discontinuation,"PMS-VENLAFAXINE XR","PHARMASCIENCE INC",VENLAFAXINE,VENLAFAXINE,150MG,500,"ORAL; ORAL",Discontinued,"CAPSULE (EXTENDED RELEASE)",N06AX,ANTIDEPRESSANTS,2022-06-27,,"Business reasons",2022-07-25,2022-07-25,No
165500,02278553,Discontinuation,"PMS-VENLAFAXINE XR","PHARMASCIENCE INC",VENLAFAXINE,VENLAFAXINE,75MG,100,"ORAL; ORAL",Discontinued,"CAPSULE (EXTENDED RELEASE)",N06AX,ANTIDEPRESSANTS,2022-06-27,,"Business reasons",2022-07-25,2022-07-25,No
117766,02237791,Discontinuation,"PMS-VERAPAMIL SR","PHARMASCIENCE INC",VERAPAMIL,"VERAPAMIL HYDROCHLORIDE",240MG,100,"ORAL; ORAL",Discontinued,"TABLET (EXTENDED-RELEASE)",C08DA,"SELECTIVE CALC.CHANNEL BLOCK. W/DIRECT CARDIAC EFF",2020-06-15,2020-06-15,"Business reasons",2020-06-15,2021-10-27,No
6088,02403056,Discontinuation,"PMS-ZOLEDRONIC ACID","PHARMASCIENCE INC","ZOLEDRONIC ACID","ZOLEDRONIC ACID",4MG,"5 mL",INTRAVENOUS,Discontinued,SOLUTION,M05BA,"DRUGS AFFECTING BONE STRUCTURE AND MINERALIZATION",2017-03-23,,"Manufacturing issues",2017-04-07,2017-05-03,No
6094,02403056,Discontinuation,"PMS-ZOLEDRONIC ACID","PHARMASCIENCE INC","ZOLEDRONIC ACID","ZOLEDRONIC ACID",4MG,"5 ML",INTRAVENOUS,Discontinued,SOLUTION,M05BA,"DRUGS AFFECTING BONE STRUCTURE AND MINERALIZATION",2017-03-23,,"Manufacturing issues",2017-04-07,2017-04-07,No
117894,02324229,Discontinuation,PMS-ZOLMITRIPTAN,"PHARMASCIENCE INC",ZOLMITRIPTAN,ZOLMITRIPTAN,2.5MG,30,"ORAL; ORAL",Discontinued,TABLET,N02CC,"ANTIMIGRAINE PREPARATIONS",2020-06-15,2020-06-15,"Business reasons",2020-06-15,2021-10-27,No
165469,02324768,Discontinuation,"PMS-ZOLMITRIPTAN ODT","PHARMASCIENCE INC","ZOLMITRIPTAN ODT",ZOLMITRIPTAN,2.5MG,6,"ORAL; ORAL",Discontinued,"TABLET (ORALLY DISINTEGRATING)",N02CC,"ANTIMIGRAINE PREPARATIONS",2022-06-27,,"Business reasons",2022-07-25,2022-07-25,No
248798,02520303,Discontinuation,PMSC-METFORMIN,"PHARMASCIENCE INC",METFORMIN,"METFORMIN HYDROCHLORIDE",500MG,"500 & 360",ORAL,"To be discontinued",TABLET,A10BA,"BLOOD GLUCOSE LOWERING DRUGS, EXCL. INSULINS",,2025-06-01,"Business reasons",2025-01-28,2025-01-28,No
248801,02520311,Discontinuation,PMSC-METFORMIN,"PHARMASCIENCE INC",METFORMIN,"METFORMIN HYDROCHLORIDE",850MG,"500 & 100",ORAL,"To be discontinued",TABLET,A10BA,"BLOOD GLUCOSE LOWERING DRUGS, EXCL. INSULINS",,2025-06-01,"Business reasons",2025-01-28,2025-01-28,No
151479,00431648,Discontinuation,"PNEUMOVAX 23","MERCK CANADA INC","pneumococcal vaccine, polyvalent","PNEUMOCOCCAL POLYSACCHARIDE SEROTYPE 8; PNEUMOCOCCAL POLYSACCHARIDE SEROTYPE 7F; PNEUMOCOCCAL POLYSACCHARIDE SEROTYPE 6B; PNEUMOCOCCAL POLYSACCHARIDE SEROTYPE 5; PNEUMOCOCCAL POLYSACCHARIDE SEROTYPE 4; PNEUMOCOCCAL POLYSACCHARIDE SEROTYPE 3; PNEUMOCOCCAL POLYSACCHARIDE SEROTYPE 2; PNEUMOCOCCAL POLYSACCHARIDE SEROTYPE 33F; PNEUMOCOCCAL POLYSACCHARIDE SEROTYPE 23F; PNEUMOCOCCAL POLYSACCHARIDE SEROTYPE 22F; PNEUMOCOCCAL POLYSACCHARIDE SEROTYPE 20; PNEUMOCOCCAL POLYSACCHARIDE SEROTYPE 19F; PNEUMOCOCCAL POLYSACCHARIDE SEROTYPE 19A; PNEUMOCOCCAL POLYSACCHARIDE SEROTYPE 18C; PNEUMOCOCCAL POLYSACCHARIDE SEROTYPE 17F; PNEUMOCOCCAL POLYSACCHARIDE SEROTYPE 15B; PNEUMOCOCCAL POLYSACCHARIDE SEROTYPE 14; PNEUMOCOCCAL POLYSACCHARIDE SEROTYPE 12F; PNEUMOCOCCAL POLYSACCHARIDE SEROTYPE 11A; PNEUMOCOCCAL POLYSACCHARIDE SEROTYPE 10A; PNEUMOCOCCAL POLYSACCHARIDE SEROTYPE 9V; PNEUMOCOCCAL POLYSACCHARIDE SEROTYPE 9N; PNEUMOCOCCAL POLYSACCHARIDE SEROTYPE 1","25MCG; 25MCG; 25MCG; 25MCG; 25MCG; 25MCG; 25MCG; 25MCG; 25MCG; 25MCG; 25MCG; 25MCG; 25MCG; 25MCG; 25MCG; 25MCG; 25MCG; 25MCG; 25MCG; 25MCG; 25MCG; 25MCG; 25MCG","1 DOSE VIAL & 10X1 DOSE VIAL","SUBCUTANEOUS; INTRAMUSCULAR; SUBCUTANEOUS; INTRAMUSCULAR",Discontinued,SOLUTION,J07AL,"BACTERIAL VACCINES",2021-12-17,2021-12-17,"Other (Please describe in comments)",2021-12-17,2021-12-18,No
253520,02436442,Discontinuation,"PNEUMOVAX 23","MERCK CANADA INC","pneumococcal vaccine, polyvalent","PNEUMOCOCCAL POLYSACCHARIDE SEROTYPE 33F; PNEUMOCOCCAL POLYSACCHARIDE SEROTYPE 23F; PNEUMOCOCCAL POLYSACCHARIDE SEROTYPE 22F; PNEUMOCOCCAL POLYSACCHARIDE SEROTYPE 20; PNEUMOCOCCAL POLYSACCHARIDE SEROTYPE 19F; PNEUMOCOCCAL POLYSACCHARIDE SEROTYPE 19A; PNEUMOCOCCAL POLYSACCHARIDE SEROTYPE 18C; PNEUMOCOCCAL POLYSACCHARIDE SEROTYPE 17F; PNEUMOCOCCAL POLYSACCHARIDE SEROTYPE 15B; PNEUMOCOCCAL POLYSACCHARIDE SEROTYPE 14; PNEUMOCOCCAL POLYSACCHARIDE SEROTYPE 12F; PNEUMOCOCCAL POLYSACCHARIDE SEROTYPE 11A; PNEUMOCOCCAL POLYSACCHARIDE SEROTYPE 10A; PNEUMOCOCCAL POLYSACCHARIDE SEROTYPE 9V; PNEUMOCOCCAL POLYSACCHARIDE SEROTYPE 9N; PNEUMOCOCCAL POLYSACCHARIDE SEROTYPE 8; PNEUMOCOCCAL POLYSACCHARIDE SEROTYPE 7F; PNEUMOCOCCAL POLYSACCHARIDE SEROTYPE 6B; PNEUMOCOCCAL POLYSACCHARIDE SEROTYPE 5; PNEUMOCOCCAL POLYSACCHARIDE SEROTYPE 4; PNEUMOCOCCAL POLYSACCHARIDE SEROTYPE 3; PNEUMOCOCCAL POLYSACCHARIDE SEROTYPE 2; PNEUMOCOCCAL POLYSACCHARIDE SEROTYPE 1","25MCG; 25MCG; 25MCG; 25MCG; 25MCG; 25MCG; 25MCG; 25MCG; 25MCG; 25MCG; 25MCG; 25MCG; 25MCG; 25MCG; 25MCG; 25MCG; 25MCG; 25MCG; 25MCG; 25MCG; 25MCG; 25MCG; 25MCG","10X & 1X","SUBCUTANEOUS; INTRAMUSCULAR",Discontinued,SOLUTION,J07AL,,2025-08-20,2025-08-19,"Business reasons",2025-03-27,2025-08-21,No
110309,01942921,Discontinuation,POLYTOPIC,"SANDOZ CANADA INCORPORATED",PLYTOPIC,"BACITRACIN; POLYMYXIN B","500UNIT; 10000UNIT","15G / 30G",TOPICAL,Discontinued,OINTMENT,D06AX,"ANTIBIOTICS FOR TOPICAL USE",2018-08-14,,"Business reasons",2020-04-01,2020-04-01,No
171608,02011956,Discontinuation,"POLYTRIM OPHTHALMIC SOLUTION","ALLERGAN INC",Polytrim,"TRIMETHOPRIM; POLYMYXIN B","1MG; 10000UNIT",10mL,"OPHTHALMIC; OPHTHALMIC",Discontinued,SOLUTION,S01AA,ANTIINFECTIVES,2022-10-07,,"Business reasons",2022-10-12,2022-10-16,No
121303,00155225,Discontinuation,PONSTAN,"AA PHARMA INC",PONSTAN,"MEFENAMIC ACID",250MG,100BTL,ORAL,Discontinued,CAPSULE,M01AG,"ANTIINFLAMMATORY/ANTIRHEUMATIC PROD.,NON-STEROIDS",2020-07-28,,"Business reasons",2020-07-28,2020-07-29,No
291164,02293404,Discontinuation,POSANOL,"MERCK CANADA INC","posaconazole Oral Suspension",POSACONAZOLE,200MG,40MG/ML,"ORAL; ORAL","To be discontinued",SUSPENSION,J02AC,"ANTIMYCOTICS FOR SYSTEMIC USE",,2027-03-26,"Business reasons",2026-08-11,2026-08-11,No
128947,00786306,Discontinuation,"POTASS CHLOR 40MEQ 5% DEX AND 0.9% SOD CHLOR","BAXTER CORPORATION","40 MEQ Potassium Chloride in 5% Dextrose and 0.9% Sodium Chloride Injection USP","DEXTROSE; SODIUM CHLORIDE; POTASSIUM CHLORIDE","5G; 900MG; 300MG","1000mL, 14 bags/case","INTRAVENOUS; INTRAVENOUS",Discontinued,SOLUTION,B05BB,"I.V. SOLUTIONS",2021-02-01,2021-02-01,"Business reasons",2020-11-26,2021-02-02,No
148671,02299100,Discontinuation,"POTASSIUM CHLORIDE 20 MEQ IN 0.9% SODIUM CHLORIDE","ICU MEDICAL CANADA INC","Potassium Chloride in Sodium Chloride Injection USP","SODIUM CHLORIDE; POTASSIUM CHLORIDE","0.9G; 0.15G","1000 mL","INTRAVENOUS; INTRAVENOUS",Discontinued,SOLUTION,B05BB,"I.V. SOLUTIONS",2022-08-04,2022-07-01,"Business reasons",2021-11-02,2022-11-16,No
148683,00472085,Discontinuation,"POTASSIUM CHLORIDE 20 MEQ IN 3.3% DEXTROSE AND 0.3% SODIUM CHLORIDE","ICU MEDICAL CANADA INC","Potassium Chloride in Dextrose and Sodium Chloride Injection USP","POTASSIUM CHLORIDE; SODIUM CHLORIDE; DEXTROSE","0.149G; 0.3G; 3.3G","1000 mL","INTRAVENOUS; INTRAVENOUS",Discontinued,SOLUTION,B05BB,"I.V. SOLUTIONS",2022-11-30,2022-11-01,"Business reasons",2021-11-02,2022-12-15,No
148654,00466697,Discontinuation,"POTASSIUM CHLORIDE 20 MEQ IN 5% DEXTROSE","ICU MEDICAL CANADA INC","Potassium Chloride 20 mEq in 5% Dextrose USP","POTASSIUM CHLORIDE; DEXTROSE","0.149G; 5G","1000 mL","INTRAVENOUS; INTRAVENOUS",Discontinued,SOLUTION,B05BB,"I.V. SOLUTIONS",2022-08-04,2022-05-01,"Business reasons",2021-11-02,2022-11-16,No
148668,00466670,Discontinuation,"POTASSIUM CHLORIDE 20 MEQ IN 5% DEXTROSE AND 0.45% SODIUM CHLORIDE","ICU MEDICAL CANADA INC","POTASSIUM CHLORIDE IN DEXTROSE AND SODIUM  CHLORIDE INJECTION USP","POTASSIUM CHLORIDE; SODIUM CHLORIDE; DEXTROSE","0.149G; 0.45G; 5G","1000 mL","INTRAVENOUS; INTRAVENOUS",Discontinued,SOLUTION,B05BB,"I.V. SOLUTIONS",2022-08-04,2022-05-01,"Business reasons",2021-11-02,2022-11-16,No
56260,00472077,Discontinuation,"POTASSIUM CHLORIDE 40 MEQ IN 3.3% DEXTROSE WITH 0.3% SODIUM CHLORIDE","HOSPIRA HEALTHCARE CORPORATION","40 (mEq) mmol/L Potassium Chloride in 3.3% Dextrose and 0.3% Sodium Chloride Injection USP","DEXTROSE; POTASSIUM CHLORIDE; SODIUM CHLORIDE","33.3MG; 2.98MG; 3.00MG",1000ML,INTRAVENOUS,Discontinued,SOLUTION,B05BB,"I.V. SOLUTIONS",2018-07-18,2018-07-18,"Business reasons",2018-07-24,2018-07-24,No
148663,00606820,Discontinuation,"POTASSIUM CHLORIDE 40 MEQ IN 5% DEXTROSE","ICU MEDICAL CANADA INC","Potassium Chloride in Dextrose Injection USP","POTASSIUM CHLORIDE; DEXTROSE","0.3G; 5G","1000 mL","INTRAVENOUS; INTRAVENOUS",Discontinued,SOLUTION,B05BB,"I.V. SOLUTIONS",2022-08-04,2022-05-01,"Business reasons",2021-11-02,2022-11-16,No
148680,00603244,Discontinuation,"POTASSIUM CHLORIDE 40 MEQ IN 5% DEXTROSE AND 0.45% SODIUM CHLORIDE","ICU MEDICAL CANADA INC","Potassium Chloride in Dextrose and Sodium Chloride Injection USP","DEXTROSE; SODIUM CHLORIDE; POTASSIUM CHLORIDE","5G; 0.45G; 0.3G","1000 mL","INTRAVENOUS; INTRAVENOUS",Discontinued,SOLUTION,B05BB,"I.V. SOLUTIONS",2022-11-30,2022-11-01,"Business reasons",2021-11-02,2022-12-15,No
148674,02299135,Discontinuation,"POTASSIUM CHLORIDE 40 MEQ IN 5% DEXTROSE AND 0.9% SODIUM CHLORIDE","ICU MEDICAL CANADA INC","Potassium Chloride in Dextrose and Sodium Chloride Injection USP","SODIUM CHLORIDE; POTASSIUM CHLORIDE; DEXTROSE","0.9G; 0.3G; 5G","1000 mL","INTRAVENOUS; INTRAVENOUS","To be discontinued",SOLUTION,B05BB,"I.V. SOLUTIONS",,2022-07-01,"Business reasons",2021-11-02,2021-11-02,No
26385,02358808,Discontinuation,PRADAXA,"BOEHRINGER INGELHEIM (CANADA) LTD LTEE","Pradaxa Bottles 60's","DABIGATRAN ETEXILATE",150MG,"Bottle of 60's",ORAL,Discontinued,CAPSULE,B01AE,"ANTITHROMBOTIC AGENTS",2017-10-18,,"Business reasons",2017-10-19,2017-10-19,No
34114,02312441,Discontinuation,PRADAXA,"BOEHRINGER INGELHEIM (CANADA) LTD LTEE","Pradaxa Bottles 60's","DABIGATRAN ETEXILATE",110MG,"Pradaxa 110mg 60s (Bottle)",ORAL,Discontinued,CAPSULE,B01AE,"ANTITHROMBOTIC AGENTS",2017-12-19,2017-12-19,"Business reasons",2017-12-21,2017-12-21,No
255171,02312433,Discontinuation,PRADAXA,"BOEHRINGER INGELHEIM (CANADA) LTD LTEE","Pradaxa 75mg 3x10","DABIGATRAN ETEXILATE",75MG,3x10,"ORAL; ORAL",Discontinued,CAPSULE,B01AE,"ANTITHROMBOTIC AGENTS",2025-10-24,2025-09-30,"Business reasons",2025-04-17,2025-10-25,No
79465,02367602,Discontinuation,PRAMIPEXOLE,"SANIS HEALTH INC","PRAMIPEXOLE TAB","PRAMIPEXOLE DIHYDROCHLORIDE MONOHYDRATE",0.25MG,100,ORAL,Discontinued,TABLET,N04BC,"DOPAMINERGIC AGENTS",2019-03-26,,"Business reasons",2019-03-26,2019-03-27,No
79468,02367610,Discontinuation,PRAMIPEXOLE,"SANIS HEALTH INC","PRAMIPEXOLE TAB","PRAMIPEXOLE DIHYDROCHLORIDE MONOHYDRATE",0.5MG,100,ORAL,Discontinued,TABLET,N04BC,"DOPAMINERGIC AGENTS",2019-03-26,,"Business reasons",2019-03-26,2019-03-27,No
79471,02367629,Discontinuation,PRAMIPEXOLE,"SANIS HEALTH INC","PRAMIPEXOLE TAB","PRAMIPEXOLE DIHYDROCHLORIDE MONOHYDRATE",1MG,100,ORAL,Discontinued,TABLET,N04BC,"DOPAMINERGIC AGENTS",2019-03-26,,"Business reasons",2019-03-26,2019-03-27,No
129131,00893757,Discontinuation,PRAVACHOL,"BRISTOL-MYERS SQUIBB CANADA","Pracastatin Sodium","PRAVASTATIN SODIUM",20MG,1X90,"ORAL; ORAL",Discontinued,TABLET,C10AA,"LIPID MODIFYING AGENTS, PLAIN",2020-12-01,2020-12-01,"Business reasons",2020-11-30,2020-12-02,No
129134,02222051,Discontinuation,PRAVACHOL,"BRISTOL-MYERS SQUIBB CANADA","Pravastatimn Sodium","PRAVASTATIN SODIUM",40MG,1X90,"ORAL; ORAL",Discontinued,TABLET,C10AA,"LIPID MODIFYING AGENTS, PLAIN",2020-12-01,2020-12-01,"Business reasons",2020-11-30,2020-12-02,No
68392,00893757,Discontinuation,"PRAVACHOL - TAB 20MG","BRISTOL-MYERS SQUIBB CANADA",Pravastatin,"PRAVASTATIN SODIUM",20MG,"1 BTL x 90",ORAL,Discontinued,TABLET,C10AA,"LIPID MODIFYING AGENTS, PLAIN",2020-11-30,2020-11-30,"Business reasons",2018-12-03,2020-12-01,No
68395,02222051,Discontinuation,"PRAVACHOL - TAB 40MG","BRISTOL-MYERS SQUIBB CANADA",Pravastatin,"PRAVASTATIN SODIUM",40MG,"1 BTL x 90",ORAL,Discontinued,TABLET,C10AA,"LIPID MODIFYING AGENTS, PLAIN",2020-11-30,2020-11-30,"Business reasons",2018-12-03,2020-12-01,No
269766,02339366,Discontinuation,PRECEDEX,"PFIZER CANADA ULC",PRECEDEX,DEXMEDETOMIDINE,100MCG,"25 X 2ML","INTRAVENOUS; INTRAVENOUS",Discontinued,SOLUTION,N05CM,"HYPNOTICS AND SEDATIVES",2025-10-16,,"Business reasons",2025-10-16,2025-10-17,No
150889,00299405,Discontinuation,"PRED MILD","ALLERGAN INC","PRED MILD 0.12% Ophthalmic  Solution prednisolone acetate","PREDNISOLONE ACETATE",0.12%,10ml,"OPHTHALMIC; OPHTHALMIC",Discontinued,DROPS,S01BA,"ANTIINFLAMMATORY AGENTS",2022-03-31,2022-05-01,"Business reasons",2021-12-10,2022-04-01,No
70386,00156876,Discontinuation,"PREDNISONE TAB 5MG","PRO DOC LIMITEE",PREDNISONE,PREDNISONE,5MG,1000,ORAL,Discontinued,TABLET,H02AB,"CORTICOSTEROIDS FOR SYSTEMIC USE, PLAIN",2018-12-21,,"Business reasons",2018-12-21,2018-12-22,No
11974,02403749,Discontinuation,PREGABALIN,"SIVEM PHARMACEUTICALS ULC",PREGABALIN,PREGABALIN,225MG,100,ORAL,Discontinued,CAPSULE,N03AX,ANTIEPILEPTICS,2017-06-06,,"Business reasons",2017-06-06,2017-06-07,No
53357,02403692,Discontinuation,PREGABALIN,"SIVEM PHARMACEUTICALS ULC",PREGABALIN,PREGABALIN,25MG,500,ORAL,Reversed,CAPSULE,N03AX,ANTIEPILEPTICS,2018-06-29,,"Business reasons",2018-06-29,2022-02-14,No
53360,02403706,Discontinuation,PREGABALIN,"SIVEM PHARMACEUTICALS ULC",PREGABALIN,PREGABALIN,50MG,500,ORAL,Reversed,CAPSULE,N03AX,ANTIEPILEPTICS,2018-06-29,,"Business reasons",2018-06-29,2022-02-14,No
53363,02403714,Discontinuation,PREGABALIN,"SIVEM PHARMACEUTICALS ULC",PREGABALIN,PREGABALIN,75MG,500,ORAL,Reversed,CAPSULE,N03AX,ANTIEPILEPTICS,2018-06-29,,"Business reasons",2018-06-29,2022-02-14,No
53366,02403722,Discontinuation,PREGABALIN,"SIVEM PHARMACEUTICALS ULC",PREGABALIN,PREGABALIN,150MG,500,ORAL,Reversed,CAPSULE,N03AX,ANTIEPILEPTICS,2018-06-29,,"Business reasons",2018-06-29,2022-02-14,No
12009,02411768,Discontinuation,PREGABALIN-150,"SIVEM PHARMACEUTICALS ULC",PREGABALIN,PREGABALIN,150MG,100,ORAL,Discontinued,CAPSULE,N03AX,ANTIEPILEPTICS,2017-06-06,,"Business reasons",2017-06-06,2017-06-07,No
12000,02411725,Discontinuation,PREGABALIN-25,"SIVEM PHARMACEUTICALS ULC",PREGABALIN,PREGABALIN,25MG,100,ORAL,Discontinued,CAPSULE,N03AX,ANTIEPILEPTICS,2017-06-06,,"Business reasons",2017-06-06,2017-06-07,No
12003,02411733,Discontinuation,PREGABALIN-50,"SIVEM PHARMACEUTICALS ULC",PREGABALIN,PREGABALIN,50MG,100,ORAL,Discontinued,CAPSULE,N03AX,ANTIEPILEPTICS,2017-06-06,,"Business reasons",2017-06-06,2017-06-07,No
12006,02411741,Discontinuation,PREGABALIN-75,"SIVEM PHARMACEUTICALS ULC",PREGABALIN,PREGABALIN,75MG,100,ORAL,Discontinued,CAPSULE,N03AX,ANTIEPILEPTICS,2017-06-06,,"Business reasons",2017-06-06,2017-06-07,No
62762,02043440,Discontinuation,"PREMARIN VAGINAL CREAM","PFIZER CANADA INC",PREMARIN,"CONJUGATED ESTROGENS",0.625MG,"Tube 14G",VAGINAL,Discontinued,CREAM,G03CA,ESTROGENS,2018-09-11,,"Business reasons",2018-10-01,2018-10-01,No
289932,00860786,Discontinuation,"PREPIDIL GEL","PFIZER CANADA ULC","PREPIDIL GEL",DINOPROSTONE,0.5MG,"1 X 3G","INTRACERVICAL; INTRACERVICAL",Discontinued,GEL,G02AD,UTEROTONICS,2026-07-24,,"Business reasons",2026-07-27,2026-07-27,No
806,02246133,Discontinuation,"PRESSYN AR","FERRING INC","PRESSYN AR",VASOPRESSIN,20UNIT,"10 x 2ML amps","INTRAMUSCULAR; SUBCUTANEOUS",Discontinued,LIQUID,H01BA,"POSTERIOR PITUITARY LOBE HORMONES",2017-03-10,,"Business reasons",2017-03-13,2018-07-16,No
30611,00804541,Discontinuation,"PREVEX B","GLAXOSMITHKLINE INC","Betamethasone valerate cream",,,"All pack sizes / Tous les formats",,Discontinued,,,,2017-11-22,,"Manufacturing issues",2017-11-24,2017-11-24,No
285290,02335204,Discontinuation,"PREVNAR 13","PFIZER CANADA ULC",Prevnar13,"CORYNEBACTERIUM DIPHTHERIAE CRM-197 PROTEIN; PNEUMOCOCCAL POLYSACCHARIDE SEROTYPE 1; PNEUMOCOCCAL POLYSACCHARIDE SEROTYPE 5; PNEUMOCOCCAL POLYSACCHARIDE SEROTYPE 4; PNEUMOCOCCAL POLYSACCHARIDE SEROTYPE 6B; PNEUMOCOCCAL POLYSACCHARIDE SEROTYPE 9V; PNEUMOCOCCAL POLYSACCHARIDE SEROTYPE 3; PNEUMOCOCCAL POLYSACCHARIDE SEROTYPE 19A; PNEUMOCOCCAL POLYSACCHARIDE SEROTYPE 14; PNEUMOCOCCAL POLYSACCHARIDE SEROTYPE 19F; PNEUMOCOCCAL POLYSACCHARIDE SEROTYPE 18C; PNEUMOCOCCAL POLYSACCHARIDE SEROTYPE 23F; PNEUMOCOCCAL POLYSACCHARIDE SEROTYPE 6A; PNEUMOCOCCAL POLYSACCHARIDE SEROTYPE 7F","34MCG; 2.2MCG; 2.2MCG; 2.2MCG; 4.4MCG; 2.2MCG; 2.2MCG; 2.2MCG; 2.2MCG; 2.2MCG; 2.2MCG; 2.2MCG; 2.2MCG; 2.2MCG","1x0.5ml & 10x0.5ml","INTRAMUSCULAR; INTRAMUSCULAR",Discontinued,SUSPENSION,J07AL,"BACTERIAL VACCINES",2026-05-14,2026-05-14,"Business reasons",2026-05-15,2026-05-15,No
261800,02469405,Discontinuation,PREVYMIS,"MERCK CANADA INC","Letermovir for injection",LETERMOVIR,20MG,"480mg vial","INTRAVENOUS; INTRAVENOUS",Discontinued,SOLUTION,J05AX,"DIRECT ACTING ANTIVIRALS",2025-09-09,2025-09-30,"Business reasons",2025-07-03,2025-09-10,No
190879,02416530,Discontinuation,PREZISTA,"JANSSEN INC",Prezista,DARUNAVIR,100MG,1,"ORAL; ORAL","To be discontinued",SUSPENSION,J05AE,"DIRECT ACTING ANTIVIRALS",,2023-10-02,"Business reasons",2023-04-27,2023-04-27,No
190882,02369753,Discontinuation,PREZISTA,"JANSSEN INC",Prezista,DARUNAVIR,150MG,1,"ORAL; ORAL","To be discontinued",TABLET,J05AE,"DIRECT ACTING ANTIVIRALS",,2023-10-02,"Business reasons",2023-04-27,2023-04-27,No
190885,02324024,Discontinuation,PREZISTA,"JANSSEN INC",Prezista,DARUNAVIR,600MG,1,"ORAL; ORAL","To be discontinued",TABLET,J05AE,"DIRECT ACTING ANTIVIRALS",,2023-10-02,"Business reasons",2023-04-27,2023-04-27,No
190888,02338432,Discontinuation,PREZISTA,"JANSSEN INC",PREZISTA,DARUNAVIR,75MG,1,"ORAL; ORAL","To be discontinued",TABLET,J05AE,"DIRECT ACTING ANTIVIRALS",,2023-10-02,"Business reasons",2023-04-27,2023-04-27,No
190891,02393050,Discontinuation,PREZISTA,"JANSSEN INC",PREZISTA,DARUNAVIR,800MG,1,"ORAL; ORAL","To be discontinued",TABLET,J05AE,"DIRECT ACTING ANTIVIRALS",,2023-10-02,"Business reasons",2023-04-27,2023-04-27,No
149907,00717282,Discontinuation,"PRIMAXIN 500","MERCK CANADA INC","imipenem and cilastatin sodium for injection","CILASTATIN; IMIPENEM","500MG; 500MG","500MG X 25 VIAL 20ML","INTRAVENOUS; INTRAVENOUS",Discontinued,"POWDER FOR SOLUTION",J01DH,"OTHER BETA-LACTAM ANTIBACTERIALS",2022-06-30,2022-07-02,"Business reasons",2021-11-25,2022-07-01,No
109308,00839396,Discontinuation,PRINIVIL,"MERCK CANADA INC","lisinopril tablets",LISINOPRIL,10MG,28TAB,ORAL,Discontinued,TABLET,C09AA,"ACE INHIBITORS, PLAIN",2020-08-19,2020-08-31,"Business reasons",2020-03-24,2020-08-20,No
109313,00839418,Discontinuation,PRINIVIL,"MERCK CANADA INC","lisinopril tablets",LISINOPRIL,20MG,28TAB,ORAL,Discontinued,TABLET,C09AA,"ACE INHIBITORS, PLAIN",2020-09-30,2020-09-30,"Business reasons",2020-03-24,2020-10-01,No
135383,02311062,Discontinuation,"PRO-CEFADROXIL - 500","PRO DOC LIMITEE","CEFADROXIL 500",CEFADROXIL,500MG,100,"ORAL; ORAL",Discontinued,CAPSULE,J01DB,"OTHER BETA-LACTAM ANTIBACTERIALS",2021-03-08,2021-03-31,"Business reasons",2021-03-09,2021-04-02,No
135934,02311453,Discontinuation,"PRO-CEFUROXIME - 500","PRO DOC LIMITEE",CEFUROXIME,CEFUROXIME,500MG,100,"ORAL; ORAL",Discontinued,TABLET,J01DC,"OTHER BETA-LACTAM ANTIBACTERIALS",2021-05-31,2021-05-31,"Business reasons",2021-03-18,2021-06-01,No
229620,02526913,Discontinuation,PRO-DESVENLAFAXINE,"PRO DOC LIMITEE",DESVENLAFAXINE,DESVENLAFAXINE,50MG,30,ORAL,Discontinued,"TABLET (EXTENDED-RELEASE)",N06AX,ANTIDEPRESSANTS,2024-05-31,,"Business reasons",2024-06-04,2024-06-04,No
229623,02526921,Discontinuation,PRO-DESVENLAFAXINE,"PRO DOC LIMITEE",DESVENLAFAXINE,DESVENLAFAXINE,100MG,30,ORAL,Discontinued,"TABLET (EXTENDED-RELEASE)",N06AX,ANTIDEPRESSANTS,2024-05-24,,"Business reasons",2024-06-04,2024-06-04,No
81127,02311267,Discontinuation,"PRO-DEXAMETHASONE - 4","PRO DOC LIMITEE","PRO-DEXAMETHASONE - 4",DEXAMETHASONE,4MG,100,ORAL,Discontinued,TABLET,H02AB,"CORTICOSTEROIDS FOR SYSTEMIC USE, PLAIN",2019-04-10,,"Business reasons",2019-04-10,2019-04-11,No
120544,02311461,Discontinuation,"PRO-DICLO RAPIDE - 50","PRO DOC LIMITEE","DICLO RAPIDE","DICLOFENAC POTASSIUM",50MG,100,"ORAL; ORAL",Discontinued,TABLET,M01AB,"ANTIINFLAMMATORY/ANTIRHEUMATIC PROD.,NON-STEROIDS",2020-07-17,,"Business reasons",2020-07-17,2020-07-18,No
87484,02310228,Discontinuation,"PRO-FENO-SUPER - 100","PRO DOC LIMITEE","PRO-FENO-SUPER - 100",FENOFIBRATE,100MG,100,ORAL,Discontinued,TABLET,C10AB,"LIPID MODIFYING AGENTS, PLAIN",2019-06-25,,"Business reasons",2019-06-25,2019-06-26,No
89969,02310236,Discontinuation,"PRO-FENO-SUPER - 160","PRO DOC LIMITEE","PRO-FENO-SUPER - 160",FENOFIBRATE,160MG,100,ORAL,Discontinued,TABLET,C10AB,"LIPID MODIFYING AGENTS, PLAIN",2019-08-06,2019-08-30,"Business reasons",2019-07-25,2019-08-07,No
9522,02310694,Discontinuation,PRO-FLUCONAZOLE,"PRO DOC LIMITEE",FLUCONAZOLE,FLUCONAZOLE,150MG,1,ORAL,Discontinued,CAPSULE,J02AC,"ANTIMYCOTICS FOR SYSTEMIC USE",2017-05-05,,"Business reasons",2017-05-08,2017-05-08,No
9606,02316544,Discontinuation,PRO-GLYBURIDE,"PRO DOC LIMITEE",GLYBURIDE,GLYBURIDE,5MG,500,ORAL,Discontinued,TABLET,A10BB,"BLOOD GLUCOSE LOWERING DRUGS, EXCL. INSULINS",2017-07-04,,"Business reasons",2017-05-08,2017-08-08,No
9617,02316544,Discontinuation,PRO-GLYBURIDE,"PRO DOC LIMITEE",GLYBURIDE,GLYBURIDE,5MG,30,ORAL,Discontinued,TABLET,A10BB,"BLOOD GLUCOSE LOWERING DRUGS, EXCL. INSULINS",2017-08-08,,"Business reasons",2017-05-08,2017-08-09,No
87481,02311011,Discontinuation,"PRO-HYDROXYQUINE - 200","PRO DOC LIMITEE","PRO-HYDROXYQUINE - 200","HYDROXYCHLOROQUINE SULFATE",200MG,100,ORAL,Discontinued,TABLET,P01BA,ANTIMALARIALS,2019-06-25,,"Business reasons",2019-06-25,2019-06-26,No
9528,02312549,Discontinuation,PRO-INDAPAMIDE,"PRO DOC LIMITEE",INDAPAMIDE,INDAPAMIDE,2.5MG,30,ORAL,Discontinued,TABLET,C03BA,"LOW-CEILING DIURETICS, EXCL THIAZIDES",2017-05-05,,"Business reasons",2017-05-08,2017-05-08,No
9531,02312549,Discontinuation,PRO-INDAPAMIDE,"PRO DOC LIMITEE",INDAPAMIDE,INDAPAMIDE,2.5MG,100,ORAL,Discontinued,TABLET,C03BA,"LOW-CEILING DIURETICS, EXCL THIAZIDES",2017-05-05,,"Business reasons",2017-05-08,2017-05-08,No
9534,02312530,Discontinuation,PRO-INDAPAMIDE,"PRO DOC LIMITEE",INDAPAMIDE,INDAPAMIDE,1.25MG,30,ORAL,Discontinued,TABLET,C03BA,"LOW-CEILING DIURETICS, EXCL THIAZIDES",2017-05-05,,"Business reasons",2017-05-08,2017-05-08,No
9537,02312530,Discontinuation,PRO-INDAPAMIDE,"PRO DOC LIMITEE",INDAPAMIDE,INDAPAMIDE,1.25MG,100,ORAL,Discontinued,TABLET,C03BA,"LOW-CEILING DIURETICS, EXCL THIAZIDES",2017-05-05,,"Business reasons",2017-05-08,2017-05-08,No
139001,02311178,Discontinuation,"PRO-LEVOCARB - 100/25","PRO DOC LIMITEE",PRO-LEVOCARB,"LEVODOPA; CARBIDOPA","100MG; 25MG",500,"ORAL; ORAL",Discontinued,TABLET,N04BA,"DOPAMINERGIC AGENTS",2021-06-04,2021-06-30,"Business reasons",2021-05-07,2021-06-05,No
261382,02310988,Discontinuation,"PRO-LISINOPRIL - 10","PRO DOC LIMITEE",LISINOPRIL,LISINOPRIL,10MG,100,"ORAL; ORAL",Discontinued,TABLET,C09AA,"ACE INHIBITORS, PLAIN",2025-06-30,,"Business reasons",2025-06-30,2025-07-01,No
261385,02310996,Discontinuation,"PRO-LISINOPRIL - 20","PRO DOC LIMITEE",LISINOPRIL,LISINOPRIL,20MG,100,"ORAL; ORAL",Discontinued,TABLET,C09AA,"ACE INHIBITORS, PLAIN",2025-06-30,,"Business reasons",2025-06-30,2025-07-01,No
261378,02310961,Discontinuation,"PRO-LISINOPRIL - 5","PRO DOC LIMITEE",LISINOPRIL,LISINOPRIL,5MG,100,"ORAL; ORAL",Discontinued,TABLET,C09AA,"ACE INHIBITORS, PLAIN",2025-06-30,,"Business reasons",2025-06-30,2025-07-01,No
56667,02312670,Discontinuation,PRO-LOVASTATIN,"PRO DOC LIMITEE",LOVASTATIN,LOVASTATIN,20MG,30-100,ORAL,Discontinued,TABLET,C10AA,"LIPID MODIFYING AGENTS, PLAIN",2018-07-26,,"Business reasons",2018-07-26,2018-07-27,No
56670,02312689,Discontinuation,PRO-LOVASTATIN,"PRO DOC LIMITEE",LOVASTATIN,LOVASTATIN,40MG,30-100,ORAL,Discontinued,TABLET,C10AA,"LIPID MODIFYING AGENTS, PLAIN",2018-07-26,,"Business reasons",2018-07-26,2018-07-27,No
84067,02310945,Discontinuation,"PRO-NAPROXEN EC - 375","PRO DOC LIMITEE","PRO-NAPROXEN EC - 375",NAPROXEN,375MG,100,ORAL,Discontinued,"TABLET (ENTERIC-COATED)",M01AE,"ANTIINFLAMMATORY/ANTIRHEUMATIC PROD.,NON-STEROIDS",2019-11-04,2019-11-15,"Business reasons",2019-05-14,2019-11-05,No
164655,02312050,Discontinuation,PRO-PIOGLITAZONE,"PRO DOC LIMITEE",PIOGLITAZONE,PIOGLITAZONE,15MG,90,"ORAL; ORAL",Discontinued,TABLET,A10BG,"BLOOD GLUCOSE LOWERING DRUGS, EXCL. INSULINS",2022-07-14,,"Business reasons",2022-07-14,2022-07-15,No
164658,02312069,Discontinuation,PRO-PIOGLITAZONE,"PRO DOC LIMITEE",PIOGLITAZONE,PIOGLITAZONE,30MG,90,"ORAL; ORAL",Discontinued,TABLET,A10BG,"BLOOD GLUCOSE LOWERING DRUGS, EXCL. INSULINS",2022-07-14,,"Business reasons",2022-07-14,2022-07-15,No
164661,02312077,Discontinuation,PRO-PIOGLITAZONE,"PRO DOC LIMITEE",PIOGLITAZONE,PIOGLITAZONE,45MG,90,"ORAL; ORAL",Discontinued,TABLET,A10BG,"BLOOD GLUCOSE LOWERING DRUGS, EXCL. INSULINS",2022-07-14,,"Business reasons",2022-07-14,2022-07-15,No
198196,02315181,Discontinuation,PRO-RABEPRAZOLE,"PRO DOC LIMITEE",RABEPRAZOLE,"RABEPRAZOLE SODIUM",10MG,100,"ORAL; ORAL",Discontinued,"TABLET (ENTERIC-COATED)",A02BC,"DRUGS FOR PEPTIC ULCER AND GASTROESOPHAGEAL REFLUX DISEASE (GERD)",2023-07-10,,"Business reasons",2023-07-11,2023-07-11,No
198200,02315203,Discontinuation,PRO-RABEPRAZOLE,"PRO DOC LIMITEE",RABEPRAZOLE,"RABEPRAZOLE SODIUM",20MG,100,"ORAL; ORAL",Discontinued,"TABLET (ENTERIC-COATED)",A02BC,"DRUGS FOR PEPTIC ULCER AND GASTROESOPHAGEAL REFLUX DISEASE (GERD)",2023-07-10,,"Business reasons",2023-07-11,2023-07-11,No
288829,02534290,Discontinuation,"PRO-SITAGLIPTIN MALATE","PRO DOC LIMITEE","SITAGLIPTIN MALATE",SITAGLIPTIN,25MG,30;100,ORAL,"To be discontinued",TABLET,A10BH,"BLOOD GLUCOSE LOWERING DRUGS, EXCL. INSULINS",,2026-07-31,"Other (Please describe in comments)",2026-07-09,2026-07-09,No
288835,02534304,Discontinuation,"PRO-SITAGLIPTIN MALATE","PRO DOC LIMITEE","SITAGLIPTIN MALATE",SITAGLIPTIN,50MG,30;100,ORAL,"To be discontinued",TABLET,A10BH,"BLOOD GLUCOSE LOWERING DRUGS, EXCL. INSULINS",,2026-07-31,"Other (Please describe in comments)",2026-07-09,2026-07-09,No
288840,02534312,Discontinuation,"PRO-SITAGLIPTIN MALATE","PRO DOC LIMITEE","SITAGLIPTIN MALATE",SITAGLIPTIN,100MG,30;100;500,ORAL,"To be discontinued",TABLET,A10BH,"BLOOD GLUCOSE LOWERING DRUGS, EXCL. INSULINS",,2026-07-31,"Other (Please describe in comments)",2026-07-09,2026-07-09,No
288845,02534223,Discontinuation,"PRO-SITAGLIPTIN MALATE / METFORMIN HYDROCHLORIDE","PRO DOC LIMITEE","SITAGLIPTIN MALATE / METFORMIN","SITAGLIPTIN; METFORMIN HYDROCHLORIDE","50MG; 500MG",60;100,ORAL,Discontinued,TABLET,A10BD,"BLOOD GLUCOSE LOWERING DRUGS, EXCL. INSULINS",2026-07-09,,"Other (Please describe in comments)",2026-07-09,2026-09-10,No
288870,02534258,Discontinuation,"PRO-SITAGLIPTIN MALATE / METFORMIN HYDROCHLORIDE","PRO DOC LIMITEE","SITAGLIPTIN MALATE / METFORMIN","SITAGLIPTIN; METFORMIN HYDROCHLORIDE","50MG; 1000MG",60;500,ORAL,"To be discontinued",TABLET,A10BD,"BLOOD GLUCOSE LOWERING DRUGS, EXCL. INSULINS",,2026-07-31,"Other (Please describe in comments)",2026-07-09,2026-07-09,No
288873,02534231,Discontinuation,"PRO-SITAGLIPTIN MALATE / METFORMIN HYDROCHLORIDE","PRO DOC LIMITEE","SITAGLIPTIN MALATE / METFORMIN","SITAGLIPTIN; METFORMIN HYDROCHLORIDE","50MG; 850MG",60;100,ORAL,"To be discontinued",TABLET,A10BD,"BLOOD GLUCOSE LOWERING DRUGS, EXCL. INSULINS",,2026-07-31,"Other (Please describe in comments)",2026-07-09,2026-07-09,No
120554,02316528,Discontinuation,PRO-SOTALOL,"PRO DOC LIMITEE",SOTALOL,"SOTALOL HYDROCHLORIDE",80MG,100,"ORAL; ORAL",Discontinued,TABLET,C07AA,"BETA BLOCKING AGENTS",2020-07-17,,"Business reasons",2020-07-17,2020-07-18,No
120560,02316536,Discontinuation,PRO-SOTALOL,"PRO DOC LIMITEE",SOTALOL,"SOTALOL HYDROCHLORIDE",160MG,100,"ORAL; ORAL",Discontinued,TABLET,C07AA,"BETA BLOCKING AGENTS",2020-09-10,2020-08-31,"Business reasons",2020-07-17,2020-09-11,No
9558,00519367,Discontinuation,PRO-TRIAZIDE,"PRO DOC LIMITEE",TRIAZIDE,"TRIAMTERENE; HYDROCHLOROTHIAZIDE","50MG; 25MG",1000,ORAL,Discontinued,TABLET,C03EA,"DIURETICS AND POTASSIUM-SPARING AGENTS IN COMB",2017-05-05,,"Business reasons",2017-05-08,2017-05-08,No
9561,02324156,Discontinuation,"PRO-VERAPAMIL SR","PRO DOC LIMITEE","VERAPAMIL SR","VERAPAMIL HYDROCHLORIDE",120MG,100,ORAL,Discontinued,"TABLET (EXTENDED-RELEASE)",C08DA,"SELECTIVE CALC.CHANNEL BLOCK. W/DIRECT CARDIAC EFF",2017-05-05,,"Business reasons",2017-05-08,2017-05-08,No
9564,02324164,Discontinuation,"PRO-VERAPAMIL SR","PRO DOC LIMITEE","VERAPAMIL SR","VERAPAMIL HYDROCHLORIDE",180MG,100,ORAL,Discontinued,"TABLET (EXTENDED-RELEASE)",C08DA,"SELECTIVE CALC.CHANNEL BLOCK. W/DIRECT CARDIAC EFF",2017-05-05,,"Business reasons",2017-05-08,2017-05-08,No
56686,02312697,Discontinuation,"PRO-VERAPAMIL SR","PRO DOC LIMITEE",VERAPAMIL,"VERAPAMIL HYDROCHLORIDE",240MG,100,ORAL,Discontinued,"TABLET (EXTENDED-RELEASE)",C08DA,"SELECTIVE CALC.CHANNEL BLOCK. W/DIRECT CARDIAC EFF",2018-07-26,,"Business reasons",2018-07-26,2018-07-27,No
171025,02474921,Discontinuation,PROBUPHINE,"KNIGHT THERAPEUTICS INC.","Buprenorphine hydrochloride implant","BUPRENORPHINE HYDROCHLORIDE",80MG,"Implant kit has 4 individually pouched Probuphine implants.","SUBCUTANEOUS; SUBCUTANEOUS",Discontinued,IMPLANT,N07BC,,2023-07-03,2023-05-30,"Other (Please describe in comments)",2022-10-04,2023-07-04,No
89920,02232658,Discontinuation,PROCET-30,"PRO DOC LIMITEE",PROCET-30,"ACETAMINOPHEN; CODEINE PHOSPHATE","300MG; 30MG",500,ORAL,Discontinued,TABLET,N02AJ,OPIOIDS,2019-11-01,,"Business reasons",2019-07-24,2019-11-02,No
220351,02223252,Discontinuation,PROCTOSEDYL,"APTALIS PHARMA CANADA ULC","hydrocortisone - framycetin - dibucaine - esculin","ESCULIN; FRAMYCETIN SULFATE; DIBUCAINE HYDROCHLORIDE; HYDROCORTISONE","1%; 1%; 0.5%; 0.5%","15G and 30 G tube","RECTAL; RECTAL",Discontinued,OINTMENT,C05AA,"AGENTS FOR TREATMENT OF HEMORRHOIDS AND ANAL FISSURES FOR TOPICAL USE",2024-04-24,2024-06-30,"Business reasons",2024-02-23,2024-07-09,No
265253,02241797,Discontinuation,PROCYTOX,"BAXTER CORPORATION","Cyclophosphamide for Injection",CYCLOPHOSPHAMIDE,200MG,"200mg / 20mL vial (Prod. Code 2638B5039)","INTRAVENOUS; INTRAVENOUS","To be discontinued","POWDER FOR SOLUTION",L01AA,ALKYLATINGAGENTS,,2026-12-31,"Business reasons",2025-08-14,2026-02-23,Yes
265250,02241795,Discontinuation,"PROCYTOX TAB 25MG","BAXTER CORPORATION","Cyclophosphamide Tablets USP",CYCLOPHOSPHAMIDE,25MG,"200 tablets / bottle (Prod. Code 2638B3933)","ORAL; ORAL",Discontinued,TABLET,L01AA,ALKYLATINGAGENTS,2026-03-05,2026-03-05,"Business reasons",2025-08-14,2026-09-10,No
30132,02229736,Discontinuation,"PRONAL TABLETS","PRO DOC LIMITEE","ACETYLSALICYLIC ACID BUTALBITAL","ACETYLSALICYLIC ACID; BUTALBITAL; CAFFEINE","330MG; 50MG; 40MG",100,ORAL,Discontinued,TABLET,N02BA,"OTHER ANALGESICS AND ANTIPYRETICS",2017-11-22,,"Business reasons",2017-11-22,2017-11-23,No
101076,00010200,Discontinuation,PROPYL-THYRACIL,"PALADIN LABS INC",PROPYL-THYRACIL,PROPYLTHIOURACIL,50MG,"100 Tabs bottle",ORAL,Discontinued,TABLET,H03BA,"ANTITHYROID PREPARATIONS",2019-12-11,,"Manufacturing issues",2019-12-12,2022-06-21,No
107174,00010219,Discontinuation,PROPYL-THYRACIL,"PALADIN LABS INC",PROPYL-THYRACIL,PROPYLTHIOURACIL,100MG,"100 Tabs bottle",ORAL,Discontinued,TABLET,H03BA,"ANTITHYROID PREPARATIONS",2020-03-03,2020-03-15,"Manufacturing issues",2020-02-25,2022-06-21,No
289885,00400688,Discontinuation,"PROSTIN E2 TABLETS","PFIZER CANADA ULC","PROSTIN E2 TABLETS",DINOPROSTONE,0.5MG,"10' s TABLETS","ORAL; ORAL",Discontinued,TABLET,G02AD,UTEROTONICS,2026-07-24,,"Business reasons",2026-07-24,2026-09-10,No
289890,01919679,Discontinuation,"PROSTIN E2 VAGINAL GEL","PFIZER CANADA ULC","PROSTIN E2 VAGINAL GEL",DINOPROSTONE,1MG,1X3G,"VAGINAL; VAGINAL",Discontinued,GEL,G02AD,UTEROTONICS,2026-07-24,,"Business reasons",2026-07-24,2026-09-10,No
289895,01919687,Discontinuation,"PROSTIN E2 VAGINAL GEL","PFIZER CANADA ULC","PROSTIN E2 VAGINAL GEL",DINOPROSTONE,2MG,1X3G,"VAGINAL; VAGINAL",Discontinued,GEL,G02AD,UTEROTONICS,2026-07-24,,"Business reasons",2026-07-24,2026-09-10,No
48996,00318736,Discontinuation,"PROSTIN F2 ALPHA","PFIZER CANADA INC","PROSTIN F2A",DINOPROST,5MG,"1 x 1ml",INTRA-AMNIOTIC,Discontinued,SOLUTION,G02AD,UTEROTONICS,2018-09-30,,"Other (Please describe in comments)",2018-05-10,2019-02-11,No
255091,02244149,Discontinuation,PROTOPIC,"LEO PHARMA INC",Tacrolimus,TACROLIMUS,0.03%,30g,"TOPICAL; TOPICAL",Discontinued,OINTMENT,D11AH,"OTHER DERMATOLOGICAL PREPARATIONS",2025-04-15,2025-04-15,"Business reasons",2025-04-15,2025-04-16,No
255094,02244148,Discontinuation,PROTOPIC,"LEO PHARMA INC",Tacrolimus,TACROLIMUS,0.1%,30g,"TOPICAL; TOPICAL",Discontinued,OINTMENT,D11AH,"OTHER DERMATOLOGICAL PREPARATIONS",2025-04-15,2025-04-15,"Business reasons",2025-04-15,2025-04-16,No
9547,00512524,Discontinuation,"PROTRIN DF TAB","PRO DOC LIMITEE","PROTRIN DF","SULFAMETHOXAZOLE; TRIMETHOPRIM","800MG; 160MG",100,ORAL,Discontinued,TABLET,J01EE,"SULFONAMIDES AND TRIMETHOPRIM",2017-05-05,,"Business reasons",2017-05-08,2017-05-08,No
261660,00287709,Discontinuation,PROTYLOL,"PRO DOC LIMITEE",PROTYLOL,"DICYCLOMINE HYDROCHLORIDE",10MG,100,"ORAL; ORAL",Discontinued,CAPSULE,A03AA,"DRUGS FOR FUNCTIONAL BOWEL DISORDERS",2025-06-30,,"Business reasons",2025-07-03,2025-07-03,No
262135,00729973,Discontinuation,"PROVERA 10MG TABLETS","PFIZER CANADA ULC","Provera 10mg","MEDROXYPROGESTERONE ACETATE",10MG,"Btl 100","ORAL; ORAL",Discontinued,TABLET,G03DA,PROGESTOGENS,2025-09-22,2025-10-13,"Business reasons",2025-07-07,2025-09-24,No
60112,00708917,Discontinuation,"PROVERA 2.5MG TABLETS","PFIZER CANADA INC",PROVERA,"MEDROXYPROGESTERONE ACETATE",2.5MG,1x500,ORAL,Discontinued,TABLET,G03DA,PROGESTOGENS,2019-04-30,2019-04-30,"Business reasons",2018-09-06,2019-05-02,No
62399,00708917,Discontinuation,"PROVERA 2.5MG TABLETS","PFIZER CANADA INC",PROVERA,"MEDROXYPROGESTERONE ACETATE",2.5MG,1x500,ORAL,Discontinued,TABLET,G03DA,PROGESTOGENS,2019-04-30,2019-04-30,"Business reasons",2018-09-26,2019-05-02,No
259542,00708917,Discontinuation,"PROVERA 2.5MG TABLETS","PFIZER CANADA ULC",PROVERA,"MEDROXYPROGESTERONE ACETATE",2.5MG,"Btl 1x100","ORAL; ORAL",Discontinued,TABLET,G03DA,PROGESTOGENS,2025-08-14,2025-08-14,"Business reasons",2025-06-04,2025-08-15,No
259548,00030937,Discontinuation,"PROVERA 5MG TABLETS","PFIZER CANADA ULC",PROVERA,"MEDROXYPROGESTERONE ACETATE",5MG,"Btl 1x100","ORAL; ORAL",Discontinued,TABLET,G03DA,PROGESTOGENS,2025-07-03,,"Business reasons",2025-06-04,2025-07-07,No
238851,02018985,Discontinuation,"PROZAC CAPSULES 10MG","ELI LILLY CANADA INC","FLUOXETINE (FLUOXETINE HYDROCHLORIDE)",FLUOXETINE,10MG,"Bottle containing 100 capsules","ORAL; ORAL",Discontinued,CAPSULE,N06AB,ANTIDEPRESSANTS,2024-09-25,,"Business reasons",2024-09-27,2024-09-27,No
238855,00636622,Discontinuation,"PROZAC CAPSULES 20MG","ELI LILLY CANADA INC","fluoxetine hydrochloride",FLUOXETINE,20MG,"Bottle containing 100 capsules","ORAL; ORAL",Discontinued,CAPSULE,N06AB,ANTIDEPRESSANTS,2024-09-25,,"Business reasons",2024-09-27,2024-09-27,No
66854,02242439,Discontinuation,PUREGON,"MERCK CANADA INC","follitropin beta Solution for injection-cartriges","FOLLITROPIN BETA",50UNIT,"50IU/0.5ML 5X0.5ML","INTRAMUSCULAR; SUBCUTANEOUS",Discontinued,SOLUTION,G03GA,"GONADOTROPHINS AND OTHER OVULATION STIMULANTS",2019-09-30,2019-09-30,"Business reasons",2018-11-13,2019-10-01,No
104641,02242441,Discontinuation,PUREGON,"MERCK CANADA INC","follitropin beta Solution for injection","FOLLITROPIN BETA",100UNIT,"100IU/0.5ML 5X0.5ML","INTRAMUSCULAR; SUBCUTANEOUS",Discontinued,SOLUTION,G03GA,"GONADOTROPHINS AND OTHER OVULATION STIMULANTS",2020-07-31,2020-07-31,"Business reasons",2020-01-28,2020-08-01,No
44052,02417359,Discontinuation,"QUETIAPINE XR","SIVEM PHARMACEUTICALS ULC","QUETIAPINE XR",QUETIAPINE,50MG,60,ORAL,Discontinued,"TABLET (EXTENDED-RELEASE)",N05AH,ANTIPSYCHOTICS,2018-03-16,,"Business reasons",2018-03-26,2018-03-26,No
44055,02417367,Discontinuation,"QUETIAPINE XR","SIVEM PHARMACEUTICALS ULC","QUETIAPINE XR",QUETIAPINE,150MG,60,ORAL,Discontinued,"TABLET (EXTENDED-RELEASE)",N05AH,ANTIPSYCHOTICS,2018-03-16,,"Business reasons",2018-03-26,2018-03-26,No
44058,02417375,Discontinuation,"QUETIAPINE XR","SIVEM PHARMACEUTICALS ULC","QUETIAPINE XR",QUETIAPINE,200MG,60,ORAL,Discontinued,"TABLET (EXTENDED-RELEASE)",N05AH,ANTIPSYCHOTICS,2018-03-16,,"Business reasons",2018-03-26,2018-03-26,No
44061,02417383,Discontinuation,"QUETIAPINE XR","SIVEM PHARMACEUTICALS ULC","QUETIAPINE XR",QUETIAPINE,300MG,60,ORAL,Discontinued,"TABLET (EXTENDED-RELEASE)",N05AH,ANTIPSYCHOTICS,2018-03-16,,"Business reasons",2018-03-26,2018-03-26,No
44064,02417391,Discontinuation,"QUETIAPINE XR","SIVEM PHARMACEUTICALS ULC","QUETIAPINE XR",QUETIAPINE,400MG,60,ORAL,Discontinued,"TABLET (EXTENDED-RELEASE)",N05AH,ANTIPSYCHOTICS,2018-03-16,,"Business reasons",2018-03-26,2018-03-26,No
56699,02415917,Discontinuation,QUINAPRIL,"PRO DOC LIMITEE",QUINAPRIL,QUINAPRIL,5MG,100,ORAL,Discontinued,TABLET,C09AA,"ACE INHIBITORS, PLAIN",2018-07-26,,"Business reasons",2018-07-26,2018-07-27,No
56702,02415925,Discontinuation,QUINAPRIL,"PRO DOC LIMITEE",QUINAPRIL,QUINAPRIL,10MG,100,ORAL,Discontinued,TABLET,C09AA,"ACE INHIBITORS, PLAIN",2018-07-26,,"Business reasons",2018-07-26,2018-07-27,No
56705,02415933,Discontinuation,QUINAPRIL,"PRO DOC LIMITEE",QUINAPRIL,QUINAPRIL,20MG,100,ORAL,Discontinued,TABLET,C09AA,"ACE INHIBITORS, PLAIN",2018-07-26,,"Business reasons",2018-07-26,2018-07-27,No
56708,02415941,Discontinuation,QUINAPRIL,"PRO DOC LIMITEE",QUINAPRIL,QUINAPRIL,40MG,100,ORAL,Discontinued,TABLET,C09AA,"ACE INHIBITORS, PLAIN",2018-07-26,,"Business reasons",2018-07-26,2018-07-27,No
47177,00695432,Discontinuation,"QUININE - ODAN","ODAN LABORATORIES LTD","Quinine Sulfate Tablets, USP","QUININE SULFATE",300MG,100,ORAL,Discontinued,TABLET,P01BC,ANTIMALARIALS,2018-12-03,2018-10-01,"Business reasons",2018-04-25,2018-12-04,No
187637,00695440,Discontinuation,"QUININE - ODAN","ODAN LABORATORIES LTD","Quinine Sulfate Capsules, USP","QUININE SULFATE",200MG,100,"ORAL; ORAL",Discontinued,CAPSULE,P01BC,ANTIMALARIALS,2022-08-31,,"Business reasons",2023-03-22,2023-03-22,No
14916,00379638,Discontinuation,"RACESTYPTINE SOL",SEPTODONT,"Aluminum Chloride (25%), 8-Hydroxy quinoline sulfate (0.1%)","ALUMINUM CHLORIDE; OXYQUINOLINE SULFATE","25G; 100MG","0.44 fl oz",DENTAL,Discontinued,LIQUID,A01,"STOMATOLOGICAL PREPARATIONS",2017-07-07,,"Business reasons",2017-07-07,2017-07-08,No
47270,02415852,Discontinuation,RALOXIFENE,"PRO DOC LIMITEE",RALOXIFENE,"RALOXIFENE HYDROCHLORIDE",60MG,30-100,ORAL,Discontinued,TABLET,G03XC,"OTHER SEX HORM. & MODULATORS OF THE GENITAL SYSTEM",2018-04-26,,"Business reasons",2018-04-26,2018-04-27,No
3023,02412659,Discontinuation,RAMIPRIL-HCTZ,"SANIS HEALTH INC","RAMIPRIL-HCTZ TABS","HYDROCHLOROTHIAZIDE; RAMIPRIL","12.5MG; 10.0MG",100,ORAL,Discontinued,TABLET,C09BA,"ACE INHIBITORS, COMBINATIONS",2016-05-26,,"Business reasons",2017-03-16,2017-03-16,No
3026,02412675,Discontinuation,RAMIPRIL-HCTZ,"SANIS HEALTH INC","RAMIPRIL-HCTZ TABS","HYDROCHLOROTHIAZIDE; RAMIPRIL","25.0MG; 10.0MG",100,ORAL,Discontinued,TABLET,C09BA,"ACE INHIBITORS, COMBINATIONS",2016-05-26,,"Business reasons",2017-03-16,2017-03-16,No
3029,02412640,Discontinuation,RAMIPRIL-HCTZ,"SANIS HEALTH INC","RAMIPRIL-HCTZ TABS","HYDROCHLOROTHIAZIDE; RAMIPRIL","12.5MG; 5.0MG",100,ORAL,Discontinued,TABLET,C09BA,"ACE INHIBITORS, COMBINATIONS",2016-05-26,,"Business reasons",2017-03-16,2017-03-16,No
3032,02412667,Discontinuation,RAMIPRIL-HCTZ,"SANIS HEALTH INC",RAMIPRIL-HCTZ,"HYDROCHLOROTHIAZIDE; RAMIPRIL","25.0MG; 5.0MG",100,ORAL,Discontinued,TABLET,C09BA,"ACE INHIBITORS, COMBINATIONS",2016-05-26,,"Business reasons",2017-03-16,2017-03-16,No
70392,02415887,Discontinuation,RAMIPRIL-HCTZ,"PRO DOC LIMITEE","RAMIPRIL HCTZ",,,30,,Discontinued,,,,2018-12-21,,"Business reasons",2018-12-21,2018-12-22,No
81148,02415895,Discontinuation,RAMIPRIL-HCTZ,"PRO DOC LIMITEE",RAMIPRIL-HCTZ,"HYDROCHLOROTHIAZIDE; RAMIPRIL","12.5MG; 10.0MG",30,ORAL,Discontinued,TABLET,C09BA,"ACE INHIBITORS, COMBINATIONS",2019-04-10,,"Business reasons",2019-04-10,2019-04-11,No
81151,02415909,Discontinuation,RAMIPRIL-HCTZ,"PRO DOC LIMITEE",RAMIPRIL-HCTZ,"HYDROCHLOROTHIAZIDE; RAMIPRIL","25.0MG; 10.0MG",30,ORAL,Discontinued,TABLET,C09BA,"ACE INHIBITORS, COMBINATIONS",2019-04-10,,"Business reasons",2019-04-10,2019-04-11,No
115038,02321858,Discontinuation,RAN-AMLODIPINE,"RANBAXY PHARMACEUTICALS CANADA INC.",AMLODIPINE,AMLODIPINE,5MG,100,"ORAL; ORAL",Discontinued,TABLET,C08CA,"SELECTIVE CALC.CHANNEL BLOCK. W/MAINLY VASC. EFF.",2020-05-08,2020-05-08,"Manufacturing issues",2020-05-14,2020-05-14,No
115046,02321858,Discontinuation,RAN-AMLODIPINE,"RANBAXY PHARMACEUTICALS CANADA INC.",AMLODIPINE,AMLODIPINE,5MG,500,"ORAL; ORAL",Discontinued,TABLET,C08CA,"SELECTIVE CALC.CHANNEL BLOCK. W/MAINLY VASC. EFF.",2020-05-08,,"Manufacturing issues",2020-05-14,2020-05-14,No
115049,02321866,Discontinuation,RAN-AMLODIPINE,"RANBAXY PHARMACEUTICALS CANADA INC.",AMLODIPINE,AMLODIPINE,10MG,100,"ORAL; ORAL",Discontinued,TABLET,C08CA,"SELECTIVE CALC.CHANNEL BLOCK. W/MAINLY VASC. EFF.",2020-05-08,,"Manufacturing issues",2020-05-14,2020-05-14,No
115052,02321866,Discontinuation,RAN-AMLODIPINE,"RANBAXY PHARMACEUTICALS CANADA INC.",AMLODIPINE,AMLODIPINE,10MG,500,"ORAL; ORAL",Discontinued,TABLET,C08CA,"SELECTIVE CALC.CHANNEL BLOCK. W/MAINLY VASC. EFF.",2020-05-08,,"Manufacturing issues",2020-05-14,2020-05-14,No
80045,02285630,Discontinuation,RAN-CITALO,"RANBAXY PHARMACEUTICALS CANADA INC.",RAN-CITALO,CITALOPRAM,40MG,100,ORAL,Discontinued,TABLET,N06AB,ANTIDEPRESSANTS,2018-12-04,,"Business reasons",2019-03-29,2019-03-29,No
108124,02285622,Discontinuation,RAN-CITALO,"RANBAXY PHARMACEUTICALS CANADA INC.",CITALO,CITALOPRAM,20MG,100,ORAL,Discontinued,TABLET,N06AB,ANTIDEPRESSANTS,2020-02-28,,"Business reasons",2020-03-07,2020-03-07,No
108127,02285622,Discontinuation,RAN-CITALO,"RANBAXY PHARMACEUTICALS CANADA INC.",CITALO,CITALOPRAM,20MG,500,ORAL,Discontinued,TABLET,N06AB,ANTIDEPRESSANTS,2020-02-28,,"Business reasons",2020-03-07,2020-03-07,No
105091,02361434,Discontinuation,RAN-CLARITHROMYCIN,"RANBAXY PHARMACEUTICALS CANADA INC.",CLARITHROMYCIN,CLARITHROMYCIN,500MG,500,ORAL,Discontinued,TABLET,J01FA,"MACROLIDES, LINCOSAMIDES AND STREPTOGRAMINS",2020-01-30,,"Business reasons",2020-02-02,2020-02-02,No
115059,02361426,Discontinuation,RAN-CLARITHROMYCIN,"RANBAXY PHARMACEUTICALS CANADA INC.",CLARITHROMYCIN,CLARITHROMYCIN,250MG,500,"ORAL; ORAL",Discontinued,TABLET,J01FA,"MACROLIDES, LINCOSAMIDES AND STREPTOGRAMINS",2020-05-08,,"Manufacturing issues",2020-05-14,2020-05-14,No
80060,02381508,Discontinuation,RAN-DONEPEZIL,"RANBAXY PHARMACEUTICALS CANADA INC.",RAN-DONEPEZIL,"DONEPEZIL HYDROCHLORIDE",5MG,500,ORAL,Discontinued,TABLET,N06DA,"ANTI-DEMENTIA DRUGS",2018-10-31,,"Business reasons",2019-03-29,2019-03-29,No
80063,02381516,Discontinuation,RAN-DONEPEZIL,"RANBAXY PHARMACEUTICALS CANADA INC.",RAN-DONEPEZIL,"DONEPEZIL HYDROCHLORIDE",10MG,500,ORAL,Discontinued,TABLET,N06DA,"ANTI-DEMENTIA DRUGS",2018-10-31,,"Business reasons",2019-03-29,2019-03-29,No
91261,02423979,Discontinuation,RAN-ESOMEPRAZOLE,"RANBAXY PHARMACEUTICALS CANADA INC.",RAN-ESOMEPRAZOLE,ESOMEPRAZOLE,20MG,30,ORAL,Discontinued,"TABLET (DELAYED-RELEASE)",A02BC,"DRUGS FOR PEPTIC ULCER AND GASTROESOPHAGEAL REFLUX DISEASE (GERD)",2019-08-09,,"Business reasons",2019-08-09,2019-08-10,No
91266,02423987,Discontinuation,RAN-ESOMEPRAZOLE,"RANBAXY PHARMACEUTICALS CANADA INC.",RAN-ESOMEPRAZOLE,ESOMEPRAZOLE,40MG,30,ORAL,Discontinued,"TABLET (DELAYED-RELEASE)",A02BC,"DRUGS FOR PEPTIC ULCER AND GASTROESOPHAGEAL REFLUX DISEASE (GERD)",2019-08-09,,"Business reasons",2019-08-09,2019-08-10,No
91269,02423987,Discontinuation,RAN-ESOMEPRAZOLE,"RANBAXY PHARMACEUTICALS CANADA INC.",RAN-ESOMEPRAZOLE,ESOMEPRAZOLE,40MG,500,ORAL,Discontinued,"TABLET (DELAYED-RELEASE)",A02BC,"DRUGS FOR PEPTIC ULCER AND GASTROESOPHAGEAL REFLUX DISEASE (GERD)",2019-08-09,,"Business reasons",2019-08-09,2019-08-10,No
80022,02330148,Discontinuation,"RAN-FENTANYL MATRIX PATCH","RANBAXY PHARMACEUTICALS CANADA INC.",Fentanyl,FENTANYL,75MCG,5,TRANSDERMAL,Discontinued,PATCH,N02AB,OPIOIDS,2019-03-29,,"Business reasons",2019-03-29,2019-03-30,No
80054,02330121,Discontinuation,"RAN-FENTANYL MATRIX PATCH","RANBAXY PHARMACEUTICALS CANADA INC.","RAN-FENTANYL MATRIX PATCH",FENTANYL,50MCG,5,TRANSDERMAL,Discontinued,PATCH,N02AB,OPIOIDS,2018-12-04,,"Business reasons",2019-03-29,2019-03-29,No
89250,02330113,Discontinuation,"RAN-FENTANYL MATRIX PATCH","RANBAXY PHARMACEUTICALS CANADA INC.","RAN-FENTANYL MATRIX PATCH",FENTANYL,25MCG,5,TRANSDERMAL,Discontinued,PATCH,N02AB,OPIOIDS,2019-07-12,,"Business reasons",2019-07-15,2019-07-15,No
89253,02330156,Discontinuation,"RAN-FENTANYL MATRIX PATCH","RANBAXY PHARMACEUTICALS CANADA INC.","RAN-FENTANYL MATRIX PATCH",FENTANYL,100MCG,5,TRANSDERMAL,Discontinued,PATCH,N02AB,OPIOIDS,2019-07-12,,"Business reasons",2019-07-15,2019-07-15,No
92856,02330105,Discontinuation,"RAN-FENTANYL MATRIX PATCH","RANBAXY PHARMACEUTICALS CANADA INC.","RAN-FENTANYL MATRIX PATCH",FENTANYL,12MCG,5,TRANSDERMAL,Discontinued,PATCH,N02AB,OPIOIDS,2019-08-30,,"Business reasons",2019-09-03,2019-09-03,No
80048,02319055,Discontinuation,RAN-GABAPENTIN,"RANBAXY PHARMACEUTICALS CANADA INC.",RAN-GABAPENTIN,GABAPENTIN,100MG,"100 & 500",ORAL,Discontinued,CAPSULE,N03AX,ANTIEPILEPTICS,2018-12-04,,"Business reasons",2019-03-29,2019-03-29,No
80051,02319071,Discontinuation,RAN-GABAPENTIN,"RANBAXY PHARMACEUTICALS CANADA INC.",RAN-GABAPENTIN,GABAPENTIN,400MG,"100 & 500",ORAL,Discontinued,CAPSULE,N03AX,ANTIEPILEPTICS,2018-12-04,,"Business reasons",2019-03-29,2019-03-29,No
80025,02406829,Discontinuation,RAN-IRBESARTAN,"RANBAXY PHARMACEUTICALS CANADA INC.",RAN-IRBESARTAN,IRBESARTAN,150MG,500,ORAL,Discontinued,TABLET,C09CA,"ANGIOTENSIN II ANTAGONISTS, PLAIN",2019-02-28,,"Business reasons",2019-03-29,2019-03-29,No
80028,02406837,Discontinuation,RAN-IRBESARTAN,"RANBAXY PHARMACEUTICALS CANADA INC.",RAN-IRBESARTAN,IRBESARTAN,300MG,500,ORAL,Discontinued,TABLET,C09CA,"ANGIOTENSIN II ANTAGONISTS, PLAIN",2019-02-28,,"Business reasons",2019-03-29,2019-03-29,No
115803,02294230,Discontinuation,RAN-LISINOPRIL,"RANBAXY PHARMACEUTICALS CANADA INC.",LISINOPRIL,LISINOPRIL,5MG,500,"ORAL; ORAL",Discontinued,TABLET,C09AA,"ACE INHIBITORS, PLAIN",2020-05-08,,"Manufacturing issues",2020-05-27,2020-05-27,No
115806,02294249,Discontinuation,RAN-LISINOPRIL,"RANBAXY PHARMACEUTICALS CANADA INC.",LISINOPRIL,LISINOPRIL,10MG,500,"ORAL; ORAL",Discontinued,TABLET,C09AA,"ACE INHIBITORS, PLAIN",2020-05-08,,"Manufacturing issues",2020-05-27,2020-05-27,No
150671,02294230,Discontinuation,RAN-LISINOPRIL,"RANBAXY PHARMACEUTICALS CANADA INC.",LISINOPRIL,LISINOPRIL,5MG,100,"ORAL; ORAL",Discontinued,TABLET,C09AA,"ACE INHIBITORS, PLAIN",2021-11-25,,"Business reasons",2021-12-07,2021-12-07,No
150674,02294257,Discontinuation,RAN-LISINOPRIL,"RANBAXY PHARMACEUTICALS CANADA INC.",LISINOPRIL,LISINOPRIL,20MG,100,"ORAL; ORAL",Discontinued,TABLET,C09AA,"ACE INHIBITORS, PLAIN",2021-11-25,,"Business reasons",2021-12-07,2021-12-07,No
16591,02421364,Discontinuation,RAN-MEMANTINE,"RANBAXY PHARMACEUTICALS CANADA INC.",RAN-MEMANTINE,"MEMANTINE HYDROCHLORIDE",10MG,100,ORAL,Discontinued,TABLET,N06DX,"ANTI-DEMENTIA DRUGS",2017-07-12,2017-07-12,"Business reasons",2017-07-21,2017-07-21,No
89247,02269031,Discontinuation,RAN-METFORMIN,"RANBAXY PHARMACEUTICALS CANADA INC.",RAN-METFORMIN,"METFORMIN HYDROCHLORIDE",500MG,100,ORAL,Discontinued,TABLET,A10BA,"BLOOD GLUCOSE LOWERING DRUGS, EXCL. INSULINS",2019-07-12,,"Business reasons",2019-07-15,2019-07-15,No
99750,02269031,Discontinuation,RAN-METFORMIN,"RANBAXY PHARMACEUTICALS CANADA INC.",RAN-METFORMIN,"METFORMIN HYDROCHLORIDE",500MG,500,ORAL,Discontinued,TABLET,A10BA,"BLOOD GLUCOSE LOWERING DRUGS, EXCL. INSULINS",2019-11-18,,"Business reasons",2019-11-27,2019-11-26,No
99755,02269058,Discontinuation,RAN-METFORMIN,"RANBAXY PHARMACEUTICALS CANADA INC.",RAN-METFORMIN,"METFORMIN HYDROCHLORIDE",850MG,100,ORAL,Discontinued,TABLET,A10BA,"BLOOD GLUCOSE LOWERING DRUGS, EXCL. INSULINS",2019-11-15,,"Business reasons",2019-11-27,2019-11-26,No
16595,02358077,Discontinuation,RAN-NABILONE,"RANBAXY PHARMACEUTICALS CANADA INC.",RAN-NABILONE,NABILONE,0.25MG,100,ORAL,Discontinued,CAPSULE,A04AD,"ANTIEMETICS AND ANTINAUSEANTS",2017-07-12,2017-07-12,"Business reasons",2017-07-21,2017-07-21,No
16598,02358085,Discontinuation,RAN-NABILONE,"RANBAXY PHARMACEUTICALS CANADA INC.",RAN-NABILONE,NABILONE,0.5MG,100,ORAL,Discontinued,CAPSULE,A04AD,"ANTIEMETICS AND ANTINAUSEANTS",2017-07-12,2017-07-12,"Business reasons",2017-07-21,2017-07-21,No
16605,02358093,Discontinuation,RAN-NABILONE,"RANBAXY PHARMACEUTICALS CANADA INC.",RAN-NABILONE,NABILONE,1MG,100,ORAL,Discontinued,CAPSULE,A04AD,"ANTIEMETICS AND ANTINAUSEANTS",2017-07-12,2017-07-12,"Business reasons",2017-07-21,2017-07-21,No
38216,02358077,Discontinuation,RAN-NABILONE,"RANBAXY PHARMACEUTICALS CANADA INC.",RAN-NABILONE,NABILONE,0.25MG,100,ORAL,Discontinued,CAPSULE,A04AD,"ANTIEMETICS AND ANTINAUSEANTS",2018-02-02,2018-02-05,"Business reasons",2018-02-02,2018-02-03,No
38219,02358085,Discontinuation,RAN-NABILONE,"RANBAXY PHARMACEUTICALS CANADA INC.",RAN-NABILONE,NABILONE,0.5MG,100,ORAL,Discontinued,CAPSULE,A04AD,"ANTIEMETICS AND ANTINAUSEANTS",2018-02-02,2018-02-05,"Business reasons",2018-02-02,2018-02-03,No
38224,02358093,Discontinuation,RAN-NABILONE,"RANBAXY PHARMACEUTICALS CANADA INC.",RAN-NABILONE,NABILONE,1MG,100,ORAL,Discontinued,CAPSULE,A04AD,"ANTIEMETICS AND ANTINAUSEANTS",2018-02-02,2018-02-05,"Business reasons",2018-02-02,2018-02-03,No
50986,02358093,Discontinuation,RAN-NABILONE,"RANBAXY PHARMACEUTICALS CANADA INC.",RAN-NABILONE,NABILONE,1MG,100,ORAL,Discontinued,CAPSULE,A04AD,"ANTIEMETICS AND ANTINAUSEANTS",2018-05-31,2018-05-31,"Business reasons",2018-05-31,2018-06-01,No
50989,02358077,Discontinuation,RAN-NABILONE,"RANBAXY PHARMACEUTICALS CANADA INC.",RAN-NABILONE,NABILONE,0.25MG,100,ORAL,Discontinued,CAPSULE,A04AD,"ANTIEMETICS AND ANTINAUSEANTS",2018-05-31,2018-05-31,"Business reasons",2018-05-31,2018-06-01,No
50992,02358085,Discontinuation,RAN-NABILONE,"RANBAXY PHARMACEUTICALS CANADA INC.",RAN-NABILONE,NABILONE,0.5MG,100,ORAL,Discontinued,CAPSULE,A04AD,"ANTIEMETICS AND ANTINAUSEANTS",2018-05-31,2018-05-31,"Business reasons",2018-05-31,2018-06-01,No
91278,02414090,Discontinuation,"RAN-OLANZAPINE ODT","RANBAXY PHARMACEUTICALS CANADA INC.","RAN-OLANZAPINE ODT",OLANZAPINE,5MG,28,ORAL,Discontinued,"TABLET (ORALLY DISINTEGRATING)",N05AH,ANTIPSYCHOTICS,2019-08-09,,"Business reasons",2019-08-09,2019-08-10,No
91281,02414120,Discontinuation,"RAN-OLANZAPINE ODT","RANBAXY PHARMACEUTICALS CANADA INC.","RAN-OLANZAPINE ODT",OLANZAPINE,20MG,28,ORAL,Discontinued,"TABLET (ORALLY DISINTEGRATING)",N05AH,ANTIPSYCHOTICS,2019-08-09,,"Business reasons",2019-08-09,2019-08-10,No
105096,02414104,Discontinuation,"RAN-OLANZAPINE ODT","RANBAXY PHARMACEUTICALS CANADA INC.","OLANZAPINE ODT",OLANZAPINE,10MG,28,ORAL,Discontinued,"TABLET (ORALLY DISINTEGRATING)",N05AH,ANTIPSYCHOTICS,2020-01-30,,"Business reasons",2020-02-02,2020-02-02,No
108130,02414112,Discontinuation,"RAN-OLANZAPINE ODT","RANBAXY PHARMACEUTICALS CANADA INC.","OLANZAPINE ODT",OLANZAPINE,15MG,28,ORAL,Discontinued,"TABLET (ORALLY DISINTEGRATING)",N05AH,ANTIPSYCHOTICS,2020-02-28,,"Business reasons",2020-03-07,2020-03-07,No
16588,02374870,Discontinuation,RAN-OMEPRAZOLE,"RANBAXY PHARMACEUTICALS CANADA INC.",RAN-OMEPRAZOLE,OMEPRAZOLE,20MG,100,ORAL,Discontinued,"TABLET (DELAYED-RELEASE)",A02BC,"DRUGS FOR PEPTIC ULCER AND GASTROESOPHAGEAL REFLUX DISEASE (GERD)",2017-07-12,2017-07-12,"Business reasons",2017-07-21,2017-07-21,No
80057,02305038,Discontinuation,RAN-PANTOPRAZOLE,"RANBAXY PHARMACEUTICALS CANADA INC.",RAN-PANTOPRAZOLE,,,100,,Discontinued,,,,2018-10-19,,"Business reasons",2019-03-29,2019-03-29,No
95487,02392852,Discontinuation,RAN-PREGABALIN,"RANBAXY PHARMACEUTICALS CANADA INC.",RAN-PREGABALIN,PREGABALIN,225MG,500,ORAL,Discontinued,CAPSULE,N03AX,ANTIEPILEPTICS,2019-09-27,,"Business reasons",2019-10-04,2019-10-04,No
115811,02392860,Discontinuation,RAN-PREGABALIN,"RANBAXY PHARMACEUTICALS CANADA INC.",PREGABALIN,PREGABALIN,300MG,500,"ORAL; ORAL",Discontinued,CAPSULE,N03AX,ANTIEPILEPTICS,2020-05-08,2020-05-08,"Manufacturing issues",2020-05-27,2020-05-27,No
80031,02397099,Discontinuation,RAN-QUETIAPINE,"RANBAXY PHARMACEUTICALS CANADA INC.",RAN-QUETIAPINE,QUETIAPINE,25MG,500,ORAL,Discontinued,TABLET,N05AH,ANTIPSYCHOTICS,2019-02-28,,"Business reasons",2019-03-29,2019-03-29,No
80034,02397102,Discontinuation,RAN-QUETIAPINE,"RANBAXY PHARMACEUTICALS CANADA INC.",RAN-QUETIAPINE,QUETIAPINE,100MG,500,ORAL,Discontinued,TABLET,N05AH,ANTIPSYCHOTICS,2019-02-28,,"Business reasons",2019-03-29,2019-03-29,No
80039,02397110,Discontinuation,RAN-QUETIAPINE,"RANBAXY PHARMACEUTICALS CANADA INC.",RAN-QUETIAPINE,QUETIAPINE,200MG,500,ORAL,Discontinued,TABLET,N05AH,ANTIPSYCHOTICS,2019-02-28,,"Business reasons",2019-03-29,2019-03-29,No
80042,02397129,Discontinuation,RAN-QUETIAPINE,"RANBAXY PHARMACEUTICALS CANADA INC.",RAN-QUETIAPINE,QUETIAPINE,300MG,500,ORAL,Discontinued,TABLET,N05AH,ANTIPSYCHOTICS,2019-02-28,,"Business reasons",2019-03-29,2019-03-29,No
108133,02397099,Discontinuation,RAN-QUETIAPINE,"RANBAXY PHARMACEUTICALS CANADA INC.",QUETIAPINE,QUETIAPINE,25MG,100,ORAL,Discontinued,TABLET,N05AH,ANTIPSYCHOTICS,2020-02-28,,"Business reasons",2020-03-07,2020-03-07,No
108136,02397102,Discontinuation,RAN-QUETIAPINE,"RANBAXY PHARMACEUTICALS CANADA INC.",QUETIAPINE,QUETIAPINE,100MG,100,ORAL,Discontinued,TABLET,N05AH,ANTIPSYCHOTICS,2020-02-28,,"Business reasons",2020-03-07,2020-03-07,No
91284,02328364,Discontinuation,RAN-RISPERIDONE,"RANBAXY PHARMACEUTICALS CANADA INC.",RAN-RISPERIDONE,RISPERIDONE,3.0MG,250,ORAL,Discontinued,TABLET,N05AX,ANTIPSYCHOTICS,2019-08-09,,"Business reasons",2019-08-09,2019-08-10,No
105101,02328348,Discontinuation,RAN-RISPERIDONE,"RANBAXY PHARMACEUTICALS CANADA INC.",RISPERIDONE,RISPERIDONE,2.0MG,500,ORAL,Discontinued,TABLET,N05AX,ANTIPSYCHOTICS,2020-01-30,,"Business reasons",2020-02-02,2020-02-02,No
95493,02329158,Discontinuation,RAN-SIMVASTATIN,"RANBAXY PHARMACEUTICALS CANADA INC.",RAN-SIMVASTATIN,SIMVASTATIN,10MG,500,ORAL,Discontinued,TABLET,C10AA,"LIPID MODIFYING AGENTS, PLAIN",2019-09-27,,"Business reasons",2019-10-04,2019-10-04,No
99760,02452081,Discontinuation,RAN-TADALAFIL,"RANBAXY PHARMACEUTICALS CANADA INC.",RAN-TADALAFIL,TADALAFIL,2.5MG,28,ORAL,Discontinued,TABLET,G04BE,"OTHER UROLOGICALS, INCL ANTISPASMODICS",2019-11-15,,"Business reasons",2019-11-27,2019-11-26,No
69784,02385961,Discontinuation,RANITIDINE,"SIVEM PHARMACEUTICALS ULC",RANITIDINE,RANITIDINE,300MG,30,ORAL,Discontinued,TABLET,A02BA,"DRUGS FOR PEPTIC ULCER AND GASTROESOPHAGEAL REFLUX DISEASE (GERD)",2019-02-27,2019-02-25,"Business reasons",2018-12-17,2019-03-12,No
70956,02385953,Discontinuation,RANITIDINE,"SIVEM PHARMACEUTICALS ULC",RANITIDINE,RANITIDINE,150MG,100,ORAL,Discontinued,TABLET,A02BA,"DRUGS FOR PEPTIC ULCER AND GASTROESOPHAGEAL REFLUX DISEASE (GERD)",2019-04-02,2019-04-01,"Business reasons",2019-01-03,2019-04-09,No
76211,02385953,Discontinuation,RANITIDINE,"SIVEM PHARMACEUTICALS ULC",RANITIDINE,RANITIDINE,150MG,60,ORAL,Discontinued,TABLET,A02BA,"DRUGS FOR PEPTIC ULCER AND GASTROESOPHAGEAL REFLUX DISEASE (GERD)",2019-05-29,2019-05-24,"Business reasons",2019-02-18,2019-05-31,No
120743,00740748,Discontinuation,RANITIDINE,"PRO DOC LIMITEE","RANITIDINE -150",RANITIDINE,150MG,"60, 500","ORAL; ORAL",Reversed,TABLET,A02BA,"DRUGS FOR PEPTIC ULCER AND GASTROESOPHAGEAL REFLUX DISEASE (GERD)",,,"Other (Please describe in comments)",2020-07-22,2021-04-01,No
120746,00740756,Discontinuation,RANITIDINE,"PRO DOC LIMITEE","RANITIDINE -300",RANITIDINE,300MG,100,"ORAL; ORAL",Reversed,TABLET,A02BA,"DRUGS FOR PEPTIC ULCER AND GASTROESOPHAGEAL REFLUX DISEASE (GERD)",,,"Other (Please describe in comments)",2020-07-22,2021-04-01,No
167441,02385961,Discontinuation,RANITIDINE,"SIVEM PHARMACEUTICALS ULC","Ranitidine tablet",RANITIDINE,300MG,100,"ORAL; ORAL",Discontinued,TABLET,A02BA,"DRUGS FOR PEPTIC ULCER AND GASTROESOPHAGEAL REFLUX DISEASE (GERD)",2022-08-19,,"Business reasons",2022-08-19,2022-08-20,No
167444,02385953,Discontinuation,RANITIDINE,"SIVEM PHARMACEUTICALS ULC",Ranitidine,RANITIDINE,150MG,500,"ORAL; ORAL",Discontinued,TABLET,A02BA,"DRUGS FOR PEPTIC ULCER AND GASTROESOPHAGEAL REFLUX DISEASE (GERD)",2022-08-19,,"Business reasons",2022-08-19,2022-08-20,No
198204,00740748,Discontinuation,RANITIDINE,"PRO DOC LIMITEE",RANITIDINE,RANITIDINE,150MG,60-500,"ORAL; ORAL",Discontinued,TABLET,A02BA,"DRUGS FOR PEPTIC ULCER AND GASTROESOPHAGEAL REFLUX DISEASE (GERD)",2023-07-10,,"Business reasons",2023-07-11,2023-07-11,No
198207,00740756,Discontinuation,RANITIDINE,"PRO DOC LIMITEE",RANITIDINE,RANITIDINE,300MG,100,"ORAL; ORAL",Discontinued,TABLET,A02BA,"DRUGS FOR PEPTIC ULCER AND GASTROESOPHAGEAL REFLUX DISEASE (GERD)",2023-07-10,,"Business reasons",2023-07-11,2023-07-11,No
127684,02256711,Discontinuation,"RANITIDINE INJECTION USP","SANDOZ CANADA INCORPORATED",RANITIDINE,RANITIDINE,50MG,"10 VIALS OF 2ML","INTRAMUSCULAR; INTRAVENOUS; INTRAMUSCULAR; INTRAVENOUS",Discontinued,SOLUTION,A02BA,"DRUGS FOR PEPTIC ULCER AND GASTROESOPHAGEAL REFLUX DISEASE (GERD)",2020-11-02,,"Manufacturing issues",2020-11-02,2020-11-03,No
127687,02256711,Discontinuation,"RANITIDINE INJECTION USP","SANDOZ CANADA INCORPORATED",RANITIDINE,RANITIDINE,50MG,"1 VIAL 50ML","INTRAMUSCULAR; INTRAVENOUS; INTRAMUSCULAR; INTRAVENOUS",Discontinued,SOLUTION,A02BA,"DRUGS FOR PEPTIC ULCER AND GASTROESOPHAGEAL REFLUX DISEASE (GERD)",2020-11-02,,"Manufacturing issues",2020-11-02,2020-11-03,No
149528,02361663,Discontinuation,RAPAFLO,"ALLERGAN INC","Silodosin Capsules",SILODOSIN,4MG,"HDPE Bottle 30s","ORAL; ORAL",Discontinued,CAPSULE,G04CA,"DRUGS USED IN BENIGN PROSTATIC HYPERTROPHY",2021-11-10,,"Business reasons",2021-11-18,2021-11-17,No
149531,02361671,Discontinuation,RAPAFLO,"ALLERGAN INC","Silodosin Capsules",SILODOSIN,8MG,"HDPE Bottle 90s","ORAL; ORAL",Discontinued,CAPSULE,G04CA,"DRUGS USED IN BENIGN PROSTATIC HYPERTROPHY",2022-10-31,2021-11-17,"Business reasons",2021-11-18,2022-11-14,No
64589,02350327,Discontinuation,RATIO-ATORVASTATIN,"TEVA CANADA LIMITED",ATORVASTATIN,,,100,,Discontinued,,,,2018-01-31,,"Business reasons",2018-10-17,2018-10-17,No
64592,02350327,Discontinuation,RATIO-ATORVASTATIN,"TEVA CANADA LIMITED",ATORVASTATIN,,,500,,Discontinued,,,,2018-01-31,,"Business reasons",2018-10-17,2018-10-17,No
64615,02350297,Discontinuation,RATIO-ATORVASTATIN,"TEVA CANADA LIMITED",ATORVASTATIN,,,100,,Discontinued,,,,2018-02-28,,"Business reasons",2018-10-17,2018-10-17,No
64623,02350319,Discontinuation,RATIO-ATORVASTATIN,"TEVA CANADA LIMITED",ATORVASTATIN,,,100,,Discontinued,,,,2018-02-28,,"Business reasons",2018-10-17,2018-10-17,No
64626,02350319,Discontinuation,RATIO-ATORVASTATIN,"TEVA CANADA LIMITED",ATORVASTATIN,,,500,,Discontinued,,,,2018-02-28,,"Business reasons",2018-10-17,2018-10-17,No
64852,02350297,Discontinuation,RATIO-ATORVASTATIN,"TEVA CANADA LIMITED",ATORVASTATIN,,,500,,Discontinued,,,,2018-04-30,,"Business reasons",2018-10-19,2018-10-19,No
63943,02250039,Discontinuation,"RATIO-FENOFIBRATE MC","TEVA CANADA LIMITED",FENOFIBRATE,FENOFIBRATE,200MG,100,ORAL,Discontinued,CAPSULE,C10AB,"LIPID MODIFYING AGENTS, PLAIN",2018-06-30,,"Business reasons",2018-10-12,2018-10-12,No
64891,02250039,Discontinuation,"RATIO-FENOFIBRATE MC","TEVA CANADA LIMITED","FENOFIBRATE MC",FENOFIBRATE,200MG,30,ORAL,Discontinued,CAPSULE,C10AB,"LIPID MODIFYING AGENTS, PLAIN",2018-08-31,,"Business reasons",2018-10-19,2018-10-19,No
81362,00653233,Discontinuation,"RATIO-LENOLTEC NO 1","TEVA CANADA LIMITED","LENOLTEC 1","ACETAMINOPHEN; CODEINE PHOSPHATE; CAFFEINE","300MG; 8MG; 15MG",100,ORAL,Discontinued,TABLET,N02AJ,OPIOIDS,2019-01-09,,"Business reasons",2019-04-11,2019-04-11,No
64595,02320908,Discontinuation,RATIO-MEMANTINE,"TEVA CANADA LIMITED",MEMANTINE,,,30,,Discontinued,,,,2018-01-31,,"Business reasons",2018-10-17,2018-10-17,No
64598,02320908,Discontinuation,RATIO-MEMANTINE,"TEVA CANADA LIMITED",MEMANTINE,,,100,,Discontinued,,,,2018-01-31,,"Business reasons",2018-10-17,2018-10-17,No
120012,02242931,Discontinuation,RATIO-METFORMIN,"TEVA CANADA LIMITED","METFORMIN 850MG TAB","METFORMIN HYDROCHLORIDE",850MG,500,"ORAL; ORAL",Discontinued,TABLET,A10BA,"BLOOD GLUCOSE LOWERING DRUGS, EXCL. INSULINS",2020-05-13,,"Business reasons",2020-07-10,2020-07-10,No
97243,02194236,Discontinuation,RATIO-NYSTATIN,"TEVA CANADA LIMITED","NYSTATIN CREAM",NYSTATIN,100000UNIT,30g,TOPICAL,Discontinued,CREAM,D01AA,"ANTIFUNGALS FOR TOPICAL USE",2019-10-25,,"Business reasons",2019-10-25,2019-10-26,No
97261,02194236,Discontinuation,RATIO-NYSTATIN,"TEVA CANADA LIMITED",NYSTATIN,NYSTATIN,100000UNIT,15ml,TOPICAL,Discontinued,CREAM,D01AA,"ANTIFUNGALS FOR TOPICAL USE",2019-10-25,,"Business reasons",2019-10-25,2019-10-26,No
106148,02194236,Discontinuation,RATIO-NYSTATIN,"TEVA CANADA LIMITED","NYSTATIN CREAM",NYSTATIN,100000UNIT,450g,TOPICAL,Discontinued,CREAM,D01AA,"ANTIFUNGALS FOR TOPICAL USE",2019-05-01,,"Business reasons",2020-02-13,2020-02-13,No
106151,02239365,Discontinuation,RATIO-SALBUTAMOL,"TEVA CANADA LIMITED",SALBUTAMOL,,,2.5ml,,Discontinued,,,,2017-06-15,,"Business reasons",2020-02-13,2020-02-13,No
64917,02294265,Discontinuation,RATIO-TAMSULOSIN,"TEVA CANADA LIMITED",TAMSULOSIN,"TAMSULOSIN HYDROCHLORIDE",0.4MG,100,ORAL,Discontinued,"CAPSULE (SUSTAINED-RELEASE)",G04CA,"DRUGS USED IN BENIGN PROSTATIC HYPERTROPHY",2018-08-31,,"Business reasons",2018-10-19,2018-10-19,No
231583,02245688,Discontinuation,RATIO-TOPISALIC,"TEVA CANADA LIMITED",TOPISALIC,"SALICYLIC ACID; BETAMETHASONE","20MG; 0.5MG",30ml,"TOPICAL; TOPICAL",Discontinued,LOTION,D07XC,"CORTICOSTEROIDS, OTHER COMBINATIONS",2024-06-28,2024-06-28,"Business reasons",2024-06-28,2024-06-29,No
280453,02245688,Discontinuation,RATIO-TOPISALIC,"TEVA CANADA LIMITED","RATIO-TOPISALIC 0.5 mg/20 mg","BETAMETHASONE; SALICYLIC ACID","0.5MG; 20MG",60ml,"TOPICAL; TOPICAL",Discontinued,LOTION,D07XC,"CORTICOSTEROIDS, OTHER COMBINATIONS",2024-08-08,,"Business reasons",2026-03-13,2026-03-13,No
67254,02420813,Discontinuation,"RECLIPSEN 21","ACTAVIS PHARMA COMPANY","DESOGESTREL/ETHINYL ESTRADIOL",,,21,,Discontinued,,,,2016-01-01,,"Business reasons",2018-11-20,2018-11-20,No
67257,02417464,Discontinuation,"RECLIPSEN 28","ACTAVIS PHARMA COMPANY","DESOGESTREL/ETHINYL ESTRADIOL",,,28,,Discontinued,,,,2016-01-01,,"Business reasons",2018-11-20,2018-11-20,No
281666,02243676,Discontinuation,"RECOMBIVAX HB","MERCK CANADA INC","(hepatitis B vaccine [recombinant])","HEPATITIS B SURFACE ANTIGEN",10MCG,"10MCG/1ML 10X1DOSE","INTRAMUSCULAR; INTRAMUSCULAR",Discontinued,"SUSPENSION; SOLUTION",J07BC,"VIRAL VACCINES",2026-07-22,2026-07-31,"Business reasons",2026-03-27,2026-07-27,No
281670,02243676,Discontinuation,"RECOMBIVAX HB","MERCK CANADA INC","(hepatitis B vaccine [recombinant])","HEPATITIS B SURFACE ANTIGEN",10MCG,"10MCG/1ML 1DOSE","INTRAMUSCULAR; INTRAMUSCULAR",Discontinued,"SUSPENSION; SOLUTION",J07BC,"VIRAL VACCINES",2026-04-14,2026-04-24,"Business reasons",2026-03-27,2026-04-27,No
281676,02243676,Discontinuation,"RECOMBIVAX HB","MERCK CANADA INC","(hepatitis B vaccine [recombinant])","HEPATITIS B SURFACE ANTIGEN",10MCG,"5MCG/0.5ML 1DOSE","INTRAMUSCULAR; INTRAMUSCULAR",Discontinued,"SUSPENSION; SOLUTION",J07BC,"VIRAL VACCINES",2026-05-13,2026-05-29,"Business reasons",2026-03-27,2026-05-28,No
30005,02417936,Discontinuation,REDDY-ATORVASTATIN,"DR REDDYS LABORATORIES LTD","Atorvastatin Calcium Tablets",ATORVASTATIN,10MG,90BT,ORAL,Discontinued,TABLET,C10AA,"LIPID MODIFYING AGENTS, PLAIN",2017-10-01,2017-10-01,"Business reasons",2017-11-21,2017-11-21,No
30043,02417936,Discontinuation,REDDY-ATORVASTATIN,"DR REDDYS LABORATORIES LTD","Atorvastatin Calcium Tablets",ATORVASTATIN,10MG,500BT,ORAL,Discontinued,TABLET,C10AA,"LIPID MODIFYING AGENTS, PLAIN",2017-10-01,2017-10-01,"Business reasons",2017-11-21,2017-11-21,No
30045,02417944,Discontinuation,REDDY-ATORVASTATIN,"DR REDDYS LABORATORIES LTD","Atorvastatin Calcium Tablets",ATORVASTATIN,20MG,90BT,ORAL,Discontinued,TABLET,C10AA,"LIPID MODIFYING AGENTS, PLAIN",2017-10-01,2017-10-01,"Business reasons",2017-11-21,2017-11-21,No
30050,02417944,Discontinuation,REDDY-ATORVASTATIN,"DR REDDYS LABORATORIES LTD","Atorvastatin Calcium Tablets",ATORVASTATIN,20MG,500BT,ORAL,Discontinued,TABLET,C10AA,"LIPID MODIFYING AGENTS, PLAIN",2017-10-01,2017-10-01,"Business reasons",2017-11-21,2017-11-21,No
30053,02417952,Discontinuation,REDDY-ATORVASTATIN,"DR REDDYS LABORATORIES LTD","Atorvastatin Calcium Tablets",ATORVASTATIN,40MG,90BT,ORAL,Discontinued,TABLET,C10AA,"LIPID MODIFYING AGENTS, PLAIN",2017-10-01,2017-10-01,"Business reasons",2017-11-21,2017-11-21,No
30056,02417952,Discontinuation,REDDY-ATORVASTATIN,"DR REDDYS LABORATORIES LTD","Atorvastatin Calcium Tablets",ATORVASTATIN,40MG,500BT,ORAL,Discontinued,TABLET,C10AA,"LIPID MODIFYING AGENTS, PLAIN",2017-10-01,2017-10-01,"Business reasons",2017-11-21,2017-11-21,No
30059,02417960,Discontinuation,REDDY-ATORVASTATIN,"DR REDDYS LABORATORIES LTD","Atorvastatin Calcium Tablets",ATORVASTATIN,80MG,90BT,ORAL,Discontinued,TABLET,C10AA,"LIPID MODIFYING AGENTS, PLAIN",2017-10-01,2017-10-01,"Business reasons",2017-11-21,2017-11-21,No
30062,02417960,Discontinuation,REDDY-ATORVASTATIN,"DR REDDYS LABORATORIES LTD","Atorvastatin Calcium Tablets",ATORVASTATIN,80MG,500BT,ORAL,Discontinued,TABLET,C10AA,"LIPID MODIFYING AGENTS, PLAIN",2017-10-01,2017-10-01,"Business reasons",2017-11-21,2017-11-21,No
173240,02315920,Discontinuation,"REFRESH REDNESS RELIEF","ALLERGAN INC","naphazoline ophthalmic  sol 0.1%","NAPHAZOLINE HYDROCHLORIDE",0.1%,15ml,"OPHTHALMIC; OPHTHALMIC",Discontinued,SOLUTION,S01GA,"DECONGESTANTS AND ANTIALLERGICS",2022-11-01,,"Business reasons",2022-11-01,2022-11-02,No
138838,02474093,Discontinuation,REKOVELLE,"FERRING INC","follitropin delta injection (cartridge)","FOLLITROPIN DELTA",12MCG,"1 cartridge with 1 needle","SUBCUTANEOUS; SUBCUTANEOUS",Discontinued,SOLUTION,G03GA,,2021-05-06,2021-05-06,"Business reasons",2021-05-06,2021-05-07,No
138846,02474085,Discontinuation,REKOVELLE,"FERRING INC","follitropin delta injection (cartridge)","FOLLITROPIN DELTA",36MCG,"1 cartridge with 6 needles","SUBCUTANEOUS; SUBCUTANEOUS",Discontinued,SOLUTION,G03GA,,2021-05-06,2021-05-06,"Business reasons",2021-05-06,2021-05-07,No
138869,02474077,Discontinuation,REKOVELLE,"FERRING INC","Follitropin delta injection (cartridge)","FOLLITROPIN DELTA",72MCG,"1 cartridge with 9 needles","SUBCUTANEOUS; SUBCUTANEOUS",Discontinued,SOLUTION,G03GA,,2021-05-06,2021-05-06,"Business reasons",2021-05-06,2021-05-07,No
239433,02485559,Discontinuation,RENVELA,"SANOFI-AVENTIS CANADA INC","sevelamer carbonate","SEVELAMER CARBONATE",0.8G,Sachet,"ORAL; ORAL",Discontinued,"POWDER FOR SUSPENSION",V03AE,"ALL OTHER THERAPEUTIC PRODUCTS",2025-03-31,2025-03-31,"Other (Please describe in comments)",2024-10-04,2025-04-03,No
239436,02485567,Discontinuation,RENVELA,"SANOFI-AVENTIS CANADA INC","SEVELAMER CARBONATE","SEVELAMER CARBONATE",2.4G,Sachet,"ORAL; ORAL",Discontinued,"POWDER FOR SUSPENSION",V03AE,"ALL OTHER THERAPEUTIC PRODUCTS",2025-03-31,2025-03-31,"Other (Please describe in comments)",2024-10-04,2025-04-03,No
253680,02354586,Discontinuation,RENVELA,"SANOFI-AVENTIS CANADA INC","SEVELAMER CARBONATE","SEVELAMER CARBONATE",800MG,180,"ORAL; ORAL",Reversed,TABLET,V03AE,"ALL OTHER THERAPEUTIC PRODUCTS",,,"Other (Please describe in comments)",2025-03-31,2025-09-26,No
52434,02216973,Discontinuation,REOPRO,"JANSSEN INC","abciximab solution for intravenous injection",ABCIXIMAB,2MG,1x5ml,INTRAVENOUS,Discontinued,SOLUTION,B01AC,"ANTITHROMBOTIC AGENTS",2018-06-14,2018-06-14,"Business reasons",2018-06-14,2018-06-15,No
223420,02459779,Discontinuation,REPATHA,"AMGEN CANADA INC","evolocumab injection",EVOLOCUMAB,120MG,"420 mg / 3.5 mL (AMD)","SUBCUTANEOUS; SUBCUTANEOUS",Discontinued,SOLUTION,C10AX,"LIPID MODIFYING AGENTS, PLAIN",2025-06-24,2025-06-30,"Business reasons",2024-03-26,2025-07-02,No
82569,02247790,Discontinuation,REPRONEX,"FERRING INC","Menotropins for Injection",MENOTROPINS,75UNIT,"Boxes 5 vials + 5x2 mL vials diluent","INTRAMUSCULAR; SUBCUTANEOUS",Discontinued,"POWDER FOR SOLUTION",G03GA,"GONADOTROPHINS AND OTHER OVULATION STIMULANTS",2019-04-23,,"Business reasons",2019-04-26,2019-04-27,No
22594,02232565,Discontinuation,REQUIP,"GLAXOSMITHKLINE INC","ropinirole hydrochloride tablets",ROPINIROLE,0.25MG,"All pack sizes / Tous les formats",ORAL,Discontinued,TABLET,N04BC,"DOPAMINERGIC AGENTS",2017-10-31,,"Business reasons",2017-09-19,2017-11-01,No
22597,02232567,Discontinuation,REQUIP,"GLAXOSMITHKLINE INC","ropinirole hydrochloride tablets",ROPINIROLE,1MG,"All pack sizes / Tous les formats",ORAL,Discontinued,TABLET,N04BC,"DOPAMINERGIC AGENTS",2018-03-05,,"Business reasons",2017-09-19,2018-03-15,No
22600,02232568,Discontinuation,REQUIP,"GLAXOSMITHKLINE INC","ropinirole hydrochloride tablets",ROPINIROLE,2MG,"All pack sizes / Tous les formats",ORAL,Discontinued,TABLET,N04BC,"DOPAMINERGIC AGENTS",2018-03-02,,"Business reasons",2017-09-19,2018-03-15,No
22603,02232569,Discontinuation,REQUIP,"GLAXOSMITHKLINE INC","ropinirole hydrochloride tablets",ROPINIROLE,5MG,"All pack sizes / Tous les formats",ORAL,Discontinued,TABLET,N04BC,"DOPAMINERGIC AGENTS",2018-03-01,,"Business reasons",2017-09-19,2018-03-15,No
9176,02238348,Discontinuation,RESCRIPTOR,"VIIV HEALTHCARE ULC","delavirdine mesylate tablet","DELAVIRDINE MESYLATE",100MG,360s,ORAL,Discontinued,TABLET,J05AG,"DIRECT ACTING ANTIVIRALS",2018-11-01,,"Raw material availability",2017-05-05,2018-11-02,No
94281,01902660,Discontinuation,"RETROVIR (AZT)","VIIV HEALTHCARE ULC","Zidovudine Capsules",ZIDOVUDINE,100MG,100's,ORAL,Discontinued,CAPSULE,J05AF,"DIRECT ACTING ANTIVIRALS",2021-08-31,,"Business reasons",2019-09-18,2021-09-01,No
135720,02248610,Discontinuation,REYATAZ,"BRISTOL-MYERS SQUIBB CANADA","Atazanavir sulfate",ATAZANAVIR,150MG,"1 X 60","ORAL; ORAL","To be discontinued",CAPSULE,J05AE,"DIRECT ACTING ANTIVIRALS",,2022-03-31,"Business reasons",2021-03-16,2021-03-16,No
280161,02248611,Discontinuation,REYATAZ,"BRISTOL-MYERS SQUIBB CANADA","Atazanavir sulfate",ATAZANAVIR,200MG,"1 X 60","ORAL; ORAL",Discontinued,CAPSULE,J05AE,"DIRECT ACTING ANTIVIRALS",2026-06-30,2026-06-30,"Business reasons",2026-03-09,2026-07-06,No
280164,02294176,Discontinuation,REYATAZ,"BRISTOL-MYERS SQUIBB CANADA","Atazanavir sulfate",ATAZANAVIR,300MG,"1 X 30","ORAL; ORAL",Discontinued,CAPSULE,J05AE,"DIRECT ACTING ANTIVIRALS",2026-06-30,2026-06-30,"Business reasons",2026-03-09,2026-07-06,No
95737,02035324,Discontinuation,"RHINOCORT TURBUHALER 100 MCG/DOSE","ASTRAZENECA CANADA INC",budesonide,BUDESONIDE,100MCG,"200 doses","INHALATION; NASAL",Discontinued,POWDER,R01AD,"DECONGESTANTS AND OTHER NASAL PREP.FOR TOPICAL USE",2020-02-27,2020-02-28,"Business reasons",2019-10-08,2020-03-02,No
134215,02091887,Discontinuation,RIFADIN,"SANOFI-AVENTIS CANADA INC","Rifampin capsule",RIFAMPIN,150MG,100,"ORAL; ORAL",Discontinued,CAPSULE,J04AB,"DRUGS FOR TREATMENT OF TUBERCULOSIS",2021-01-28,,"Business reasons",2021-02-16,2021-02-16,No
134218,02092808,Discontinuation,RIFADIN,"SANOFI-AVENTIS CANADA INC","Rifampin capsule",RIFAMPIN,300MG,100,"ORAL; ORAL",Discontinued,CAPSULE,J04AB,"DRUGS FOR TREATMENT OF TUBERCULOSIS",2021-01-28,,"Business reasons",2021-02-16,2021-02-16,No
3688,02148625,Discontinuation,RIFATER,"SANOFI-AVENTIS CANADA INC","RIFATER 120MG TABS","PYRAZINAMIDE; RIFAMPIN; ISONIAZID","300MG; 120MG; 50MG",60,ORAL,Discontinued,TABLET,J04AM,"DRUGS FOR TREATMENT OF TUBERCULOSIS",2016-07-29,,"Business reasons",2017-03-20,2017-03-20,No
53374,02352141,Discontinuation,RISEDRONATE,"SIVEM PHARMACEUTICALS ULC",RISEDRONATE,"RISEDRONATE SODIUM",35MG,4,ORAL,Discontinued,TABLET,M05BA,"DRUGS AFFECTING BONE STRUCTURE AND MINERALIZATION",2018-07-06,2018-07-06,"Business reasons",2018-06-29,2018-07-31,No
53377,02352141,Discontinuation,RISEDRONATE,"SIVEM PHARMACEUTICALS ULC",RISEDRONATE,"RISEDRONATE SODIUM",35MG,30,ORAL,Discontinued,TABLET,M05BA,"DRUGS AFFECTING BONE STRUCTURE AND MINERALIZATION",2018-07-06,2018-07-06,"Business reasons",2018-06-29,2018-07-31,No
220861,02370255,Discontinuation,RISEDRONATE,"SANIS HEALTH INC",RISEDRONATE,"RISEDRONATE SODIUM",35MG,"4 & 30","ORAL; ORAL",Discontinued,TABLET,M05BA,"DRUGS AFFECTING BONE STRUCTURE AND MINERALIZATION",2024-02-28,,"Business reasons",2024-02-28,2024-02-29,No
68085,02025280,Discontinuation,RISPERDAL,"JANSSEN INC","risperidone tablets",RISPERIDONE,1MG,60,ORAL,Discontinued,TABLET,N05AX,ANTIPSYCHOTICS,2019-04-01,2019-04-01,"Business reasons",2018-11-29,2019-04-02,No
68089,02025299,Discontinuation,RISPERDAL,"JANSSEN INC",RISPERDAL,RISPERIDONE,2MG,60,ORAL,Discontinued,TABLET,N05AX,ANTIPSYCHOTICS,2019-04-01,2019-04-01,"Business reasons",2018-11-29,2019-04-02,No
68092,02025302,Discontinuation,RISPERDAL,"JANSSEN INC","RISPERDONE TABLETS",RISPERIDONE,3MG,60,ORAL,Discontinued,TABLET,N05AX,ANTIPSYCHOTICS,2019-04-01,2019-04-01,"Business reasons",2018-11-29,2019-04-02,No
68095,02240551,Discontinuation,RISPERDAL,"JANSSEN INC","risperdone tablets",RISPERIDONE,0.25MG,60,ORAL,Discontinued,TABLET,N05AX,ANTIPSYCHOTICS,2019-04-01,2019-04-01,"Business reasons",2018-11-29,2019-04-02,No
68098,02240552,Discontinuation,RISPERDAL,"JANSSEN INC","risperdal tablets",RISPERIDONE,0.5MG,60,ORAL,Discontinued,TABLET,N05AX,ANTIPSYCHOTICS,2019-04-01,2019-04-01,"Business reasons",2018-11-29,2019-04-02,No
68101,02025310,Discontinuation,RISPERDAL,"JANSSEN INC","risperdal tablets",RISPERIDONE,4MG,60,ORAL,Discontinued,TABLET,N05AX,ANTIPSYCHOTICS,2019-04-01,2019-04-01,"Business reasons",2018-11-29,2019-04-02,No
190894,02236950,Discontinuation,"RISPERDAL ORAL SOLUTION","JANSSEN INC",RISPERDAL,RISPERIDONE,1MG,1,"ORAL; ORAL","To be discontinued",SOLUTION,N05AX,ANTIPSYCHOTICS,,2023-10-02,"Business reasons",2023-04-27,2023-04-27,No
154449,00005606,Discontinuation,"RITALIN 10MG","NOVARTIS PHARMACEUTICALS CANADA INC","RITALIN 10MG TABS 100'S","METHYLPHENIDATE HYDROCHLORIDE",10MG,100'S,"ORAL; ORAL",Discontinued,TABLET,N06BA,"PSYCHOSTIMULANTS AND NOOTROPICS",2022-05-03,2022-04-30,"Business reasons",2022-02-08,2022-05-11,No
89771,00005614,Discontinuation,"RITALIN 20MG","NOVARTIS PHARMACEUTICALS CANADA INC","RITALIN 20MG TABS 100'S","METHYLPHENIDATE HYDROCHLORIDE",20MG,100's,ORAL,Discontinued,TABLET,N06BA,"PSYCHOSTIMULANTS AND NOOTROPICS",2019-07-31,2019-07-31,"Business reasons",2019-07-22,2019-08-01,No
154439,00632775,Discontinuation,"RITALIN-SR TAB 20MG","NOVARTIS PHARMACEUTICALS CANADA INC","RITALIN SR 20MG  100'S","METHYLPHENIDATE HYDROCHLORIDE",20MG,100'S,"ORAL; ORAL",Discontinued,"TABLET (EXTENDED-RELEASE)",N06BA,"PSYCHOSTIMULANTS AND NOOTROPICS",2022-04-01,2022-03-31,"Business reasons",2022-02-08,2022-04-05,No
12406,02331497,Discontinuation,RIVA-AMLODIPINE,"LABORATOIRE RIVA INC",Riva-Amlodipine,AMLODIPINE,5MG,"100 pack",ORAL,Discontinued,TABLET,C08CA,"SELECTIVE CALC.CHANNEL BLOCK. W/MAINLY VASC. EFF.",2017-06-09,2017-06-09,"Business reasons",2017-06-09,2017-06-10,No
12474,02331500,Discontinuation,RIVA-AMLODIPINE,"LABORATOIRE RIVA INC",Riva-Amlodipine,AMLODIPINE,10MG,100,ORAL,Discontinued,TABLET,C08CA,"SELECTIVE CALC.CHANNEL BLOCK. W/MAINLY VASC. EFF.",2017-06-09,2017-06-09,"Business reasons",2017-06-09,2017-06-10,No
281715,02405997,Discontinuation,RIVA-ATOMOXETINE,"LABORATOIRE RIVA INC.","Riva-Atomoxetine 40mg",ATOMOXETINE,40MG,30,"ORAL; ORAL",Discontinued,CAPSULE,N06BA,"PSYCHOSTIMULANTS AND NOOTROPICS",2025-10-08,2025-10-08,"Business reasons",2026-03-27,2026-03-27,No
13447,02422751,Discontinuation,RIVA-ATORVASTATIN,"LABORATOIRE RIVA INC",Riva-Atorvastatin,ATORVASTATIN,10MG,30,ORAL,Discontinued,TABLET,C10AA,"LIPID MODIFYING AGENTS, PLAIN",2017-06-20,2017-06-20,"Business reasons",2017-06-20,2017-06-21,No
13450,02422786,Discontinuation,RIVA-ATORVASTATIN,"LABORATOIRE RIVA INC",Riva-Atorvastatin,ATORVASTATIN,40MG,30,ORAL,Discontinued,TABLET,C10AA,"LIPID MODIFYING AGENTS, PLAIN",2017-06-20,2017-06-20,"Business reasons",2017-06-20,2017-06-21,No
192613,02346532,Discontinuation,RIVA-CLARITHROMYCIN,"LABORATOIRE RIVA INC.","Riva-clarithromycin 500mg",CLARITHROMYCIN,500MG,100,"ORAL; ORAL",Discontinued,TABLET,J01FA,"MACROLIDES, LINCOSAMIDES AND STREPTOGRAMINS",2023-05-16,2023-05-16,"Business reasons",2023-05-16,2023-05-17,No
141866,02451085,Discontinuation,RIVA-DULOXETINE,"LABORATOIRE RIVA INC.","Riva-Duloxetine 60mg",DULOXETINE,60MG,"30 & 100","ORAL; ORAL",Discontinued,"CAPSULE (DELAYED RELEASE)",N06AX,ANTIDEPRESSANTS,2021-07-05,2021-07-05,"Business reasons",2021-07-05,2021-07-06,No
135705,02303345,Discontinuation,RIVA-FLUVOX,"LABORATOIRE RIVA INC.",Riva-Fluvox50mg,"FLUVOXAMINE MALEATE",50MG,100,"ORAL; ORAL",Discontinued,TABLET,N06AB,ANTIDEPRESSANTS,2021-07-05,2021-05-31,"Business reasons",2021-03-15,2021-07-06,No
135708,02303361,Discontinuation,RIVA-FLUVOX,"LABORATOIRE RIVA INC.","Riva-Fluvox 100mg","FLUVOXAMINE MALEATE",100MG,100,"ORAL; ORAL",Discontinued,TABLET,N06AB,ANTIDEPRESSANTS,2021-07-05,2021-05-31,"Business reasons",2021-03-15,2021-07-06,No
212224,02492725,Discontinuation,RIVA-LEVOFLOXACIN,"LABORATOIRE RIVA INC.","Riva-Levofloxacin 250mg",LEVOFLOXACIN,250MG,100,ORAL,Discontinued,TABLET,J01MA,"QUINOLONE ANTIBACTERIALS",2023-12-01,2023-12-01,"Business reasons",2023-12-01,2023-12-02,No
212227,02492733,Discontinuation,RIVA-LEVOFLOXACIN,"LABORATOIRE RIVA INC.","Riva-Levofloxacin 500mg",LEVOFLOXACIN,500MG,100,ORAL,Discontinued,TABLET,J01MA,"QUINOLONE ANTIBACTERIALS",2023-01-18,2023-12-01,"Business reasons",2023-12-01,2023-12-01,No
212230,02492741,Discontinuation,RIVA-LEVOFLOXACIN,"LABORATOIRE RIVA INC.","Riva-Levofloxacin 750mg",LEVOFLOXACIN,750MG,100,ORAL,Discontinued,TABLET,J01MA,"QUINOLONE ANTIBACTERIALS",2022-12-22,2022-12-22,"Business reasons",2023-12-01,2023-12-01,No
81926,02471353,Discontinuation,RIVA-OLMESARTAN,"LABORATOIRE RIVA INC","Riva-olmesartan 20mg","OLMESARTAN MEDOXOMIL",20MG,"30 & 100",ORAL,Discontinued,TABLET,C09CA,"ANGIOTENSIN II ANTAGONISTS, PLAIN",2019-04-17,2019-04-17,"Raw material availability",2019-04-17,2019-04-18,No
81929,02471361,Discontinuation,RIVA-OLMESARTAN,"LABORATOIRE RIVA INC","Riva- Olmesartan 40mg","OLMESARTAN MEDOXOMIL",40MG,"30 & 100",ORAL,Discontinued,TABLET,C09CA,"ANGIOTENSIN II ANTAGONISTS, PLAIN",2019-04-17,2019-04-17,"Raw material availability",2019-04-17,2019-04-18,No
254234,02416999,Discontinuation,RIVASTIGMINE,"PRO DOC LIMITEE",RIVASTIGMINE,RIVASTIGMINE,1.5MG,100,"ORAL; ORAL",Discontinued,CAPSULE,N06DA,"ANTI-DEMENTIA DRUGS",2025-04-04,,"Business reasons",2025-04-04,2025-04-05,No
254237,02417006,Discontinuation,RIVASTIGMINE,"PRO DOC LIMITEE",RIVASTIGMINE,RIVASTIGMINE,3MG,100,"ORAL; ORAL",Discontinued,CAPSULE,N06DA,"ANTI-DEMENTIA DRUGS",2025-04-04,,"Business reasons",2025-04-04,2025-04-05,No
254240,02417014,Discontinuation,RIVASTIGMINE,"PRO DOC LIMITEE",RIVASTIGMINE,RIVASTIGMINE,4.5MG,100,"ORAL; ORAL",Discontinued,CAPSULE,N06DA,"ANTI-DEMENTIA DRUGS",2025-04-04,,"Business reasons",2025-04-04,2025-04-05,No
254243,02417022,Discontinuation,RIVASTIGMINE,"PRO DOC LIMITEE",RIVASTIGMINE,RIVASTIGMINE,6MG,100,"ORAL; ORAL",Discontinued,CAPSULE,N06DA,"ANTI-DEMENTIA DRUGS",2025-06-18,2025-07-31,"Business reasons",2025-04-04,2025-06-23,No
279214,01934791,Discontinuation,"ROBAXISAL C 1/2","GLAXOSMITHKLINE CONSUMER HEALTHCARE ULC","methocarbamol, codeine phosphate and acetylsalicylic acid tablets","ACETYLSALICYLIC ACID; CODEINE PHOSPHATE; METHOCARBAMOL","325MG; 32.4MG; 400MG","250ct, 24ct","ORAL; ORAL",Discontinued,TABLET,N02AA,OPIOIDS,2025-12-15,,"Business reasons",2026-03-02,2026-03-02,No
279217,01934783,Discontinuation,"ROBAXISAL C 1/4","GLAXOSMITHKLINE CONSUMER HEALTHCARE ULC","methocarbamol, codeine phosphate and acetylsalicylic acid","METHOCARBAMOL; CODEINE PHOSPHATE; ACETYLSALICYLIC ACID","400MG; 16.2MG; 325MG",24ct,"ORAL; ORAL",Discontinued,TABLET,N02AA,OPIOIDS,2025-12-16,,"Business reasons",2026-03-02,2026-03-02,No
204349,01934740,Discontinuation,"ROBITUSSIN AC","GLAXOSMITHKLINE CONSUMER HEALTHCARE ULC","codeine phosphate, guaifenesin and pheniramine maleate","CODEINE PHOSPHATE; GUAIFENESIN; PHENIRAMINE MALEATE","10MG; 100MG; 7.5MG","1 L","ORAL; ORAL",Discontinued,SYRUP,R05FA,"COUGH SUPPRESSANTS AND EXPECTORANTS, COMBINATIONS",2023-09-01,,"Business reasons",2023-09-14,2023-09-14,No
4945,02353075,Discontinuation,ROPINIROLE,"SANIS HEALTH INC","ROPINIROLE TABS",ROPINIROLE,5MG,100,ORAL,Discontinued,TABLET,N04BC,"DOPAMINERGIC AGENTS",2011-06-24,,"Business reasons",2017-03-31,2017-03-31,No
170496,02347830,Discontinuation,"ROPIVACAINE HYDROCHLORIDE INJECTION USP","PFIZER CANADA ULC","ROPIVACAINE HYDROCHLORIDE INJECTION USP","ROPIVACAINE HYDROCHLORIDE",10MG,"10 x 10mL vial","EPIDURAL; EPIDURAL",Discontinued,SOLUTION,N01BB,"ANESTHETICS, LOCAL",2022-10-01,,"Business reasons",2022-09-30,2022-10-02,No
170499,02347830,Discontinuation,"ROPIVACAINE HYDROCHLORIDE INJECTION USP","PFIZER CANADA ULC","ROPIVACAINE HYDROCHLORIDE INJECTION USP","ROPIVACAINE HYDROCHLORIDE",10MG,"10 x 20mL vial","EPIDURAL; EPIDURAL",Discontinued,SOLUTION,N01BB,"ANESTHETICS, LOCAL",2022-10-01,,"Business reasons",2022-09-30,2022-10-02,No
170502,02347822,Discontinuation,"ROPIVACAINE HYDROCHLORIDE INJECTION USP","PFIZER CANADA ULC","ROPIVACAINE HYDROCHLORIDE INJECTION USP","ROPIVACAINE HYDROCHLORIDE",5MG,"10 x 30mL vial","EPIDURAL; BLOCK/INFILTRATION; EPIDURAL; BLOCK/INFILTRATION",Discontinued,SOLUTION,N01BB,"ANESTHETICS, LOCAL",2022-10-01,,"Business reasons",2022-09-30,2022-10-02,No
53380,02389037,Discontinuation,ROSUVASTATIN,"SIVEM PHARMACEUTICALS ULC",ROSUVASTATIN,ROSUVASTATIN,5MG,30,ORAL,Discontinued,TABLET,C10AA,"LIPID MODIFYING AGENTS, PLAIN",2018-06-29,,"Business reasons",2018-06-29,2018-06-30,No
53383,02389037,Discontinuation,ROSUVASTATIN,"SIVEM PHARMACEUTICALS ULC",ROSUVASTATIN,ROSUVASTATIN,5MG,100,ORAL,Discontinued,TABLET,C10AA,"LIPID MODIFYING AGENTS, PLAIN",2018-06-29,,"Business reasons",2018-06-29,2018-06-30,No
53386,02389045,Discontinuation,ROSUVASTATIN,"SIVEM PHARMACEUTICALS ULC",ROSUVASTATIN,ROSUVASTATIN,10MG,30,ORAL,Discontinued,TABLET,C10AA,"LIPID MODIFYING AGENTS, PLAIN",2018-06-29,,"Business reasons",2018-06-29,2018-06-30,No
53389,02389045,Discontinuation,ROSUVASTATIN,"SIVEM PHARMACEUTICALS ULC",ROSUVASTATIN,ROSUVASTATIN,10MG,100,ORAL,Discontinued,TABLET,C10AA,"LIPID MODIFYING AGENTS, PLAIN",2018-06-29,,"Business reasons",2018-06-29,2018-06-30,No
53393,02389053,Discontinuation,ROSUVASTATIN,"SIVEM PHARMACEUTICALS ULC",ROSUVASTATIN,ROSUVASTATIN,20MG,30,ORAL,Discontinued,TABLET,C10AA,"LIPID MODIFYING AGENTS, PLAIN",2018-06-29,,"Business reasons",2018-06-29,2018-06-30,No
53398,02389053,Discontinuation,ROSUVASTATIN,"SIVEM PHARMACEUTICALS ULC",ROSUVASTATIN,ROSUVASTATIN,20MG,100,ORAL,Discontinued,TABLET,C10AA,"LIPID MODIFYING AGENTS, PLAIN",2018-06-29,,"Business reasons",2018-06-29,2018-06-30,No
53401,02389061,Discontinuation,ROSUVASTATIN,"SIVEM PHARMACEUTICALS ULC",ROSUVASTATIN,ROSUVASTATIN,40MG,30,ORAL,Discontinued,TABLET,C10AA,"LIPID MODIFYING AGENTS, PLAIN",2018-06-29,,"Business reasons",2018-06-29,2018-06-30,No
53404,02389061,Discontinuation,ROSUVASTATIN,"SIVEM PHARMACEUTICALS ULC",ROSUVASTATIN,ROSUVASTATIN,40MG,100,ORAL,Discontinued,TABLET,C10AA,"LIPID MODIFYING AGENTS, PLAIN",2018-06-29,,"Business reasons",2018-06-29,2018-06-30,No
73724,02411636,Discontinuation,ROSUVASTATIN-10,"SIVEM PHARMACEUTICALS ULC",ROSUVASTATIN,ROSUVASTATIN,10MG,90,ORAL,Discontinued,TABLET,C10AA,"LIPID MODIFYING AGENTS, PLAIN",2019-02-26,,"Business reasons",2019-01-28,2019-03-04,No
73727,02411644,Discontinuation,ROSUVASTATIN-20,"SIVEM PHARMACEUTICALS ULC",ROSUVASTATIN,ROSUVASTATIN,20MG,90,ORAL,Discontinued,TABLET,C10AA,"LIPID MODIFYING AGENTS, PLAIN",2019-03-15,2019-03-18,"Business reasons",2019-01-28,2019-03-18,No
12018,02411628,Discontinuation,ROSUVASTATIN-5,"SIVEM PHARMACEUTICALS ULC",ROSUVASTATIN,ROSUVASTATIN,5MG,90,ORAL,Discontinued,TABLET,C10AA,"LIPID MODIFYING AGENTS, PLAIN",2017-06-06,,"Business reasons",2017-06-06,2017-06-07,No
168007,01927825,Discontinuation,"ROVAMYCINE 250 CAPSULE 750000 UNIT","ODAN LABORATORIES LTD","Spiramycin Capsule",SPIRAMYCIN,750000UNIT,50,"ORAL; ORAL",Discontinued,CAPSULE,J01FA,"MACROLIDES, LINCOSAMIDES AND STREPTOGRAMINS",2022-08-25,,"Business reasons",2022-08-26,2022-08-26,No
168010,01927817,Discontinuation,"ROVAMYCINE 500 CAPSULE 1500000 UNIT","ODAN LABORATORIES LTD","Spiramycin Capsule",SPIRAMYCIN,1500000UNIT,50,"ORAL; ORAL",Discontinued,CAPSULE,J01FA,"MACROLIDES, LINCOSAMIDES AND STREPTOGRAMINS",2022-08-25,,"Business reasons",2022-08-26,2022-08-26,No
156611,02503034,Discontinuation,RUZURGI,"MEDUNIK CANADA",Amifapridine,,10MG,"100 tablets",ORAL,Reversed,TABLET,N07XX,,2022-03-12,2022-03-12,"Other (Please describe in comments)",2022-03-14,2023-01-27,No
259444,02386925,Discontinuation,SAG-M,"HAEMONETICS CORPORATION","SAG-M Solution (Saline, Adenine, Glucose, Mannitol Red Blood Cell Preservative Solution)","MANNITOL; DEXTROSE; SODIUM CHLORIDE; ADENINE","0.525%; 0.9%; 0.877%; 0.0169%",350mL,"0-UNASSIGNED; 0-UNASSIGNED",Discontinued,SOLUTION,V07AC,"ALL OTHER NON-THERAPEUTIC PRODUCTS",2026-03-31,2026-03-31,"Business reasons",2025-06-04,2026-04-13,No
67048,02215136,Discontinuation,"SAIZEN 10IU  -  KIT","EMD SERONO A DIVISION OF EMD INC CANADA",somatropin,"SODIUM CHLORIDE; SOMATROPIN","5ML; 3.3MG","1 vial / fiole","INTRAMUSCULAR; SUBCUTANEOUS",Discontinued,"POWDER FOR SOLUTION",H01AC,"ANTERIOR PITUITARY LOBE HORMONES AND ANALOGUES",2019-02-21,,"Business reasons",2018-11-19,2019-02-22,No
14829,02272083,Discontinuation,"SAIZEN 8.8MG (5.83MG/ML)","EMD SERONO A DIVISION OF EMD INC CANADA",somatropin,SOMATROPIN,8.8MG,"1 vial / fiole",SUBCUTANEOUS,Discontinued,"POWDER FOR SOLUTION",H01AC,"ANTERIOR PITUITARY LOBE HORMONES AND ANALOGUES",2017-09-27,,"Business reasons",2017-07-06,2017-10-04,No
289461,02112795,Discontinuation,SALOFALK,"ABBVIE CORPORATION","Mesalamine Rectal Suspension",MESALAZINE,2G,"7 x 60G","RECTAL; RECTAL","To be discontinued",SUSPENSION,A07EC,"INTESTINALANTIINFLAMMATORY AGENTS",,2026-09-18,"Raw material availability",2026-07-17,2026-07-17,No
289464,02112809,Discontinuation,SALOFALK,"ABBVIE CORPORATION","Mesalamine Rectal Suspension",MESALAZINE,4G,"7 x 60G","RECTAL; RECTAL","To be discontinued",SUSPENSION,A07EC,"INTESTINALANTIINFLAMMATORY AGENTS",,2026-10-16,"Raw material availability",2026-07-17,2026-07-17,No
290969,02242146,Discontinuation,SALOFALK,"ABBVIE CORPORATION","5-Aminosalycilic acid or Mesalamine suppositories",MESALAZINE,1000MG,"30 CT","RECTAL; RECTAL","To be discontinued",SUPPOSITORY,A07EC,"INTESTINALANTIINFLAMMATORY AGENTS",,2027-02-05,"Business reasons",2026-08-08,2026-08-07,No
290972,02112760,Discontinuation,SALOFALK,"ABBVIE CORPORATION","5-Aminosalycilic acid or Mesalamine suppositories",MESALAZINE,500MG,"30 CT","RECTAL; RECTAL","To be discontinued",SUPPOSITORY,A07EC,"INTESTINALANTIINFLAMMATORY AGENTS",,2027-09-24,"Business reasons",2026-08-08,2026-08-07,No
154429,02049392,Discontinuation,SANDOSTATIN,"NOVARTIS PHARMACEUTICALS CANADA INC","SANDOSTATIN MDV 200MG 5ML",OCTREOTIDE,200MCG,5ML,"SUBCUTANEOUS; INTRAVENOUS; SUBCUTANEOUS; INTRAVENOUS",Discontinued,SOLUTION,H01CB,"HYPOTHALAMIC HORMONES",2022-02-14,2022-02-28,"Business reasons",2022-02-08,2022-03-07,No
223070,00839205,Discontinuation,SANDOSTATIN,"NOVARTIS PHARMACEUTICALS CANADA INC","SANDOSTATIN  100UG 1ML 1 X 5",OCTREOTIDE,100MCG,"1 X 5","SUBCUTANEOUS; INTRAVENOUS; SUBCUTANEOUS; INTRAVENOUS",Discontinued,SOLUTION,H01CB,"HYPOTHALAMIC HORMONES",2024-02-05,2024-02-05,"Business reasons",2024-03-22,2024-03-22,No
99259,02288087,Discontinuation,"SANDOZ ALENDRONATE","SANDOZ CANADA INCORPORATED",ALENDRONATE,"ALENDRONIC ACID",10MG,2X14/Bl,ORAL,Discontinued,TABLET,M05BA,"DRUGS AFFECTING BONE STRUCTURE AND MINERALIZATION",2019-11-18,,"Business reasons",2019-11-19,2019-11-19,No
246849,02288109,Discontinuation,"SANDOZ ALENDRONATE","SANDOZ CANADA INCORPORATED",ALENDRONATE,"ALENDRONIC ACID",70MG,4TAB,"ORAL; ORAL",Discontinued,TABLET,M05BA,"DRUGS AFFECTING BONE STRUCTURE AND MINERALIZATION",2024-11-19,,"Manufacturing issues",2025-01-06,2025-01-06,No
261365,02526875,Discontinuation,"SANDOZ AMBRISENTAN TABLETS","SANDOZ CANADA INCORPORATED","AMBRISENTAN TABLETS",AMBRISENTAN,5MG,30FCT,ORAL,Discontinued,TABLET,C02KX,"OTHER ANTIHYPERTENSIVES",2025-05-22,,"Business reasons",2025-06-30,2025-06-30,No
261512,02526883,Discontinuation,"SANDOZ AMBRISENTAN TABLETS","SANDOZ CANADA INCORPORATED","AMBRISENTAN TABLETS",AMBRISENTAN,10MG,30FCT,ORAL,Discontinued,TABLET,C02KX,"OTHER ANTIHYPERTENSIVES",2025-07-02,,"Business reasons",2025-07-02,2025-07-03,No
257368,02457296,Discontinuation,"SANDOZ AMPHETAMINE XR","SANDOZ CANADA INCORPORATED","AMPHETAMINE XR","MIXED SALTS AMPHETAMINE",10MG,100PRCH,"ORAL; ORAL",Discontinued,"CAPSULE (EXTENDED RELEASE)",N06BA,"PSYCHOSTIMULANTS AND NOOTROPICS",2025-10-13,2025-12-26,"Business reasons",2025-05-15,2025-11-18,No
257371,02457288,Discontinuation,"SANDOZ AMPHETAMINE XR","SANDOZ CANADA INCORPORATED",AMPHETAMINE,"MIXED SALTS AMPHETAMINE",5MG,100PRCH,"ORAL; ORAL",Discontinued,"CAPSULE (EXTENDED RELEASE)",N06BA,"PSYCHOSTIMULANTS AND NOOTROPICS",2025-07-25,,"Business reasons",2025-05-15,2026-03-19,No
257374,02457326,Discontinuation,"SANDOZ AMPHETAMINE XR","SANDOZ CANADA INCORPORATED",AMPHETAMINE,"MIXED SALTS AMPHETAMINE",20MG,20,"ORAL; ORAL",Discontinued,"CAPSULE (EXTENDED RELEASE)",N06BA,"PSYCHOSTIMULANTS AND NOOTROPICS",2025-10-13,2025-10-31,"Business reasons",2025-05-15,2025-11-18,No
257377,02457334,Discontinuation,"SANDOZ AMPHETAMINE XR","SANDOZ CANADA INCORPORATED",AMPHETAMINE,"MIXED SALTS AMPHETAMINE",25MG,25,"ORAL; ORAL",Discontinued,"CAPSULE (EXTENDED RELEASE)",N06BA,"PSYCHOSTIMULANTS AND NOOTROPICS",2025-10-06,2025-10-31,"Business reasons",2025-05-15,2025-11-18,No
257384,02457342,Discontinuation,"SANDOZ AMPHETAMINE XR","SANDOZ CANADA INCORPORATED",AMPHETAMINE,"MIXED SALTS AMPHETAMINE",30MG,30,"ORAL; ORAL","To be discontinued","CAPSULE (EXTENDED RELEASE)",N06BA,"PSYCHOSTIMULANTS AND NOOTROPICS",,2025-10-31,"Business reasons",2025-05-15,2025-05-15,No
257387,02457318,Discontinuation,"SANDOZ AMPHETAMINE XR","SANDOZ CANADA INCORPORATED",AMPHETAMINE,"MIXED SALTS AMPHETAMINE",15MG,15,"ORAL; ORAL","To be discontinued","CAPSULE (EXTENDED RELEASE)",N06BA,"PSYCHOSTIMULANTS AND NOOTROPICS",,2025-12-26,"Business reasons",2025-05-15,2025-05-15,No
275341,02457318,Discontinuation,"SANDOZ AMPHETAMINE XR","SANDOZ CANADA INCORPORATED","AMPHETAMINE XR","MIXED SALTS AMPHETAMINE",15MG,100PRCH,"ORAL; ORAL",Discontinued,"CAPSULE (EXTENDED RELEASE)",N06BA,"PSYCHOSTIMULANTS AND NOOTROPICS",2025-11-25,,"Business reasons",2026-01-08,2026-01-08,No
43845,02242797,Discontinuation,"SANDOZ ANUZINC HC PLUS SUPPOSITORIES","SANDOZ CANADA INCORPORATED",ANUZINC,"PRAMOXINE HYDROCHLORIDE; HYDROCORTISONE ACETATE; ZINC SULFATE","20MG; 10MG; 10MG",12/Box,RECTAL,Discontinued,SUPPOSITORY,C05AA,"AGENTS FOR TREATMENT OF HEMORRHOIDS AND ANAL FISSURES FOR TOPICAL USE",2018-03-20,,"Raw material availability",2018-03-23,2018-03-23,No
34638,02242798,Discontinuation,"SANDOZ ANUZINC HC SUPPOSITORIES","SANDOZ CANADA INCORPORATED",ANUZINC,"HYDROCORTISONE ACETATE; ZINC SULFATE","10MG; 10MG",12'S,RECTAL,Discontinued,SUPPOSITORY,C05AA,"AGENTS FOR TREATMENT OF HEMORRHOIDS AND ANAL FISSURES FOR TOPICAL USE",2017-12-22,,"Manufacturing issues",2018-01-03,2018-01-03,No
280205,02387131,Discontinuation,"SANDOZ CIPROFLOXACIN","SANDOZ CANADA INCORPORATED",CIPROFLOXACIN,CIPROFLOXACIN,0.3%,5ML,"OPHTHALMIC; OPHTHALMIC",Discontinued,SOLUTION,S01AE,ANTIINFECTIVES,2026-03-09,,"Business reasons",2026-03-10,2026-03-10,No
261518,02495023,Discontinuation,"SANDOZ CLOBETASOL","SANDOZ CANADA INCORPORATED",CLOBETASOL,"CLOBETASOL PROPIONATE",0.05%,59ML,TOPICAL,Discontinued,SPRAY,D07AD,"CORTICOSTEROIDS, PLAIN",2025-07-02,,"Business reasons",2025-07-02,2025-07-03,No
141630,02359316,Discontinuation,"SANDOZ CLOPIDOGREL","SANDOZ CANADA INCORPORATED","SANDOZ CLOPIDOGREL",CLOPIDOGREL,75MG,500,"ORAL; ORAL",Discontinued,TABLET,B01AC,"ANTITHROMBOTIC AGENTS",2021-06-28,,"Other (Please describe in comments)",2021-06-29,2021-06-29,No
141634,02359316,Discontinuation,"SANDOZ CLOPIDOGREL","SANDOZ CANADA INCORPORATED","SANDOZ CLOPIDOGREL",CLOPIDOGREL,75MG,100,"ORAL; ORAL",Reversed,TABLET,B01AC,"ANTITHROMBOTIC AGENTS",2021-06-28,,"Other (Please describe in comments)",2021-06-29,2021-06-29,No
211608,00287873,Discontinuation,"SANDOZ COLCHICINE","SANDOZ CANADA INCORPORATED","SDZ COLCHICINE",COLCHICINE,0.6MG,"100TAB BO","ORAL; ORAL",Discontinued,TABLET,M04AC,"ANTIGOUT PREPARATIONS",2023-11-27,,"Business reasons",2023-11-27,2023-11-28,No
226738,02253178,Discontinuation,"SANDOZ D 10 000","SANDOZ CANADA INCORPORATED","SDZ D 10000IU","VITAMIN D3",10000UNIT,"60SGC BO","ORAL; ORAL",Discontinued,CAPSULE,A11CC,"VIT A AND D, INCL COMBINATIONS OF THE TWO",2024-05-01,,"Manufacturing issues",2024-05-01,2024-05-02,No
224169,02237450,Discontinuation,"SANDOZ D-FORTE","SANDOZ CANADA INCORPORATED",D-FORTE,"VITAMIN D2",50000UNIT,"100SGC BO","ORAL; ORAL",Discontinued,CAPSULE,A11CC,"VIT A AND D, INCL COMBINATIONS OF THE TWO",2024-04-02,,"Manufacturing issues",2024-04-02,2024-04-03,No
264373,02454807,Discontinuation,"SANDOZ DICLOFENAC OPHTHA","SANDOZ CANADA INCORPORATED","DICLOFENAC OPHTHA","DICLOFENAC SODIUM",0.1%,5ML,"OPHTHALMIC; OPHTHALMIC",Discontinued,SOLUTION,S01BC,"ANTIINFLAMMATORY AGENTS",2025-08-04,,"Business reasons",2025-08-05,2025-08-05,No
139331,02243338,Discontinuation,"SANDOZ DILTIAZEM CD","SANDOZ CANADA INCORPORATED","SANDOZ DILTIAZEM CD","DILTIAZEM HYDROCHLORIDE",120MG,100CAP,"ORAL; ORAL",Discontinued,"CAPSULE (EXTENDED RELEASE)",C08DB,"SELECTIVE CALC.CHANNEL BLOCK. W/DIRECT CARDIAC EFF",2021-04-22,,"Manufacturing issues",2021-05-13,2021-05-13,No
139336,02243341,Discontinuation,"SANDOZ DILTIAZEM CD","SANDOZ CANADA INCORPORATED","SANDOZ DILTIAZEM CD","DILTIAZEM HYDROCHLORIDE",300MG,100CAP,"ORAL; ORAL",Discontinued,"CAPSULE (EXTENDED RELEASE)",C08DB,"SELECTIVE CALC.CHANNEL BLOCK. W/DIRECT CARDIAC EFF",2021-04-22,,"Manufacturing issues",2021-05-13,2021-05-13,No
139351,02243339,Discontinuation,"SANDOZ DILTIAZEM CD","SANDOZ CANADA INCORPORATED","SANDOZ DILTIAZEM CD","DILTIAZEM HYDROCHLORIDE",180MG,100CAP,"ORAL; ORAL",Discontinued,"CAPSULE (EXTENDED RELEASE)",C08DB,"SELECTIVE CALC.CHANNEL BLOCK. W/DIRECT CARDIAC EFF",2021-04-22,,"Manufacturing issues",2021-05-14,2021-05-14,No
139358,02243340,Discontinuation,"SANDOZ DILTIAZEM CD","SANDOZ CANADA INCORPORATED","SANDOZ DILTIAZEM CD","DILTIAZEM HYDROCHLORIDE",240MG,100CAP,"ORAL; ORAL",Discontinued,"CAPSULE (EXTENDED RELEASE)",C08DB,"SELECTIVE CALC.CHANNEL BLOCK. W/DIRECT CARDIAC EFF",2021-04-22,,"Manufacturing issues",2021-05-14,2021-05-14,No
110324,02245922,Discontinuation,"SANDOZ DILTIAZEM T","SANDOZ CANADA INCORPORATED","DILTIAZEM T",,,100,,Discontinued,,,,2019-09-28,,"Business reasons",2020-04-01,2020-04-01,No
118541,02245918,Discontinuation,"SANDOZ DILTIAZEM T","SANDOZ CANADA INCORPORATED","SANDOZ DILTIAZEM T","DILTIAZEM HYDROCHLORIDE",120MG,"100 PRCH BO","ORAL; ORAL",Discontinued,"CAPSULE (EXTENDED RELEASE)",C08DB,"SELECTIVE CALC.CHANNEL BLOCK. W/DIRECT CARDIAC EFF",2020-06-19,,"Manufacturing issues",2020-06-22,2020-06-22,No
147269,02245919,Discontinuation,"SANDOZ DILTIAZEM T","SANDOZ CANADA INCORPORATED","DILTIAZEM T","DILTIAZEM HYDROCHLORIDE",180MG,100/Btl,"ORAL; ORAL",Discontinued,"CAPSULE (EXTENDED RELEASE)",C08DB,"SELECTIVE CALC.CHANNEL BLOCK. W/DIRECT CARDIAC EFF",2021-10-14,,"Business reasons",2021-10-15,2021-10-14,No
245230,02513803,Discontinuation,"SANDOZ DIMETHYL FUMARATE DELAYED-RELEASE CAPSULES","SANDOZ CANADA INCORPORATED","DIMETHYL FUM SDZ","DIMETHYL FUMARATE",240MG,56GRC,ORAL,Discontinued,"CAPSULE (DELAYED RELEASE)",L04AX,,2024-12-10,,"Manufacturing issues",2024-12-10,2024-12-11,No
245267,02513781,Discontinuation,"SANDOZ DIMETHYL FUMARATE DELAYED-RELEASE CAPSULES","SANDOZ CANADA INCORPORATED","DIMETHYL FUM SDZ","DIMETHYL FUMARATE",120MG,56GRC,ORAL,Discontinued,"CAPSULE (DELAYED RELEASE)",L04AX,,2024-12-10,,"Manufacturing issues",2024-12-10,2024-12-11,No
226758,02247385,Discontinuation,"SANDOZ DOCUSATE SODIUM","SANDOZ CANADA INCORPORATED","SDZ DOCUSATE SOD","DOCUSATE SODIUM",100MG,"1000SGC BO","ORAL; ORAL",Discontinued,CAPSULE,A06AA,"DRUGS FOR CONSTIPATION",2024-05-01,,"Manufacturing issues",2024-05-01,2024-05-02,No
258022,02316307,Discontinuation,"SANDOZ DORZOLAMIDE","SANDOZ CANADA INCORPORATED",DORZOLAMIDE,DORZOLAMIDE,2%,5ML,"OPHTHALMIC; OPHTHALMIC",Discontinued,SOLUTION,S01EC,"ANTIGLAUCOMA PREPARATIONS AND MIOTICS",2025-05-16,,"Business reasons",2025-05-21,2025-05-21,No
261533,02299968,Discontinuation,"SANDOZ ENALAPRIL","SANDOZ CANADA INCORPORATED",ENALAPRIL,"ENALAPRIL SODIUM",8MG,100TAB,"ORAL; ORAL",Discontinued,TABLET,C09AA,"ACE INHIBITORS, PLAIN",2025-06-02,,"Business reasons",2025-07-02,2025-07-02,No
261540,02299976,Discontinuation,"SANDOZ ENALAPRIL","SANDOZ CANADA INCORPORATED",ENALAPRIL,"ENALAPRIL SODIUM",16MG,100TAB,"ORAL; ORAL",Discontinued,TABLET,C09AA,"ACE INHIBITORS, PLAIN",2025-07-02,,"Business reasons",2025-07-02,2025-07-03,No
261546,02299941,Discontinuation,"SANDOZ ENALAPRIL","SANDOZ CANADA INCORPORATED",ENALAPRIL,"ENALAPRIL SODIUM",4MG,100TAB,"ORAL; ORAL",Discontinued,TABLET,C09AA,"ACE INHIBITORS, PLAIN",2025-07-02,,"Business reasons",2025-07-02,2025-07-03,No
264325,02299976,Discontinuation,"SANDOZ ENALAPRIL","SANDOZ CANADA INCORPORATED",ENALAPRIL,"ENALAPRIL SODIUM",16MG,100,"ORAL; ORAL",Discontinued,TABLET,C09AA,"ACE INHIBITORS, PLAIN",2025-06-13,,"Business reasons",2025-08-04,2025-08-04,No
264347,02299976,Discontinuation,"SANDOZ ENALAPRIL","SANDOZ CANADA INCORPORATED",ENALAPRIL,"ENALAPRIL SODIUM",16MG,"100 TAB","ORAL; ORAL",Discontinued,TABLET,C09AA,"ACE INHIBITORS, PLAIN",2025-08-04,,"Business reasons",2025-08-04,2025-08-05,No
264350,02299933,Discontinuation,"SANDOZ ENALAPRIL","SANDOZ CANADA INCORPORATED",ENALAPRIL,"ENALAPRIL SODIUM",2MG,"100 TAB","ORAL; ORAL",Discontinued,TABLET,C09AA,"ACE INHIBITORS, PLAIN",2025-08-04,,"Business reasons",2025-08-04,2025-08-05,No
139203,02460920,Discontinuation,"SANDOZ ESOMEPRAZOLE","SANDOZ CANADA INCORPORATED","SANDOZ ESOMEPRAZOLE",ESOMEPRAZOLE,20MG,30TAB,"ORAL; ORAL",Discontinued,"TABLET (DELAYED-RELEASE)",A02BC,"DRUGS FOR PEPTIC ULCER AND GASTROESOPHAGEAL REFLUX DISEASE (GERD)",2020-11-19,,"Manufacturing issues",2021-05-12,2021-05-12,No
163310,02460939,Discontinuation,"SANDOZ ESOMEPRAZOLE","SANDOZ CANADA INCORPORATED",ESOMEPRAZOLE,ESOMEPRAZOLE,40MG,30GRT,"ORAL; ORAL",Discontinued,"TABLET (DELAYED-RELEASE)",A02BC,"DRUGS FOR PEPTIC ULCER AND GASTROESOPHAGEAL REFLUX DISEASE (GERD)",2020-11-19,,"Business reasons",2022-06-23,2022-06-23,No
118189,02288052,Discontinuation,"SANDOZ FENOFIBRATE S","SANDOZ CANADA INCORPORATED","SANDOZ FENOFIBRATE S",FENOFIBRATE,160MG,"90 FCT BO","ORAL; ORAL",Discontinued,TABLET,C10AB,"LIPID MODIFYING AGENTS, PLAIN",2020-06-17,,"Manufacturing issues",2020-06-17,2020-06-18,No
118586,02288052,Discontinuation,"SANDOZ FENOFIBRATE S","SANDOZ CANADA INCORPORATED","SANDOZ FENOFIBRATE S",FENOFIBRATE,160MG,"90 FCT BO","ORAL; ORAL",Discontinued,TABLET,C10AB,"LIPID MODIFYING AGENTS, PLAIN",2020-06-17,,"Manufacturing issues",2020-06-22,2020-06-22,No
141663,02322579,Discontinuation,"SANDOZ FINASTERIDE","SANDOZ CANADA INCORPORATED","SANDOZ FINASTERIDE",FINASTERIDE,5MG,"500FCT BO CA","ORAL; ORAL",Discontinued,TABLET,G04CB,"DRUGS USED IN BENIGN PROSTATIC HYPERTROPHY",2021-06-29,,"Business reasons",2021-06-30,2021-06-30,No
245270,02322579,Discontinuation,"SANDOZ FINASTERIDE","SANDOZ CANADA INCORPORATED",FINASTERIDE,FINASTERIDE,5MG,"100FCT BO","ORAL; ORAL",Discontinued,TABLET,G04CB,"DRUGS USED IN BENIGN PROSTATIC HYPERTROPHY",2024-12-10,,"Manufacturing issues",2024-12-10,2024-12-11,No
253853,02322579,Discontinuation,"SANDOZ FINASTERIDE","SANDOZ CANADA INCORPORATED",FINASTERIDE,FINASTERIDE,5MG,30FCT,"ORAL; ORAL",Discontinued,TABLET,G04CB,"DRUGS USED IN BENIGN PROSTATIC HYPERTROPHY",2025-04-01,,"Manufacturing issues",2025-04-01,2025-04-02,No
196983,02339471,Discontinuation,"SANDOZ FINASTERIDE A","SANDOZ CANADA INCORPORATED","FINASTERIDE A",FINASTERIDE,1MG,"100FCT BO","ORAL; ORAL",Discontinued,TABLET,D11AX,"OTHER DERMATOLOGICAL PREPARATIONS",2023-06-30,,"Business reasons",2023-06-30,2023-07-01,No
291026,00432814,Discontinuation,"SANDOZ FLUOROMETHOLONE","SANDOZ CANADA INCORPORATED",FLUOROMETHOLONE,FLUOROMETHOLONE,0.1%,5ML,"OPHTHALMIC; OPHTHALMIC",Discontinued,SUSPENSION,S01BA,"ANTIINFLAMMATORY AGENTS",2026-08-10,,"Business reasons",2026-08-10,2026-09-10,No
195989,02285673,Discontinuation,"SANDOZ FOLIC ACID","SANDOZ CANADA INCORPORATED",FOLIC,"FOLIC ACID",5MG,"1000TAB BO","ORAL; ORAL",Discontinued,TABLET,B03BB,"VITAMIN B12 AND FOLIC ACID",2023-06-20,,"Business reasons",2023-06-20,2023-06-21,No
272120,02487748,Discontinuation,"SANDOZ GEFITINIB","SANDOZ CANADA INCORPORATED",GEFITINIB,GEFITINIB,250MG,30FCT,"ORAL; ORAL",Discontinued,TABLET,L01EB,,2025-11-03,,"Business reasons",2025-11-18,2025-11-18,No
245021,02461323,Discontinuation,"SANDOZ GLICLAZIDE MR","SANDOZ CANADA INCORPORATED","GLICLAZIDE MR",GLICLAZIDE,30MG,60MRT,"ORAL; ORAL",Discontinued,"TABLET (EXTENDED-RELEASE)",A10BB,"BLOOD GLUCOSE LOWERING DRUGS, EXCL. INSULINS",2024-12-06,,"Manufacturing issues",2024-12-06,2024-12-07,No
245024,02461323,Discontinuation,"SANDOZ GLICLAZIDE MR","SANDOZ CANADA INCORPORATED","GLICLAZIDE MR",GLICLAZIDE,30MG,100MRT,"ORAL; ORAL",Discontinued,"TABLET (EXTENDED-RELEASE)",A10BB,"BLOOD GLUCOSE LOWERING DRUGS, EXCL. INSULINS",2024-12-06,,"Manufacturing issues",2024-12-06,2024-12-07,No
245027,02461331,Discontinuation,"SANDOZ GLICLAZIDE MR","SANDOZ CANADA INCORPORATED","GLICLAZIDE MR",GLICLAZIDE,60MG,60MRT,"ORAL; ORAL",Discontinued,"TABLET (EXTENDED-RELEASE)",A10BB,"BLOOD GLUCOSE LOWERING DRUGS, EXCL. INSULINS",2024-12-06,,"Manufacturing issues",2024-12-06,2024-12-07,No
245030,02461331,Discontinuation,"SANDOZ GLICLAZIDE MR","SANDOZ CANADA INCORPORATED","GLICLAZIDE MR",GLICLAZIDE,60MG,100MRT,"ORAL; ORAL",Discontinued,"TABLET (EXTENDED-RELEASE)",A10BB,"BLOOD GLUCOSE LOWERING DRUGS, EXCL. INSULINS",2024-12-06,,"Manufacturing issues",2024-12-06,2024-12-07,No
253860,02469421,Discontinuation,"SANDOZ HYDROCORTISONE","SANDOZ CANADA INCORPORATED",HYDROCORTISONE,HYDROCORTISONE,2.5%,225G,"TOPICAL; TOPICAL",Discontinued,CREAM,D07AA,"CORTICOSTEROIDS, PLAIN",2025-04-01,,"Manufacturing issues",2025-04-01,2025-04-02,No
188683,02231800,Discontinuation,"SANDOZ INDOMETHACIN","SANDOZ CANADA INCORPORATED",INDOMETHACIN,INDOMETHACIN,100MG,30SUP,"RECTAL; RECTAL",Discontinued,SUPPOSITORY,M01AB,"ANTIINFLAMMATORY/ANTIRHEUMATIC PROD.,NON-STEROIDS",2023-04-04,,"Business reasons",2023-04-04,2023-04-05,No
189777,02231799,Discontinuation,"SANDOZ INDOMETHACIN","SANDOZ CANADA INCORPORATED",INDOMETHACIN,INDOMETHACIN,50MG,30SUP,"RECTAL; RECTAL",Discontinued,SUPPOSITORY,M01AB,"ANTIINFLAMMATORY/ANTIRHEUMATIC PROD.,NON-STEROIDS",2023-04-18,,"Business reasons",2023-04-18,2023-04-19,No
88876,02394685,Discontinuation,"SANDOZ LATANOPROST/TIMOLOL","SANDOZ CANADA INCORPORATED","LATANOPROST TIMOLOL","TIMOLOL; LATANOPROST","5MG; 50MCG",2.5ML,OPHTHALMIC,Discontinued,SOLUTION,S01ED,"ANTIGLAUCOMA PREPARATIONS AND MIOTICS",2019-06-20,,"Raw material availability",2019-07-08,2019-07-08,No
14410,02344807,Discontinuation,"SANDOZ MEMANTINE","SANDOZ CANADA INCORPORATED",MEMANTINE,"MEMANTINE HYDROCHLORIDE",10MG,100,ORAL,Discontinued,TABLET,N06DX,"ANTI-DEMENTIA DRUGS",2017-06-29,,"Business reasons",2017-06-29,2017-06-30,No
146338,02481979,Discontinuation,"SANDOZ METHADONE","SANDOZ CANADA INCORPORATED",METHADONE,"METHADONE HYDROCHLORIDE",10MG,"1000ML SOL BO","ORAL; ORAL",Discontinued,SOLUTION,N07BC,"DRUGS USED IN ADDICTIVE DISORDERS",2021-10-01,,"Business reasons",2021-09-28,2021-10-04,No
161221,02320312,Discontinuation,"SANDOZ METHYLPHENIDATE SR","SANDOZ CANADA INCORPORATED",METHYLPHENIDATE,"METHYLPHENIDATE HYDROCHLORIDE",20MG,"100PRT BO","ORAL; ORAL",Discontinued,"TABLET (EXTENDED-RELEASE)",N06BA,"PSYCHOSTIMULANTS AND NOOTROPICS",2022-05-24,,"Business reasons",2022-05-25,2022-05-24,No
141940,02303418,Discontinuation,"SANDOZ METOPROLOL SR","SANDOZ CANADA INCORPORATED","SANDOZ METOPROLOL SR","METOPROLOL TARTRATE",200MG,100,"ORAL; ORAL",Discontinued,"TABLET (EXTENDED-RELEASE)",C07AB,"BETA BLOCKING AGENTS",2021-07-07,,"Manufacturing issues",2021-07-07,2021-07-09,No
278699,02358611,Discontinuation,"SANDOZ MONTELUKAST","SANDOZ CANADA INCORPORATED",MONTELUKAST,MONTELUKAST,4MG,30OGR,"ORAL; ORAL",Discontinued,GRANULES,R03DC,"OTHER SYSTEMIC DRUGS FOR OBSTRUCTIVE AIRWAY DISEASES",2025-11-07,,"Business reasons",2026-02-23,2026-02-23,No
207270,02296438,Discontinuation,"SANDOZ OMEPRAZOLE","SANDOZ CANADA INCORPORATED",OMEPRAZOLE,OMEPRAZOLE,10MG,"30GRC BO","ORAL; ORAL",Discontinued,"CAPSULE (DELAYED RELEASE)",A02BC,"DRUGS FOR PEPTIC ULCER AND GASTROESOPHAGEAL REFLUX DISEASE (GERD)",2023-10-18,,"Business reasons",2023-10-18,2023-10-19,No
216031,02296446,Discontinuation,"SANDOZ OMEPRAZOLE","SANDOZ CANADA INCORPORATED","OMEPRAZOLE SDZ",OMEPRAZOLE,20MG,"500GRC BO","ORAL; ORAL",Discontinued,"CAPSULE (DELAYED RELEASE)",A02BC,"DRUGS FOR PEPTIC ULCER AND GASTROESOPHAGEAL REFLUX DISEASE (GERD)",2024-01-14,,"Business reasons",2024-01-15,2024-01-15,No
224216,02296446,Discontinuation,"SANDOZ OMEPRAZOLE","SANDOZ CANADA INCORPORATED",OMEPRAZOLE,OMEPRAZOLE,20MG,"100GRC BO","ORAL; ORAL",Discontinued,"CAPSULE (DELAYED RELEASE)",A02BC,"DRUGS FOR PEPTIC ULCER AND GASTROESOPHAGEAL REFLUX DISEASE (GERD)",2024-04-03,,"Manufacturing issues",2024-04-03,2024-04-04,No
271679,02243559,Discontinuation,"SANDOZ ORPHENADRINE","SANDOZ CANADA INCORPORATED",ORPHENADRINE,"ORPHENADRINE CITRATE",100MG,100PRT,"ORAL; ORAL",Discontinued,"TABLET (EXTENDED-RELEASE)",M03BC,"MUSCLE RELAXANTS, CENTRALLY ACTING AGENTS",2025-08-04,,"Raw material availability",2025-11-13,2025-11-13,No
226748,02307898,Discontinuation,"SANDOZ OXYCODONE/ACETAMINOPHEN","SANDOZ CANADA INCORPORATED","OXYCODONE+ACET SDZ","ACETAMINOPHEN; OXYCODONE HYDROCHLORIDE","325MG; 5MG","100TAB BO","ORAL; ORAL",Discontinued,TABLET,N02AJ,OPIOIDS,2024-05-01,,"Manufacturing issues",2024-05-01,2024-05-02,No
226753,02307898,Discontinuation,"SANDOZ OXYCODONE/ACETAMINOPHEN","SANDOZ CANADA INCORPORATED","OXYCODONE+ACET SDZ","ACETAMINOPHEN; OXYCODONE HYDROCHLORIDE","325MG; 5MG","500TAB BO","ORAL; ORAL",Discontinued,TABLET,N02AJ,OPIOIDS,2024-05-01,,"Manufacturing issues",2024-05-01,2024-05-02,No
159061,02297906,Discontinuation,"SANDOZ PIOGLITAZONE","SANDOZ CANADA INCORPORATED",PIOGLITAZONE,PIOGLITAZONE,15MG,"90TAB BO","ORAL; ORAL",Discontinued,TABLET,A10BG,"BLOOD GLUCOSE LOWERING DRUGS, EXCL. INSULINS",2022-04-20,,"Business reasons",2022-04-21,2022-04-20,No
168487,02297922,Discontinuation,"SANDOZ PIOGLITAZONE","SANDOZ CANADA INCORPORATED",PIOGLITAZONE,PIOGLITAZONE,45MG,"90TAB BO","ORAL; ORAL",Discontinued,TABLET,A10BG,"BLOOD GLUCOSE LOWERING DRUGS, EXCL. INSULINS",2022-09-01,,"Business reasons",2022-09-01,2022-09-02,No
228256,02468719,Discontinuation,"SANDOZ PRAVASTATIN TABLETS","SANDOZ CANADA INCORPORATED","PRAVASTATIN SDZ","PRAVASTATIN SODIUM",20MG,"100TAB BO","ORAL; ORAL",Discontinued,TABLET,C10AA,"LIPID MODIFYING AGENTS, PLAIN",2024-05-17,,"Manufacturing issues",2024-05-17,2024-05-18,No
228263,02468727,Discontinuation,"SANDOZ PRAVASTATIN TABLETS","SANDOZ CANADA INCORPORATED","PRAVASTATIN SDZ","PRAVASTATIN SODIUM",40MG,"100TAB BO","ORAL; ORAL",Discontinued,TABLET,C10AA,"LIPID MODIFYING AGENTS, PLAIN",2024-05-17,,"Manufacturing issues",2024-05-17,2024-05-18,No
245686,02468700,Discontinuation,"SANDOZ PRAVASTATIN TABLETS","SANDOZ CANADA INCORPORATED","PRAVASTATIN SDZ","PRAVASTATIN SODIUM",10MG,"100TAB BO","ORAL; ORAL",Discontinued,TABLET,C10AA,"LIPID MODIFYING AGENTS, PLAIN",2024-12-16,,"Manufacturing issues",2024-12-16,2024-12-17,No
188675,00789720,Discontinuation,"SANDOZ PROCHLORPERAZINE","SANDOZ CANADA INCORPORATED",PROCHLORPERAZINE,PROCHLORPERAZINE,10MG,10SUP,"RECTAL; RECTAL",Discontinued,SUPPOSITORY,N05AB,ANTIPSYCHOTICS,2023-04-04,,"Business reasons",2023-04-04,2023-04-05,No
118192,02314002,Discontinuation,"SANDOZ QUETIAPINE","SANDOZ CANADA INCORPORATED","SANDOZ QUETIAPINE",QUETIAPINE,100MG,"500 FCT BO","ORAL; ORAL",Discontinued,TABLET,N05AH,ANTIPSYCHOTICS,2020-06-17,,"Manufacturing issues",2020-06-17,2020-06-18,No
118195,02313995,Discontinuation,"SANDOZ QUETIAPINE","SANDOZ CANADA INCORPORATED","SANDOZ QUETIAPINE",QUETIAPINE,25MG,"500 FCT BO","ORAL; ORAL",Discontinued,TABLET,N05AH,ANTIPSYCHOTICS,2020-06-17,,"Manufacturing issues",2020-06-17,2020-06-18,No
118589,02314002,Discontinuation,"SANDOZ QUETIAPINE","SANDOZ CANADA INCORPORATED","SANDOZ QUETIAPINE",QUETIAPINE,100MG,"500 FCT BO","ORAL; ORAL",Discontinued,TABLET,N05AH,ANTIPSYCHOTICS,2020-06-17,,"Manufacturing issues",2020-06-22,2020-06-22,No
118592,02313995,Discontinuation,"SANDOZ QUETIAPINE","SANDOZ CANADA INCORPORATED","SANDOZ QUETIAPINE",QUETIAPINE,25MG,"500 FCT BO","ORAL; ORAL",Discontinued,TABLET,N05AH,ANTIPSYCHOTICS,2020-06-17,,"Manufacturing issues",2020-06-22,2020-06-22,No
124288,02314002,Discontinuation,"SANDOZ QUETIAPINE","SANDOZ CANADA INCORPORATED","SANDOZ QUETIAPINE",QUETIAPINE,100MG,100,"ORAL; ORAL",Discontinued,TABLET,N05AH,ANTIPSYCHOTICS,2020-09-15,2020-05-01,"Raw material availability",2020-09-15,2020-09-16,No
118175,02243229,Discontinuation,"SANDOZ RANITIDINE","SANDOZ CANADA INCORPORATED","RANITIDINE 150MG",RANITIDINE,150MG,"BOTTLE 100S","ORAL; ORAL",Reversed,TABLET,A02BA,"DRUGS FOR PEPTIC ULCER AND GASTROESOPHAGEAL REFLUX DISEASE (GERD)",,,"Manufacturing issues",2020-06-17,2020-06-17,No
118595,02243229,Discontinuation,"SANDOZ RANITIDINE","SANDOZ CANADA INCORPORATED","SANDOZ RANITIDINE",RANITIDINE,150MG,"100 FCT BO","ORAL; ORAL",Discontinued,TABLET,A02BA,"DRUGS FOR PEPTIC ULCER AND GASTROESOPHAGEAL REFLUX DISEASE (GERD)",2020-06-17,,"Manufacturing issues",2020-06-22,2020-06-22,No
136095,02279827,Discontinuation,"SANDOZ RISPERIDONE","SANDOZ CANADA INCORPORATED","SANDOZ RISPERIDONE",RISPERIDONE,3.0MG,"60FCT UD CA","ORAL; ORAL",Discontinued,TABLET,N05AX,ANTIPSYCHOTICS,2021-03-19,,"Other (Please describe in comments)",2021-03-22,2021-03-22,No
144338,02279800,Discontinuation,"SANDOZ RISPERIDONE","SANDOZ CANADA INCORPORATED","SANDOZ RISPERIDONE",RISPERIDONE,1.0MG,"60FCT UD CA","ORAL; ORAL",Discontinued,TABLET,N05AX,ANTIPSYCHOTICS,2021-08-13,,"Other (Please describe in comments)",2021-08-19,2021-08-19,No
261506,02279800,Discontinuation,"SANDOZ RISPERIDONE","SANDOZ CANADA INCORPORATED",RISPERIDONE,RISPERIDONE,1MG,100FCT,"ORAL; ORAL",Discontinued,TABLET,N05AX,ANTIPSYCHOTICS,2025-07-02,,"Business reasons",2025-07-02,2025-07-03,No
272923,02303663,Discontinuation,"SANDOZ RISPERIDONE","SANDOZ CANADA INCORPORATED",RISPERIDONE,RISPERIDONE,0.5MG,100FCT,"ORAL; ORAL",Discontinued,TABLET,N05AX,ANTIPSYCHOTICS,2025-12-01,,"Other (Please describe in comments)",2025-12-01,2025-12-02,No
282882,02279827,Discontinuation,"SANDOZ RISPERIDONE","SANDOZ CANADA INCORPORATED",RISPERIDONE,RISPERIDONE,3MG,100FCT,"ORAL; ORAL",Discontinued,TABLET,N05AX,ANTIPSYCHOTICS,2025-10-13,,"Business reasons",2026-04-15,2026-04-15,No
282885,02279827,Discontinuation,"SANDOZ RISPERIDONE","SANDOZ CANADA INCORPORATED",RISPERIDONE,RISPERIDONE,3MG,250FCT,"ORAL; ORAL",Discontinued,TABLET,N05AX,ANTIPSYCHOTICS,2025-10-13,,"Business reasons",2026-04-15,2026-04-15,No
282898,02303655,Discontinuation,"SANDOZ RISPERIDONE","SANDOZ CANADA INCORPORATED",RISPERIDONE,RISPERIDONE,0.25MG,100FCT,"ORAL; ORAL",Discontinued,TABLET,N05AX,ANTIPSYCHOTICS,2025-11-10,,"Business reasons",2026-04-15,2026-04-15,No
282901,02279800,Discontinuation,"SANDOZ RISPERIDONE","SANDOZ CANADA INCORPORATED",RISPERIDONE,RISPERIDONE,1MG,500FCT,"ORAL; ORAL",Discontinued,TABLET,N05AX,ANTIPSYCHOTICS,2025-05-16,,"Business reasons",2026-04-15,2026-04-15,No
282904,02279819,Discontinuation,"SANDOZ RISPERIDONE","SANDOZ CANADA INCORPORATED",RISPERIDONE,RISPERIDONE,2MG,100FCT,"ORAL; ORAL",Discontinued,TABLET,N05AX,ANTIPSYCHOTICS,2025-09-22,,"Business reasons",2026-04-15,2026-04-15,No
282907,02279819,Discontinuation,"SANDOZ RISPERIDONE","SANDOZ CANADA INCORPORATED",RISPERIDONE,RISPERIDONE,2MG,500FCT,"ORAL; ORAL",Discontinued,TABLET,N05AX,ANTIPSYCHOTICS,2025-10-13,,"Business reasons",2026-04-15,2026-04-15,No
282918,02279835,Discontinuation,"SANDOZ RISPERIDONE","SANDOZ CANADA INCORPORATED",RISPERIDONE,RISPERIDONE,4MG,100FCT,"ORAL; ORAL",Discontinued,TABLET,N05AX,ANTIPSYCHOTICS,2025-10-13,,"Business reasons",2026-04-15,2026-04-15,No
245273,02324571,Discontinuation,"SANDOZ RIVASTIGMINE","SANDOZ CANADA INCORPORATED","RIVASTIGMINE SDZ",RIVASTIGMINE,3MG,56HGC,"ORAL; ORAL",Discontinued,CAPSULE,N06DA,"ANTI-DEMENTIA DRUGS",2024-12-10,,"Manufacturing issues",2024-12-10,2024-12-11,No
245276,02324571,Discontinuation,"SANDOZ RIVASTIGMINE","SANDOZ CANADA INCORPORATED",RIVASTIGMINE,RIVASTIGMINE,3MG,"100HGC BO","ORAL; ORAL",Discontinued,CAPSULE,N06DA,"ANTI-DEMENTIA DRUGS",2024-12-10,,"Manufacturing issues",2024-12-10,2024-12-11,No
245279,02324598,Discontinuation,"SANDOZ RIVASTIGMINE","SANDOZ CANADA INCORPORATED",RIVASTIGMINE,RIVASTIGMINE,4.5MG,"100HGC BO","ORAL; ORAL",Discontinued,CAPSULE,N06DA,"ANTI-DEMENTIA DRUGS",2024-12-10,,"Manufacturing issues",2024-12-10,2024-12-11,No
245282,02324598,Discontinuation,"SANDOZ RIVASTIGMINE","SANDOZ CANADA INCORPORATED",RIVASTIGMINE,RIVASTIGMINE,4.5MG,56HGC,"ORAL; ORAL",Discontinued,CAPSULE,N06DA,"ANTI-DEMENTIA DRUGS",2024-12-10,,"Manufacturing issues",2024-12-10,2024-12-11,No
245285,02324563,Discontinuation,"SANDOZ RIVASTIGMINE","SANDOZ CANADA INCORPORATED",RIVASTIGMINE,RIVASTIGMINE,1.5MG,"100HGC BO","ORAL; ORAL",Discontinued,CAPSULE,N06DA,"ANTI-DEMENTIA DRUGS",2024-12-10,,"Manufacturing issues",2024-12-10,2024-12-11,No
245288,02324563,Discontinuation,"SANDOZ RIVASTIGMINE","SANDOZ CANADA INCORPORATED",RIVASTIGMINE,RIVASTIGMINE,1.5MG,56HGC,"ORAL; ORAL",Discontinued,CAPSULE,N06DA,"ANTI-DEMENTIA DRUGS",2024-12-10,,"Manufacturing issues",2024-12-10,2024-12-11,No
245291,02324601,Discontinuation,"SANDOZ RIVASTIGMINE","SANDOZ CANADA INCORPORATED",RIVASTIGMINE,RIVASTIGMINE,6MG,56HGC,"ORAL; ORAL",Discontinued,CAPSULE,N06DA,"ANTI-DEMENTIA DRUGS",2024-12-10,,"Manufacturing issues",2024-12-10,2024-12-11,No
261105,02324601,Discontinuation,"SANDOZ RIVASTIGMINE","SANDOZ CANADA INCORPORATED",RIVASTIGMINE,RIVASTIGMINE,6MG,100HGC,"ORAL; ORAL",Discontinued,CAPSULE,N06DA,"ANTI-DEMENTIA DRUGS",2025-06-25,,"Business reasons",2025-06-25,2025-06-26,No
224180,02247390,Discontinuation,"SANDOZ SENNA S","SANDOZ CANADA INCORPORATED","SENNA S","DOCUSATE SODIUM; SENNOSIDES","50MG; 8.6MG","60FCT BO","ORAL; ORAL",Discontinued,TABLET,A06AB,"DRUGS FOR CONSTIPATION",2024-04-02,,"Manufacturing issues",2024-04-02,2024-04-03,No
228268,02247390,Discontinuation,"SANDOZ SENNA S","SANDOZ CANADA INCORPORATED","SDZ SENNA S","DOCUSATE SODIUM; SENNOSIDES","50MG; 8.6MG","500FCT BO","ORAL; ORAL",Discontinued,TABLET,A06AB,"DRUGS FOR CONSTIPATION",2024-05-17,,"Manufacturing issues",2024-05-17,2024-05-18,No
161206,02431807,Discontinuation,"SANDOZ TOPIRAMATE TABLETS","SANDOZ CANADA INCORPORATED",TOPIRAMATE,TOPIRAMATE,25MG,"100FCT BO","ORAL; ORAL",Discontinued,TABLET,N03AX,ANTIEPILEPTICS,2022-05-24,,"Business reasons",2022-05-25,2022-05-24,No
161211,02431815,Discontinuation,"SANDOZ TOPIRAMATE TABLETS","SANDOZ CANADA INCORPORATED",TOPIRAMATE,TOPIRAMATE,100MG,"100FCT BO","ORAL; ORAL",Discontinued,TABLET,N03AX,ANTIEPILEPTICS,2022-05-24,,"Business reasons",2022-05-25,2022-05-24,No
161216,02431823,Discontinuation,"SANDOZ TOPIRAMATE TABLETS","SANDOZ CANADA INCORPORATED",TOPIRAMATE,TOPIRAMATE,200MG,"100FCT BO","ORAL; ORAL",Discontinued,TABLET,N03AX,ANTIEPILEPTICS,2022-05-24,,"Business reasons",2022-05-25,2022-05-24,No
163005,02493764,Discontinuation,"SANDOZ TRAMADOL","SANDOZ CANADA INCORPORATED",TRAMADOL,"TRAMADOL HYDROCHLORIDE",50MG,"Bottle of 100",ORAL,Discontinued,TABLET,N02AX,OPIOIDS,2022-06-17,,"Business reasons",2022-06-17,2022-06-18,No
85210,02257572,Discontinuation,"SANDOZ ZOPICLONE","SANDOZ CANADA INCORPORATED",ZOPICLONE,ZOPICLONE,5MG,100,ORAL,Discontinued,TABLET,N05CF,"HYPNOTICS AND SEDATIVES",2019-05-07,,"Manufacturing issues",2019-05-29,2019-05-29,No
144303,02261901,Discontinuation,"SANDOZ-DICLOFENAC SR","SANDOZ CANADA INCORPORATED","SANDOZ-DICLOFENAC SR","DICLOFENAC SODIUM",75MG,"100PRT BO V1 CA","ORAL; ORAL",Discontinued,"TABLET (EXTENDED-RELEASE)",M01AB,"ANTIINFLAMMATORY/ANTIRHEUMATIC PROD.,NON-STEROIDS",2021-08-12,,"Business reasons",2021-08-18,2021-08-18,No
202590,02261944,Discontinuation,"SANDOZ-DICLOFENAC SR","SANDOZ CANADA INCORPORATED","DICLOFENAC SR SDZ","DICLOFENAC SODIUM",100MG,"100PRT BO","ORAL; ORAL",Discontinued,"TABLET (EXTENDED-RELEASE)",M01AB,"ANTIINFLAMMATORY/ANTIRHEUMATIC PROD.,NON-STEROIDS",2023-08-21,,"Business reasons",2023-08-21,2023-08-22,No
278673,02063670,Discontinuation,SANTYL,"SMITH & NEPHEW INC","Collagenase Ointment",COLLAGENASE,250UNIT,"Tube 30g","TOPICAL; TOPICAL",Discontinued,OINTMENT,D03BA,ENZYMES,2026-01-28,,"Business reasons",2026-02-23,2026-02-23,No
204399,02313863,Discontinuation,"SCANDONEST 2% WITH LEVONORDEFRIN","NOVOCOL PHARMACEUTICAL OF CANADA INC","Corbadrine and Mepivacaine HCl solution","CORBADRINE; MEPIVACAINE HYDROCHLORIDE","0.05MG; 20MG","Box of 50 Cartridges of 1.8 mL each",BLOCK/INFILTRATION,Discontinued,SOLUTION,N01BB,"ANESTHETICS, LOCAL",2023-03-20,,"Raw material availability",2023-09-15,2023-09-15,No
65468,00541869,Discontinuation,"SCOPOLAMINE HYDROBROMIDE INJECTION USP","PFIZER CANADA INC",SCOPOLAMINE,"SCOPOLAMINE HYDROBROMIDE",.4MG,10x1mL,"INTRAMUSCULAR; INTRAVENOUS; SUBCUTANEOUS",Discontinued,SOLUTION,A04AD,"ANTIEMETICS AND ANTINAUSEANTS",2018-10-23,,"Business reasons",2018-10-23,2018-10-24,No
65474,00541877,Discontinuation,"SCOPOLAMINE HYDROBROMIDE INJECTION USP","PFIZER CANADA INC",SCOPOLAMINE,"SCOPOLAMINE HYDROBROMIDE",.6MG,10x1mL,"INTRAMUSCULAR; INTRAVENOUS; SUBCUTANEOUS",Discontinued,SOLUTION,A04AD,"ANTIEMETICS AND ANTINAUSEANTS",2018-10-23,,"Business reasons",2018-10-23,2018-10-24,No
118198,02442647,Discontinuation,"SDZ CELECOXIB","SANDOZ CANADA INCORPORATED","SDZ CELECOXIB",CELECOXIB,200MG,"100 HGC BO","ORAL; ORAL",Discontinued,CAPSULE,M01AH,"ANTIINFLAMMATORY/ANTIRHEUMATIC PROD.,NON-STEROIDS",2020-06-17,,"Manufacturing issues",2020-06-17,2020-06-18,No
118598,02442647,Discontinuation,"SDZ CELECOXIB","SANDOZ CANADA INCORPORATED","SDZ CELECOXIB",CELECOXIB,200MG,"100 HGC BO","ORAL; ORAL",Discontinued,CAPSULE,M01AH,"ANTIINFLAMMATORY/ANTIRHEUMATIC PROD.,NON-STEROIDS",2020-06-17,,"Manufacturing issues",2020-06-22,2020-06-22,No
89042,02288389,Discontinuation,SEBIVO,"NOVARTIS PHARMACEUTICALS CANADA INC","SEBIVO 600MG 2 X 14",TELBIVUDINE,600MG,"2 X 14",ORAL,Discontinued,TABLET,J05AF,"DIRECT ACTING ANTIVIRALS",2019-11-01,2019-11-01,"Business reasons",2019-07-10,2019-11-06,No
3692,01926578,Discontinuation,SECTRAL,"SANOFI-AVENTIS CANADA INC","SECTRAL 400MG TABS",ACEBUTOLOL,400MG,100,ORAL,Discontinued,TABLET,C07AB,"BETA BLOCKING AGENTS",2016-04-01,,"Business reasons",2017-03-20,2017-03-20,No
54767,01926551,Discontinuation,SECTRAL,"SANOFI-AVENTIS CANADA INC","Sectral 200mg",ACEBUTOLOL,200MG,100,ORAL,Discontinued,TABLET,C07AB,"BETA BLOCKING AGENTS",2018-08-09,2018-08-17,"Other (Please describe in comments)",2018-07-09,2018-09-07,No
61609,01926543,Discontinuation,SECTRAL,"SANOFI-AVENTIS CANADA INC","Sectral 100mg",ACEBUTOLOL,100MG,100,ORAL,Discontinued,TABLET,C07AB,"BETA BLOCKING AGENTS",2018-10-02,2018-09-30,"Raw material availability",2018-09-17,2018-10-03,No
133282,02476223,Discontinuation,SEGLUROMET,"MERCK CANADA INC","Ertugliflozin Metformin HCl tablets","ERTUGLIFLOZIN; METFORMIN HYDROCHLORIDE","2.5MG; 1000MG",60,"ORAL; ORAL",Discontinued,TABLET,A10BD,,2021-02-03,,"Business reasons",2021-02-04,2021-02-04,No
133285,02476215,Discontinuation,SEGLUROMET,"MERCK CANADA INC","Ertugliflozin Metformin HCl tablets","ERTUGLIFLOZIN; METFORMIN HYDROCHLORIDE","2.5MG; 500MG",60,"ORAL; ORAL",Discontinued,TABLET,A10BD,,2021-02-03,,"Business reasons",2021-02-04,2021-02-04,No
133288,02476258,Discontinuation,SEGLUROMET,"MERCK CANADA INC","Ertugliflozin Metformin HCl tablets","ERTUGLIFLOZIN; METFORMIN HYDROCHLORIDE","7.5MG; 1000MG",60,"ORAL; ORAL",Discontinued,TABLET,A10BD,,2021-02-03,,"Business reasons",2021-02-04,2021-02-04,No
133291,02476231,Discontinuation,SEGLUROMET,"MERCK CANADA INC","Ertugliflozin Metformin HCl tablets","ERTUGLIFLOZIN; METFORMIN HYDROCHLORIDE","7.5MG; 500MG",60,"ORAL; ORAL",Discontinued,TABLET,A10BD,,2021-02-03,,"Business reasons",2021-02-04,2021-02-04,No
277848,02329050,Discontinuation,SEHCAT,"GE HEALTHCARE CANADA INC","Selenium (75Se) (tauroselcholic acid)","TAUROSELCHOLIC ACID",370KBq,"1 capsule","ORAL; ORAL",Discontinued,CAPSULE,V09DX,,2026-04-14,2026-04-14,"Business reasons",2026-02-12,2026-04-15,No
259551,02199297,Discontinuation,"SELECT 1/35 (28-DAY)","PFIZER CANADA ULC",SELECT,"ETHINYL ESTRADIOL; NORETHINDRONE","0.035MG; 1.0MG",1x28,"ORAL; ORAL",Discontinued,TABLET,G03AA,"HORMONAL CONTRACEPTIVES FOR SYSTEMIC USE",2025-07-10,,"Business reasons",2025-06-04,2025-07-11,No
125971,02414724,Discontinuation,"SELECTBAG ONE (AX050G)","BAXTER CORPORATION","Calcium Chloride, Magnesium Chloride, Acetic Acid, Dextrose Solution","CALCIUM CHLORIDE; MAGNESIUM CHLORIDE; ACETIC ACID; DEXTROSE","44.1G; 20.3G; 36G; 220G",1L,DIALYSIS,Discontinued,SOLUTION,B05ZA,"HEMODIALYTICS AND HEMOFILTRATES",2020-10-31,2020-10-31,"Business reasons",2020-10-08,2020-11-01,No
125880,02415496,Discontinuation,"SELECTBAG ONE (AX2525G)","BAXTER CORPORATION","SELECTBAG ONE","CALCIUM CHLORIDE; POTASSIUM CHLORIDE; MAGNESIUM CHLORIDE; ACETIC ACID; DEXTROSE","36.8G; 37.3G; 20.3G; 36.0G; 220.0G","1L (Product code: 114348G)","DIALYSIS; DIALYSIS",Reversed,SOLUTION,B05ZA,"HEMODIALYTICS AND HEMOFILTRATES",,2022-07-18,"Business reasons",2020-10-07,2022-07-19,No
125887,02414899,Discontinuation,"SELECTBAG ONE (AX275G)","BAXTER CORPORATION","SELECTBAG ONE","ACETIC ACID; DEXTROSE; CALCIUM CHLORIDE; POTASSIUM CHLORIDE; MAGNESIUM CHLORIDE","36.0G; 220.0G; 51.5G; 29.8G; 20.3G","1L (Product code: 114350G)","DIALYSIS; DIALYSIS",Discontinued,SOLUTION,B05ZA,"HEMODIALYTICS AND HEMOFILTRATES",2020-12-17,2020-12-17,"Business reasons",2020-10-07,2020-12-18,No
237894,02257130,Discontinuation,SENSIPAR,"AMGEN CANADA INC","cinacalcet hydrochloride",CINACALCET,30MG,"Bottles of 30 tablets","ORAL; ORAL",Discontinued,TABLET,H05BX,"ANTI-PARATHYROID HORMONES",2024-09-16,,"Business reasons",2024-09-19,2024-09-18,No
237897,02257149,Discontinuation,SENSIPAR,"AMGEN CANADA INC","cinacalcet hydrochloride",CINACALCET,60MG,"Bottles of 30 tablets","ORAL; ORAL",Discontinued,TABLET,H05BX,"ANTI-PARATHYROID HORMONES",2024-09-16,,"Business reasons",2024-09-19,2024-09-18,No
237900,02257157,Discontinuation,SENSIPAR,"AMGEN CANADA INC","cinacalcet hydrochloride",CINACALCET,90MG,"Bottles of 30 tablets","ORAL; ORAL",Discontinued,TABLET,H05BX,"ANTI-PARATHYROID HORMONES",2024-09-16,,"Business reasons",2024-09-19,2024-09-18,No
22606,02214261,Discontinuation,"SEREVENT DISKHALER DISK (50MCG/DOSE)","GLAXOSMITHKLINE INC","salmeterol xinafoate dry powder for inhalation",SALMETEROL,50MCG,"All pack sizes / Tous les formats","INHALATION; ORAL",Discontinued,POWDER,R03AC,"ADRENERGICS, INHALANTS",2017-09-20,,"Business reasons",2017-09-19,2018-05-04,No
3787,00893722,Discontinuation,"SEROPHENE TAB 50MG","EMD SERONO A DIVISION OF EMD INC CANADA",Serophene,"CLOMIPHENE CITRATE",50MG,"10 tablets",ORAL,Discontinued,TABLET,G03GB,"GONADOTROPHINS AND OTHER OVULATION STIMULANTS",2017-07-07,,"Business reasons",2017-03-21,2017-07-10,No
284281,02413299,Discontinuation,SIGNIFOR,"RECORDATI RARE DISEASES CANADA INC","Pasireotide Injection",PASIREOTIDE,0.3MG,"6 and 60 ampoules","SUBCUTANEOUS; SUBCUTANEOUS","To be discontinued",SOLUTION,H01CB,"HYPOTHALAMIC HORMONES",,2026-08-31,"Business reasons",2026-05-05,2026-05-05,No
284283,02413302,Discontinuation,SIGNIFOR,"RECORDATI RARE DISEASES CANADA INC","Pasireotide Injection",PASIREOTIDE,0.6MG,"6 and 60 ampoules","SUBCUTANEOUS; SUBCUTANEOUS","To be discontinued",SOLUTION,H01CB,"HYPOTHALAMIC HORMONES",,2026-08-31,"Business reasons",2026-05-05,2026-05-05,No
284285,02413310,Discontinuation,SIGNIFOR,"RECORDATI RARE DISEASES CANADA INC","Pasireotide Injection",PASIREOTIDE,0.9MG,"6 and 60 ampoules","SUBCUTANEOUS; SUBCUTANEOUS","To be discontinued",SOLUTION,H01CB,"HYPOTHALAMIC HORMONES",,2026-08-31,"Business reasons",2026-05-05,2026-05-05,No
282615,02338572,Discontinuation,SILKIS,"GALDERMA CANADA INC.",Calcitriol,CALCITRIOL,3MCG,"5g, 100g","TOPICAL; TOPICAL",Discontinued,OINTMENT,D05AX,"ANTIPSORIATICS FOR TOPICAL USE",2026-05-30,2026-05-30,"Manufacturing issues",2026-04-09,2026-06-16,No
165737,00513997,Discontinuation,SINEMET,"ORGANON CANADA INC.","Levodopa Carbidopa tablet","LEVODOPA; CARBIDOPA","100MG; 25MG",100,ORAL,Discontinued,TABLET,N04BA,"DOPAMINERGIC AGENTS",2022-07-27,,"Business reasons",2022-07-29,2022-07-29,No
165740,00328219,Discontinuation,SINEMET,"ORGANON CANADA INC.","Levodopa Carbidopa tablet","LEVODOPA; CARBIDOPA","250MG; 25MG",100,"ORAL; ORAL",Discontinued,TABLET,N04BA,"DOPAMINERGIC AGENTS",2022-07-27,,"Business reasons",2022-07-29,2022-07-29,No
2565,00355658,Discontinuation,"SINEMET 100/10","MERCK CANADA INC","levodopa and carbidopa tablets","CARBIDOPA; LEVODOPA","10MG; 100MG",100,ORAL,Discontinued,TABLET,N04BA,"DOPAMINERGIC AGENTS",2017-06-19,2017-06-08,"Business reasons",2017-03-14,2017-06-20,No
80483,02028786,Discontinuation,"SINEMET CR 100/25","MERCK CANADA INC","levodopa and carbidopa controlled release tablets","CARBIDOPA; LEVODOPA","25MG; 100MG",100TAB,ORAL,Discontinued,"TABLET (EXTENDED-RELEASE)",N04BA,"DOPAMINERGIC AGENTS",2019-10-31,2019-10-31,"Other (Please describe in comments)",2019-04-03,2019-11-01,No
80478,00870935,Discontinuation,"SINEMET CR 200/50","MERCK CANADA INC","levodopa and carbidopa controlledrelease tablets","CARBIDOPA; LEVODOPA","50MG; 200MG",100TAB,ORAL,Discontinued,"TABLET (EXTENDED-RELEASE)",N04BA,"DOPAMINERGIC AGENTS",2019-04-01,,"Other (Please describe in comments)",2019-04-03,2019-04-03,No
272220,02247997,Discontinuation,SINGULAIR,"ORGANON CANADA INC.","montelukast granules for oral use",MONTELUKAST,4MG,30,"ORAL; ORAL",Discontinued,GRANULES,R03DC,"OTHER SYSTEMIC DRUGS FOR OBSTRUCTIVE AIRWAY DISEASES",2025-12-01,2025-12-19,"Business reasons",2025-11-19,2025-12-03,No
146867,00010383,Discontinuation,SINTROM,"PALADIN LABS INC.","ACENOCOUMAROL TABLETS",ACENOCOUMAROL,1MG,100s,"ORAL; ORAL",Discontinued,TABLET,B01AA,"ANTITHROMBOTIC AGENTS",2019-08-01,,"Manufacturing issues",2021-10-07,2021-10-07,No
146870,00010391,Discontinuation,SINTROM,"PALADIN LABS INC.","ACENOCOUMAROL TABLETS",ACENOCOUMAROL,4MG,100s,"ORAL; ORAL",Discontinued,TABLET,B01AA,"ANTITHROMBOTIC AGENTS",2020-06-01,,"Manufacturing issues",2021-10-07,2021-10-07,No
248607,02487454,Discontinuation,SKYRIZI,"ABBVIE CORPORATION",Risankizumab,RISANKIZUMAB,75MG,"2 x 75mg/0.83 mL Syringe","SUBCUTANEOUS; SUBCUTANEOUS",Discontinued,SOLUTION,L04AC,,2024-12-16,2024-12-16,"Other (Please describe in comments)",2025-01-27,2025-02-06,No
55768,02245458,Discontinuation,"SODIUM AUROTHIOMALATE INJECTION BP","SANDOZ CANADA INCORPORATED",AUROTHIOMALATE,"GOLD SODIUM THIOMALATE",50MG,"10 VIALS",INTRAMUSCULAR,Discontinued,SOLUTION,M01CB,"SPECIFIC ANTIRHEUMATIC AGENTS",2016-09-10,2016-08-31,"Raw material availability",2018-07-13,2018-07-13,No
265501,00261971,Discontinuation,"SODIUM BICARBONATE INJECTION USP","PFIZER CANADA ULC","SODIUM BICARBONATE INJECTION USP","SODIUM BICARBONATE",42MG,"10x10mL syringes","INTRAVENOUS; INTRAVENOUS",Discontinued,SOLUTION,B05XA,"I.V. SOLUTION ADDITIVES",2025-08-18,,"Business reasons",2025-08-18,2025-08-19,No
265507,00038083,Discontinuation,"SODIUM BICARBONATE INJECTION USP","PFIZER CANADA ULC","SODIUM BICARBONATE INJECTION USP","SODIUM BICARBONATE",75MG,"10x50mL syringes","INTRAVENOUS; INTRAVENOUS",Discontinued,SOLUTION,B05XA,"I.V. SOLUTION ADDITIVES",2025-08-18,,"Business reasons",2025-08-18,2025-08-19,No
265665,00261998,Discontinuation,"SODIUM BICARBONATE INJECTION USP","PFIZER CANADA ULC","SODIUM BICARBONATE INJECTION USP","SODIUM BICARBONATE",84MG,"10x10mL LifeShield","INTRAVENOUS; INTRAVENOUS",Discontinued,SOLUTION,B05XA,"I.V. SOLUTION ADDITIVES",2025-08-18,,"Business reasons",2025-08-19,2025-08-19,No
265668,00261998,Discontinuation,"SODIUM BICARBONATE INJECTION USP","PFIZER CANADA ULC","SODIUM BICARBONATE INJECTION USP","SODIUM BICARBONATE",84MG,"10x50mL LifeShield","INTRAVENOUS; INTRAVENOUS",Discontinued,SOLUTION,B05XA,"I.V. SOLUTION ADDITIVES",2025-08-18,,"Business reasons",2025-08-19,2025-08-19,No
239180,02486628,Discontinuation,"SODIUM BICARBONATE INJECTION, USP","FRESENIUS KABI CANADA LTD","SODIUM BICARBONATE INJECTION, USP","SODIUM BICARBONATE",42MG,"5 mL","INTRAVENOUS; INTRAVENOUS",Discontinued,SOLUTION,B05XA,"I.V. SOLUTION ADDITIVES",2024-09-10,,"Business reasons",2024-10-03,2024-10-03,No
184782,00402230,Discontinuation,"SODIUM CHLORIDE INJ 23.4%","OMEGA LABORATORIES LIMITED","SODIUM CHLORIDE INJ 23.4%","SODIUM CHLORIDE",234MG,"10 X 30ML VIALS / FIOLES","INTRAVENOUS; INTRAVENOUS",Discontinued,SOLUTION,B05XA,"I.V. SOLUTION ADDITIVES",2023-02-16,,"Manufacturing issues",2023-02-16,2023-02-17,No
57679,00037842,Discontinuation,"SODIUM CHLORIDE INJECTION USP","ICU MEDICAL CANADA INC","0.9% Sodium Chloride Injection USP","SODIUM CHLORIDE",9MG,"25 ML Fill in 50ML Container",INTRAVENOUS,Discontinued,SOLUTION,B05XA,"I.V. SOLUTION ADDITIVES",2018-08-08,2018-08-08,"Business reasons",2018-08-08,2018-08-09,No
60048,00262005,Discontinuation,"SODIUM CHLORIDE INJECTION USP","PFIZER CANADA INC","SODIUM CHLORIDE","SODIUM CHLORIDE",146MG,25x20mL,INTRAVENOUS,Discontinued,SOLUTION,B05XA,"I.V. SOLUTION ADDITIVES",2018-09-06,,"Business reasons",2018-09-06,2018-09-07,No
60051,00262005,Discontinuation,"SODIUM CHLORIDE INJECTION USP","PFIZER CANADA INC","SODIUM CHLORIDE","SODIUM CHLORIDE",146MG,25x50mL,INTRAVENOUS,Discontinued,SOLUTION,B05XA,"I.V. SOLUTION ADDITIVES",2018-09-06,,"Business reasons",2018-09-06,2018-09-07,No
246144,00037788,Discontinuation,"SODIUM CHLORIDE INJECTION USP","ICU MEDICAL CANADA INC","SODIUM CHLORIDE INJECTION USP","SODIUM CHLORIDE",4.5MG,"1000 mL","INTRAVENOUS; INTRAVENOUS",Discontinued,SOLUTION,B05XA,"I.V. SOLUTION ADDITIVES",2025-02-06,2024-12-31,"Business reasons",2024-12-20,2025-02-20,No
92069,,Discontinuation,"SODIUM IODIDE I 131 ORAL SOLUTION","MALLINCKRODT RP CANADA INC","SODIUM IODIDE I 131 ORAL SOLUTION","SODIUM IODIDE I 131","5mCi, 10mCi, 20mCi, 25mCi, 35mCi, 50mCi, 100mCi,  150mCi, 75mCi",All,Oral,Discontinued,Solution,V09FX,Thyroid,2019-08-20,,"Business reasons",2019-08-21,2019-08-21,No
92065,,Discontinuation,"SODIUM IODIDE I-131 CAPSULES","MALLINCKRODT RP CANADA INC","SODIUM IODIDE I-131 CAPSULES","SODIUM IODIDE I-131","0.75mCi, 2mCi, 3mCi, 4mCi, 5mCi, 6mCi, 7mCi, 8mCi, 10mCi, 12mCi, 15mCi, 17mCi, 20mCi,  50mmCi, 100mCi",All,Oral,Discontinued,Capsule,V09FX,Thyroid,2019-08-20,,"Business reasons",2019-08-21,2019-08-21,No
138006,02006758,Discontinuation,"SOFLAX SYRUP 4MG/ML","PHARMASCIENCE INC",SOFLAX,"DOCUSATE SODIUM",20MG,"500 ML","ORAL; ORAL",Discontinued,SYRUP,A06AA,"DRUGS FOR CONSTIPATION",2021-04-22,,"Business reasons",2021-04-23,2021-04-23,No
205215,02458241,Discontinuation,SOLIFENACIN,"SANIS HEALTH INC",SOLIFENACIN,"SOLIFENACIN SUCCINATE",5MG,30,"ORAL; ORAL",Discontinued,TABLET,G04BD,"OTHER UROLOGICALS, INCL ANTISPASMODICS",2022-09-07,,"Business reasons",2023-09-26,2023-09-26,No
233602,02458268,Discontinuation,SOLIFENACIN,"SANIS HEALTH INC",SOLIFENACIN,"SOLIFENACIN SUCCINATE",10MG,30,"ORAL; ORAL",Reversed,TABLET,G04BD,"OTHER UROLOGICALS, INCL ANTISPASMODICS",,2025-02-21,"Business reasons",2024-07-24,2025-01-13,No
285080,00498807,Discontinuation,"SORBITOL MANNITOL IRRIGATION","ICU MEDICAL CANADA INC","Sorbitol Mannitol Irrigation","MANNITOL; SORBITOL","5.4MG; 27MG","3000 mL","IRRIGATION; IRRIGATION","To be discontinued",SOLUTION,B05CX,"IRRIGATING SOLUTIONS",,2028-03-31,"Business reasons",2026-05-12,2026-05-12,No
277220,02070847,Discontinuation,SORIATANE,"ALLERGAN INC","acitretin 10MG",ACITRETIN,10MG,"30 Capsules","ORAL; ORAL","To be discontinued",CAPSULE,D05BB,"ANTIPSORIATICS FOR SYSTEMIC USE",,2026-11-30,"Business reasons",2026-02-03,2026-02-03,No
277223,02070863,Discontinuation,SORIATANE,"ALLERGAN INC","ACITRETIN 25MG",ACITRETIN,25MG,"30 Capsules","ORAL; ORAL","To be discontinued",CAPSULE,D05BB,"ANTIPSORIATICS FOR SYSTEMIC USE",,2026-11-30,"Business reasons",2026-02-03,2026-02-03,No
28098,02385988,Discontinuation,SOTALOL,"SIVEM PHARMACEUTICALS ULC",SOTALOL,"SOTALOL HYDROCHLORIDE",80MG,100,ORAL,Discontinued,TABLET,C07AA,"BETA BLOCKING AGENTS",2017-08-07,,"Business reasons",2017-11-06,2017-11-05,No
28101,02385996,Discontinuation,SOTALOL,"SIVEM PHARMACEUTICALS ULC",SOTALOL,"SOTALOL HYDROCHLORIDE",160MG,100,ORAL,Discontinued,TABLET,C07AA,"BETA BLOCKING AGENTS",2017-08-07,,"Business reasons",2017-11-06,2017-11-05,No
285444,02314088,Discontinuation,SPC-ROPINIROLE,"SUN PHARMA CANADA INC",Ropinirole,ROPINIROLE,5MG,"100's Bottle","ORAL; ORAL",Discontinued,TABLET,N04BC,"DOPAMINERGIC AGENTS",2026-05-19,,"Business reasons",2026-05-19,2026-09-10,No
190897,02231347,Discontinuation,SPORANOX,"JANSSEN INC",SPORANOX,ITRACONAZOLE,10MG,1,"ORAL; ORAL","To be discontinued",SOLUTION,J02AC,"ANTIMYCOTICS FOR SYSTEMIC USE",,2023-10-02,"Business reasons",2023-04-27,2023-04-27,No
272439,02047454,Discontinuation,SPORANOX,"JANSSEN INC","SPORANOX* 100MG 30'S",ITRACONAZOLE,100MG,"30 capsules","ORAL; ORAL",Discontinued,CAPSULE,J02AC,"ANTIMYCOTICS FOR SYSTEMIC USE",2026-04-06,2026-03-31,"Business reasons",2025-11-24,2026-09-10,No
72110,00705799,Discontinuation,"STATEX DPS 50MG/ML","PALADIN LABS INC",Statex,"MORPHINE SULFATE",50MG,50ml,,Discontinued,,,,2018-12-18,,"Manufacturing issues",2019-01-14,2019-01-14,No
81954,00705799,Discontinuation,"STATEX DPS 50MG/ML","PALADIN LABS INC","Morphine Sulfate",,,50mL,,Discontinued,,,,2018-12-18,,"Manufacturing issues",2019-04-17,2019-04-18,No
72094,00621935,Discontinuation,"STATEX DROPS 20MG/ML","PALADIN LABS INC",Statex,,,25ml/100ml,,Discontinued,,,,2018-12-06,2018-12-06,"Manufacturing issues",2019-01-14,2019-01-14,No
151103,00596965,Discontinuation,"STATEX SUPPOSITORIES 20MG","PALADIN LABS INC.",STATEX,"MORPHINE SULFATE",20MG,"10 Suppositories","RECTAL; RECTAL",Discontinued,SUPPOSITORY,N02AA,OPIOIDS,2021-12-14,,"Business reasons",2021-12-14,2021-12-15,No
152444,00639389,Discontinuation,"STATEX SUPPOSITORIES 30MG","PALADIN LABS INC.","Statex 30mg suppositories","MORPHINE SULFATE",30MG,10,"RECTAL; RECTAL",Discontinued,SUPPOSITORY,N02AA,OPIOIDS,2022-01-10,,"Business reasons",2022-01-10,2022-01-11,No
139317,00632228,Discontinuation,"STATEX SUPPOSITORIES 5MG","PALADIN LABS INC.","Morphine sulfate suppository","MORPHINE SULFATE",5MG,10,"RECTAL; RECTAL",Discontinued,SUPPOSITORY,N02AA,OPIOIDS,2021-05-13,,"Business reasons",2021-05-13,2021-05-14,No
72101,00647217,Discontinuation,"STATEX SYRUP 10MG/ML","PALADIN LABS INC",Statex,,,10mg/ml,,Discontinued,,,,2018-12-06,,"Business reasons",2019-01-14,2019-01-14,No
81996,00591467,Discontinuation,"STATEX SYRUP 1MG/ML","PALADIN LABS INC","Morphine Sulfate","MORPHINE SULFATE",1MG,500mL,ORAL,Discontinued,SYRUP,N02AA,OPIOIDS,2019-05-29,2019-05-31,"Manufacturing issues",2019-04-18,2019-07-05,No
72107,00591475,Discontinuation,"STATEX SYRUP 5MG/ML","PALADIN LABS INC",statex,,,250ml/500ml,,Discontinued,,,,2018-12-06,,"Manufacturing issues",2019-01-14,2019-01-14,No
134294,00632201,Discontinuation,"STATEX-SUPPOSITORIES 10MG","PALADIN LABS INC.","MORPHINE SULFATE","MORPHINE SULFATE",10MG,"10 Suppositories","RECTAL; RECTAL",Discontinued,SUPPOSITORY,N02AA,OPIOIDS,2021-01-07,,"Manufacturing issues",2021-02-17,2021-02-17,No
163103,02372436,Discontinuation,STAXYN,"BAYER INC",VARDENAFIL,VARDENAFIL,10MG,4's,"ORAL; ORAL",Reversed,"TABLET (ORALLY DISINTEGRATING)",G04BE,"OTHER UROLOGICALS, INCL ANTISPASMODICS",,,"Other (Please describe in comments)",2022-06-20,2022-09-19,No
198701,02372436,Discontinuation,STAXYN,"BAYER INC",Vardenafil,VARDENAFIL,10MG,"4 tablets per carton","ORAL; ORAL",Discontinued,"TABLET (ORALLY DISINTEGRATING)",G04BE,"OTHER UROLOGICALS, INCL ANTISPASMODICS",2023-07-10,,"Business reasons",2023-07-14,2023-07-14,No
133301,02475529,Discontinuation,STEGLATRO,"MERCK CANADA INC","Ertugliflozin tablets",ERTUGLIFLOZIN,15MG,30,"ORAL; ORAL",Discontinued,TABLET,A10BK,,2021-02-03,,"Business reasons",2021-02-04,2021-02-04,No
133304,02475510,Discontinuation,STEGLATRO,"MERCK CANADA INC","Ertugliflozin tablets",ERTUGLIFLOZIN,5MG,30,"ORAL; ORAL",Discontinued,TABLET,A10BK,,2021-02-03,,"Business reasons",2021-02-04,2021-02-04,No
133307,02475928,Discontinuation,STEGLUJAN,"MERCK CANADA INC","Ertugliflozin Sitagliptin tablet","ERTUGLIFLOZIN; SITAGLIPTIN","15MG; 100MG",30,"ORAL; ORAL",Discontinued,TABLET,A10BD,,2021-02-03,,"Business reasons",2021-02-04,2021-02-04,No
133310,02475901,Discontinuation,STEGLUJAN,"MERCK CANADA INC","Ertugliflozin Sitagliptin tablets","ERTUGLIFLOZIN; SITAGLIPTIN","5MG; 100MG",30,"ORAL; ORAL",Discontinued,TABLET,A10BD,,2021-02-03,,"Business reasons",2021-02-04,2021-02-04,No
30586,02230857,Discontinuation,"STERILE DILUENT FOR FLOLAN INJECTION","GLAXOSMITHKLINE INC","pH 10.5 STERILE DILUENT FOR FLOLAN INJECTION","SODIUM CHLORIDE; WATER; GLYCINE","73.5MG; 50ML; 94MG","All pack sizes / Tous les formats",INTRAVENOUS,Discontinued,LIQUID,V07AB,"ALL OTHER NON-THERAPEUTIC PRODUCTS",2017-11-22,,"Business reasons",2017-11-24,2017-11-24,No
141155,02276097,Discontinuation,"STERILE WATER FOR INJECTION USP","MERCK CANADA INC","STERILE WATER",WATER,1ML,"sterile water for injection USP","INTRAVASCULAR; INTRAVASCULAR",Discontinued,LIQUID,V07AB,"ALL OTHER NON-THERAPEUTIC PRODUCTS",2021-11-10,2021-11-12,"Business reasons",2021-06-18,2021-11-11,No
152615,00038245,Discontinuation,"STERILE WATER FOR INJECTION USP","ICU MEDICAL CANADA INC","Sterile Water for Injection USP",WATER,100%,"2000 mL","INTRAVENOUS; INTRAVENOUS",Discontinued,SOLUTION,V07AB,"ALL OTHER NON-THERAPEUTIC PRODUCTS",2021-03-31,2022-03-31,"Business reasons",2022-01-12,2022-04-07,No
152657,00038245,Discontinuation,"STERILE WATER FOR INJECTION USP","ICU MEDICAL CANADA INC","Sterile Water for Injection USP",WATER,100%,"500 mL","INTRAVENOUS; INTRAVENOUS",Discontinued,SOLUTION,V07AB,"ALL OTHER NON-THERAPEUTIC PRODUCTS",2022-01-13,2022-08-01,"Business reasons",2022-01-13,2022-01-14,No
199997,00038245,Discontinuation,"STERILE WATER FOR INJECTION USP","ICU MEDICAL CANADA INC","Sterile Water for Injection USP",WATER,100%,"1000 mL","INTRAVENOUS; INTRAVENOUS",Discontinued,SOLUTION,V07AB,"ALL OTHER NON-THERAPEUTIC PRODUCTS",2025-02-06,2024-02-29,"Business reasons",2023-07-25,2025-02-20,No
216921,02247228,Discontinuation,"STIEPROX SHAMPOO","GLAXOSMITHKLINE INC","ciclopirox olamine shampoo","CICLOPIROX OLAMINE",1.5%,"All pack sizes / Tous les formats","TOPICAL; TOPICAL",Discontinued,SHAMPOO,D01AE,"ANTIFUNGALS FOR TOPICAL USE",2024-01-22,,"Business reasons",2024-01-22,2024-01-23,No
200917,00657204,Discontinuation,STIEVA-A,"GLAXOSMITHKLINE INC","Tretinoin cream",TRETINOIN,0.01%,"All pack sizes / Tous les formats","TOPICAL; TOPICAL",Discontinued,CREAM,D10AD,"ANTI-ACNE PREPARATIONS FOR TOPICAL USE",2024-01-19,,"Business reasons",2023-08-03,2024-03-20,No
200920,00578576,Discontinuation,STIEVA-A,"GLAXOSMITHKLINE INC","Tretinoin cream",TRETINOIN,0.025%,"All pack sizes / Tous les formats","TOPICAL; TOPICAL",Discontinued,CREAM,D10AD,"ANTI-ACNE PREPARATIONS FOR TOPICAL USE",2023-11-24,,"Business reasons",2023-08-03,2023-11-29,No
200923,00518182,Discontinuation,STIEVA-A,"GLAXOSMITHKLINE INC","Tretinoin cream",TRETINOIN,0.05%,"All pack sizes / Tous les formats","TOPICAL; TOPICAL",Discontinued,CREAM,D10AD,"ANTI-ACNE PREPARATIONS FOR TOPICAL USE",2023-11-02,,"Business reasons",2023-08-03,2025-06-11,No
171472,02262800,Discontinuation,STRATTERA,"ELI LILLY CANADA INC","atomoxetine capsules",ATOMOXETINE,10MG,"Blister package of 28 capsules","ORAL; ORAL",Discontinued,CAPSULE,N06BA,"PSYCHOSTIMULANTS AND NOOTROPICS",2023-08-30,2023-09-22,"Business reasons",2022-10-11,2023-09-07,No
171480,02262819,Discontinuation,STRATTERA,"ELI LILLY CANADA INC","atomoxetine capsules",ATOMOXETINE,18MG,"Blister package of 28 capsules","ORAL; ORAL",Discontinued,CAPSULE,N06BA,"PSYCHOSTIMULANTS AND NOOTROPICS",2024-04-23,2024-04-23,"Business reasons",2022-10-11,2024-04-24,No
171485,02262827,Discontinuation,STRATTERA,"ELI LILLY CANADA INC","atomoxetine capsules",ATOMOXETINE,25MG,"Blister package of 28 capsules","ORAL; ORAL",Discontinued,CAPSULE,N06BA,"PSYCHOSTIMULANTS AND NOOTROPICS",2023-09-21,2023-09-20,"Business reasons",2022-10-11,2023-09-25,No
171488,02262835,Discontinuation,STRATTERA,"ELI LILLY CANADA INC","atomoxetine capsules",ATOMOXETINE,40MG,"Blister package of 28 capsules","ORAL; ORAL",Discontinued,CAPSULE,N06BA,"PSYCHOSTIMULANTS AND NOOTROPICS",2023-05-02,2023-04-28,"Business reasons",2022-10-11,2023-05-05,No
171491,02262843,Discontinuation,STRATTERA,"ELI LILLY CANADA INC","atomoxetine capsules",ATOMOXETINE,60MG,"Blister package of 28 capsules","ORAL; ORAL",Discontinued,CAPSULE,N06BA,"PSYCHOSTIMULANTS AND NOOTROPICS",2024-01-19,2024-01-19,"Business reasons",2022-10-11,2024-01-22,No
171495,02279347,Discontinuation,STRATTERA,"ELI LILLY CANADA INC","atomoxetine capsules",ATOMOXETINE,80MG,"Blister package of 28 capsules","ORAL; ORAL",Discontinued,CAPSULE,N06BA,"PSYCHOSTIMULANTS AND NOOTROPICS",2024-03-21,2024-03-22,"Business reasons",2022-10-11,2024-03-22,No
171498,02279355,Discontinuation,STRATTERA,"ELI LILLY CANADA INC","atomoxetine capsules",ATOMOXETINE,100MG,"Blister package of 28 capsules","ORAL; ORAL",Discontinued,CAPSULE,N06BA,"PSYCHOSTIMULANTS AND NOOTROPICS",2023-06-01,2023-06-02,"Business reasons",2022-10-11,2023-06-02,No
254712,02243660,Discontinuation,"STREPTOMYCIN FOR INJECTION USP","STERIMAX INC","STREPTOMYCIN FOR INJECTION USP",STREPTOMYCIN,1G,"1 VIAL","INTRAMUSCULAR; INTRAMUSCULAR",Discontinued,"POWDER FOR SOLUTION",J01GA,"AMINOGLYCOSIDE ANTIBACTERIALS",2026-04-30,2026-04-30,"Business reasons",2025-04-10,2026-05-01,No
290552,02468093,Discontinuation,SUBOXONE,"INDIVIOR UK LIMITED","Suboxone Tablet 16mg","NALOXONE; BUPRENORPHINE","4MG; 16MG",28,"SUBLINGUAL; SUBLINGUAL","To be discontinued",TABLET,N07BC,"DRUGS USED IN ADDICTIVE DISORDERS",,2026-12-31,"Business reasons",2026-08-03,2026-08-03,No
290555,02468085,Discontinuation,SUBOXONE,"INDIVIOR UK LIMITED","Suboxone Tablet 12mg","BUPRENORPHINE; NALOXONE","12MG; 3MG",28,"SUBLINGUAL; SUBLINGUAL","To be discontinued",TABLET,N07BC,"DRUGS USED IN ADDICTIVE DISORDERS",,2027-02-28,"Business reasons",2026-08-03,2026-08-03,No
290558,02295709,Discontinuation,SUBOXONE,"INDIVIOR UK LIMITED","Suboxone Tablet 8mg","BUPRENORPHINE; NALOXONE","8MG; 2MG",28,"SUBLINGUAL; SUBLINGUAL","To be discontinued",TABLET,N07BC,"DRUGS USED IN ADDICTIVE DISORDERS",,2027-02-16,"Business reasons",2026-08-03,2026-08-03,No
290561,02295695,Discontinuation,SUBOXONE,"INDIVIOR UK LIMITED","Suboxone Tablet 2mg","BUPRENORPHINE; NALOXONE","2MG; 0.5MG",28,"SUBLINGUAL; SUBLINGUAL","To be discontinued",TABLET,N07BC,"DRUGS USED IN ADDICTIVE DISORDERS",,2027-02-11,"Business reasons",2026-08-03,2026-08-03,No
70200,00441767,Discontinuation,SULFINPYRAZONE,"AA PHARMA INC",SULFINPYRAZONE,SULFINPYRAZONE,200MG,100BTL,ORAL,Discontinued,TABLET,M04AB,"ANTIGOUT PREPARATIONS",2020-03-26,2019-08-31,"Business reasons",2018-12-20,2022-01-27,No
26063,02452294,Discontinuation,SUNVEPRA,"BRISTOL-MYERS SQUIBB CANADA",Asunaprevir,ASUNAPREVIR,100MG,"1 BTL x 56",ORAL,Discontinued,CAPSULE,J05AE,"DIRECT ACTING ANTIVIRALS",2017-10-16,,"Business reasons",2017-10-16,2017-10-17,No
151039,02225158,Discontinuation,SUPREFACT,"CHEPLAPHARM ARZNEIMITTEL GMBH",Buserelin,BUSERELIN,100MCG,"10ml Spray","NASAL; NASAL",Discontinued,SOLUTION,L02AE,"HORMONES AND RELATED AGENTS",2021-05-31,,"Manufacturing issues",2021-12-13,2021-12-13,No
228169,02228955,Discontinuation,"SUPREFACT DEPOT 2 MONTHS","CHEPLAPHARM ARZNEIMITTEL GMBH","buserelin acetate",BUSERELIN,6.3MG,"1 applicator","SUBCUTANEOUS; SUBCUTANEOUS",Reversed,IMPLANT,L02AE,"HORMONES AND RELATED AGENTS",,2024-11-01,"Manufacturing issues",2024-05-16,2024-06-19,No
228166,02240749,Discontinuation,"SUPREFACT DEPOT 3 MONTHS","CHEPLAPHARM ARZNEIMITTEL GMBH","buserelin acetate implant",BUSERELIN,9.45MG,"1 applicator","SUBCUTANEOUS; SUBCUTANEOUS",Reversed,IMPLANT,L02AE,"HORMONES AND RELATED AGENTS",,,"Manufacturing issues",2024-05-16,2024-07-10,No
140881,02239888,Discontinuation,"SUSTIVA 200MG","BRISTOL-MYERS SQUIBB CANADA",Efavirenz,EFAVIRENZ,200MG,1X90,"ORAL; ORAL",Discontinued,CAPSULE,J05AG,"DIRECT ACTING ANTIVIRALS",2023-03-31,2023-03-31,"Business reasons",2021-06-14,2023-04-01,No
140884,02239886,Discontinuation,"SUSTIVA 50MG","BRISTOL-MYERS SQUIBB CANADA",Efavirenz,EFAVIRENZ,50MG,1X30,"ORAL; ORAL",Discontinued,CAPSULE,J05AG,"DIRECT ACTING ANTIVIRALS",2023-03-31,2023-03-31,"Business reasons",2021-06-14,2023-04-01,No
140887,02246045,Discontinuation,"SUSTIVA TABLETS","BRISTOL-MYERS SQUIBB CANADA",Efavirenz,EFAVIRENZ,600MG,1X30,"ORAL; ORAL",Discontinued,TABLET,J05AG,"DIRECT ACTING ANTIVIRALS",2022-09-30,2022-09-30,"Business reasons",2021-06-14,2022-10-01,No
268593,02320541,Discontinuation,SYNFLORIX,"GLAXOSMITHKLINE INC","Pneumococcal conjugate vaccine (Non-Typeable Haemophilus influenzae (NTHi) protein D,  diphtheria or tetanus toxoid conjugates) adsorbed","PNEUMOCOCCAL POLYSACCHARIDE SEROTYPE 9V CONJUGATED TO PROTEIN D CARRIER PROTEIN; PNEUMOCOCCAL POLYSACCHARID SEROT. 19F CONJUG. TO DIPHTHERIA TOXOID CARRIER PROT.; PNEUMOCOCCAL POLYSACCHARIDE SEROTYPE 23F CONJUGATED TO PROTEIN D CARRIER PROTEIN; PNEUMOCOCCAL POLYSACCHARIDE SEROTYPE 6B CONJUGATED TO PROTEIN D CARRIER PROTEIN; PNEUMOCOCCAL POLYSACCHARIDE SEROTYPE 7F CONJUGATED TO PROTEIN D CARRIER PROTEIN; PNEUMOCOCCAL POLYSACCHARIDE SEROTYPE 5 CONJUGATED TO PROTEIN D CARRIER PROTEIN; PNEUMOCOCCAL POLYSACC. SEROT. 18C CONJUG. TO TETANUS TOXOID CARRIER PROT.; PNEUMOCOCCAL POLYSACCHARIDE SEROTYPE 14 CONJUGATED TO PROTEIN D CARRIER PROTEIN; PNEUMOCOCCAL POLYSACCHARIDE SEROTYPE 1 CONJUGATED TO PROTEIN D CARRIER PROTEIN; PNEUMOCOCCAL POLYSACCHARIDE SEROTYPE 4 CONJUGATED TO PROTEIN D CARRIER PROTEIN","1MCG; 3MCG; 1MCG; 1MCG; 1MCG; 1MCG; 3MCG; 1MCG; 1MCG; 3MCG",10s,"INTRAMUSCULAR; INTRAMUSCULAR",Discontinued,"SUSPENSION; SUSPENSION",J07AL,"BACTERIAL VACCINES",2025-09-30,,"Business reasons",2025-10-04,2025-10-03,No
270053,02187108,Discontinuation,"SYNPHASIC 21 TABLETS","PFIZER CANADA ULC",SYNPHASIC,"NORETHINDRONE; ETHINYL ESTRADIOL; ETHINYL ESTRADIOL; NORETHINDRONE","1.0MG; 0.035MG; 0.035MG; 0.5MG",1x21,"ORAL; ORAL",Discontinued,TABLET,G03AB,"HORMONAL CONTRACEPTIVES FOR SYSTEMIC USE",2026-03-23,2026-03-27,"Business reasons",2025-10-22,2026-04-15,No
275994,02187116,Discontinuation,"SYNPHASIC 28 TABLETS","PFIZER CANADA ULC",SYNPHASIC,"NORETHINDRONE; NORETHINDRONE; ETHINYL ESTRADIOL; ETHINYL ESTRADIOL","0.5MG; 1.0MG; 0.035MG; 0.035MG",1x28,"ORAL; ORAL","To be discontinued",TABLET,G03AB,"HORMONAL CONTRACEPTIVES FOR SYSTEMIC USE",,2026-09-30,"Business reasons",2026-01-14,2026-01-13,No
59913,02241976,Discontinuation,TALWIN,"PFIZER CANADA INC",TALWIN,PENTAZOCINE,30MG,25X1mL,"INTRAMUSCULAR; INTRAVENOUS; SUBCUTANEOUS",Discontinued,SOLUTION,N02AD,OPIOIDS,2019-01-18,,"Manufacturing issues",2018-09-04,2019-08-28,No
128146,02137984,Discontinuation,TALWIN,"SANOFI-AVENTIS CANADA INC",Talwin,PENTAZOCINE,50MG,100,"ORAL; ORAL",Discontinued,TABLET,N02AD,OPIOIDS,2021-02-05,2021-02-19,"Business reasons",2020-11-09,2021-02-06,No
133620,02137984,Discontinuation,TALWIN,"SANOFI-AVENTIS CANADA INC",Talwin,PENTAZOCINE,50MG,100,"ORAL; ORAL",Discontinued,TABLET,N02AD,OPIOIDS,2021-02-05,,"Business reasons",2021-02-09,2021-02-09,No
233440,02269007,Discontinuation,TARCEVA,"HOFFMANN-LA ROCHE LIMITED",Erlotinib,ERLOTINIB,25MG,"30 TABS","ORAL; ORAL",Discontinued,TABLET,L01XE,"OTHER ANTINEOPLASTIC AGENTS",2024-10-01,,"Business reasons",2024-07-19,2024-10-02,No
233443,02269015,Discontinuation,TARCEVA,"HOFFMANN-LA ROCHE LIMITED",Erlotinib,ERLOTINIB,100MG,"30 TABS","ORAL; ORAL",Discontinued,TABLET,L01EB,,2024-10-01,,"Business reasons",2024-07-19,2024-10-02,No
233446,02269023,Discontinuation,TARCEVA,"HOFFMANN-LA ROCHE LIMITED",Erlotinib,ERLOTINIB,150MG,"30 TABS","ORAL; ORAL",Discontinued,TABLET,L01EB,,2024-10-01,,"Business reasons",2024-07-19,2024-10-02,No
106666,02240946,Discontinuation,TARKA,"BGP PHARMA ULC","VERAPAMIL HYDROCHLORIDE TRANDOLAPRIL",,,"100 BT",,Discontinued,,,,2019-11-19,,"Business reasons",2020-02-19,2020-02-19,No
106670,02238097,Discontinuation,TARKA,"BGP PHARMA ULC","VERAPAMIL HYDROCHLORIDE TRANDOLAPRIL",,,"100 BT",,Discontinued,,,,2019-11-19,,"Business reasons",2020-02-19,2020-02-19,No
115031,02246714,Discontinuation,TARO-AMCINONIDE,"TARO PHARMACEUTICALS INC",AMCINONIDE,AMCINONIDE,0.1%,15,"TOPICAL; TOPICAL",Discontinued,CREAM,D07AC,"CORTICOSTEROIDS, PLAIN",2020-05-08,2020-05-08,"Manufacturing issues",2020-05-14,2020-05-14,No
285496,02246714,Discontinuation,TARO-AMCINONIDE,"TARO PHARMACEUTICALS INC",Amcinonide,AMCINONIDE,0.1%,30g,"TOPICAL; TOPICAL",Discontinued,CREAM,D07AC,"CORTICOSTEROIDS, PLAIN",2026-05-18,,"Business reasons",2026-05-19,2026-05-19,No
115924,02267993,Discontinuation,TARO-ATENOLOL,"SUN PHARMA CANADA INC",ATENOLOL,ATENOLOL,100MG,500,"ORAL; ORAL",Discontinued,TABLET,C07AB,"BETA BLOCKING AGENTS",2020-05-12,,"Manufacturing issues",2020-05-27,2020-05-27,No
285499,02266938,Discontinuation,TARO-CLINDAMYCIN,"TARO PHARMACEUTICALS INC",Clindamycin,CLINDAMYCIN,1%,30mL,"TOPICAL; TOPICAL",Discontinued,SOLUTION,D10AF,"ANTI-ACNE PREPARATIONS FOR TOPICAL USE",2026-05-19,,"Business reasons",2026-05-19,2026-09-10,No
285502,02245523,Discontinuation,"TARO-CLOBETASOL CREAM USP, 0.05%","TARO PHARMACEUTICALS INC",Clobetasol,"CLOBETASOL PROPIONATE",0.05%,15g,"TOPICAL; TOPICAL",Discontinued,CREAM,D07AD,"CORTICOSTEROIDS, PLAIN",2026-05-19,,"Business reasons",2026-05-19,2026-09-10,No
274315,02245524,Discontinuation,"TARO-CLOBETASOL OINTMENT USP, 0.05%","TARO PHARMACEUTICALS INC",Clobetasol,"CLOBETASOL PROPIONATE",0.05%,15g,"TOPICAL; TOPICAL",Discontinued,OINTMENT,D07AD,"CORTICOSTEROIDS, PLAIN",2025-12-12,,"Business reasons",2025-12-12,2025-12-13,No
279403,02245524,Discontinuation,"TARO-CLOBETASOL OINTMENT USP, 0.05%","TARO PHARMACEUTICALS INC",Clobetasol,"CLOBETASOL PROPIONATE",0.05%,15G,"TOPICAL; TOPICAL",Discontinued,OINTMENT,D07AD,"CORTICOSTEROIDS, PLAIN",2026-01-25,,"Business reasons",2026-03-02,2026-03-02,No
105030,02463520,Discontinuation,TARO-DEFERASIROX,"TARO PHARMACEUTICALS INC",DEFERASIROX,DEFERASIROX,125MG,30,ORAL,Discontinued,"TABLET FOR SUSPENSION",V03AC,"ALL OTHER THERAPEUTIC PRODUCTS",2020-01-31,,"Business reasons",2020-02-02,2020-02-02,No
105033,02463539,Discontinuation,TARO-DEFERASIROX,"TARO PHARMACEUTICALS INC",DEFERASIROX,DEFERASIROX,250MG,30,ORAL,Discontinued,"TABLET FOR SUSPENSION",V03AC,"ALL OTHER THERAPEUTIC PRODUCTS",2020-01-31,,"Business reasons",2020-02-02,2020-02-02,No
105036,02463547,Discontinuation,TARO-DEFERASIROX,"TARO PHARMACEUTICALS INC",DEFERASIROX,DEFERASIROX,500MG,30,ORAL,Discontinued,"TABLET FOR SUSPENSION",V03AC,"ALL OTHER THERAPEUTIC PRODUCTS",2020-01-31,,"Business reasons",2020-02-02,2020-02-02,No
237043,02471051,Discontinuation,"TARO-DIPYRIDAMOLE/ ASA","TARO PHARMACEUTICALS INC",Dipyridamole,"ACETYLSALICYLIC ACID; DIPYRIDAMOLE","25MG; 200MG",200mg,"ORAL; ORAL",Discontinued,"CAPSULE (IMMEDIATE AND EXTENDED RELEASE)",B01AC,"ANTITHROMBOTIC AGENTS",2024-07-30,,"Business reasons",2024-09-09,2024-09-09,No
272026,02402610,Discontinuation,TARO-LANSOPRAZOLE,"SUN PHARMA CANADA INC",Lansoprazole,LANSOPRAZOLE,15MG,"100's Bottle","ORAL; ORAL",Discontinued,"CAPSULE (DELAYED RELEASE)",A02BC,"DRUGS FOR PEPTIC ULCER AND GASTROESOPHAGEAL REFLUX DISEASE (GERD)",2025-11-21,,"Other (Please describe in comments)",2025-11-17,2025-11-22,No
272029,02402629,Discontinuation,TARO-LANSOPRAZOLE,"SUN PHARMA CANADA INC",Lansoprazole,LANSOPRAZOLE,30MG,"100's Bottle","ORAL; ORAL",Discontinued,"CAPSULE (DELAYED RELEASE)",A02BC,"DRUGS FOR PEPTIC ULCER AND GASTROESOPHAGEAL REFLUX DISEASE (GERD)",2025-11-21,,"Other (Please describe in comments)",2025-11-17,2025-11-22,No
273109,02402610,Discontinuation,TARO-LANSOPRAZOLE,"SUN PHARMA CANADA INC",Lansoprazole,LANSOPRAZOLE,15MG,"100's Bottle","ORAL; ORAL",Discontinued,"CAPSULE (DELAYED RELEASE)",A02BC,"DRUGS FOR PEPTIC ULCER AND GASTROESOPHAGEAL REFLUX DISEASE (GERD)",2025-12-03,,"Business reasons",2025-12-03,2025-12-04,No
273112,02402629,Discontinuation,TARO-LANSOPRAZOLE,"SUN PHARMA CANADA INC",Lansoprazole,LANSOPRAZOLE,30MG,"100's Bottle","ORAL; ORAL",Discontinued,"CAPSULE (DELAYED RELEASE)",A02BC,"DRUGS FOR PEPTIC ULCER AND GASTROESOPHAGEAL REFLUX DISEASE (GERD)",2025-12-03,,"Business reasons",2025-12-03,2025-12-04,No
143568,02392852,Discontinuation,TARO-PREGABALIN,"SUN PHARMA CANADA INC",PREGABALIN,PREGABALIN,225MG,100,"ORAL; ORAL",Discontinued,CAPSULE,N03AX,ANTIEPILEPTICS,2021-07-30,,"Business reasons",2021-08-04,2021-08-04,No
144544,02392852,Discontinuation,TARO-PREGABALIN,"SUN PHARMA CANADA INC",PREGABALIN,PREGABALIN,225MG,100,"ORAL; ORAL",Discontinued,CAPSULE,N03AX,ANTIEPILEPTICS,2021-07-26,,"Business reasons",2021-08-24,2021-08-24,No
289330,02328305,Discontinuation,TARO-RISPERIDONE,"SUN PHARMA CANADA INC",Risperidone,RISPERIDONE,0.25MG,"1002 bottle","ORAL; ORAL",Discontinued,TABLET,N05AX,ANTIPSYCHOTICS,2025-12-15,2025-12-15,"Business reasons",2026-07-16,2026-07-16,No
289333,02328372,Discontinuation,TARO-RISPERIDONE,"SUN PHARMA CANADA INC",Risperidone,RISPERIDONE,4MG,"1002 bottle","ORAL; ORAL",Discontinued,TABLET,N05AX,ANTIPSYCHOTICS,2025-12-15,2025-12-15,"Business reasons",2026-07-16,2026-07-16,No
289336,02328321,Discontinuation,TARO-RISPERIDONE,"SUN PHARMA CANADA INC",Risperidone,RISPERIDONE,1MG,60s,"ORAL; ORAL","To be discontinued",TABLET,N05AX,ANTIPSYCHOTICS,2026-12-15,2026-12-15,"Business reasons",2026-07-16,2026-07-16,No
289339,02328313,Discontinuation,TARO-RISPERIDONE,"SUN PHARMA CANADA INC",Risperidone,RISPERIDONE,0.5MG,60s,"ORAL; ORAL","To be discontinued",TABLET,N05AX,ANTIPSYCHOTICS,2026-12-15,2026-12-15,"Business reasons",2026-07-16,2026-07-16,No
289342,02328348,Discontinuation,TARO-RISPERIDONE,"SUN PHARMA CANADA INC",Risperidone,RISPERIDONE,2MG,60s,"ORAL; ORAL","To be discontinued",TABLET,N05AX,ANTIPSYCHOTICS,,2025-12-15,"Business reasons",2026-07-16,2026-07-16,No
289345,02328364,Discontinuation,TARO-RISPERIDONE,"SUN PHARMA CANADA INC",Risperidone,RISPERIDONE,3MG,60s,"ORAL; ORAL",Discontinued,TABLET,N05AX,ANTIPSYCHOTICS,2025-12-15,2025-12-15,"Business reasons",2026-07-16,2026-07-16,No
115929,02329166,Discontinuation,TARO-SIMVASTATIN,"SUN PHARMA CANADA INC",SIMVASTATIN,SIMVASTATIN,20MG,500,"ORAL; ORAL",Discontinued,TABLET,C10AA,"LIPID MODIFYING AGENTS, PLAIN",2020-05-08,,"Manufacturing issues",2020-05-27,2020-05-27,No
123252,02443473,Discontinuation,TARO-TEMOZOLOMIDE,"TARO PHARMACEUTICALS INC",TEMOZOLOMIDE,TEMOZOLOMIDE,5MG,20,"ORAL; ORAL",Discontinued,CAPSULE,L01AX,ALKYLATINGAGENTS,2020-07-31,,"Manufacturing issues",2020-08-29,2020-08-28,No
123255,02443481,Discontinuation,TARO-TEMOZOLOMIDE,"TARO PHARMACEUTICALS INC",TEMOZOLOMIDE,TEMOZOLOMIDE,20MG,20,"ORAL; ORAL",Discontinued,CAPSULE,L01AX,ALKYLATINGAGENTS,2020-07-31,,"Manufacturing issues",2020-08-29,2020-08-28,No
123258,02443511,Discontinuation,TARO-TEMOZOLOMIDE,"TARO PHARMACEUTICALS INC",TEMOZOLOMIDE,TEMOZOLOMIDE,100MG,20,"ORAL; ORAL",Discontinued,CAPSULE,L01AX,ALKYLATINGAGENTS,2020-07-31,,"Manufacturing issues",2020-08-29,2020-08-28,No
144541,02363119,Discontinuation,TARO-VALSARTAN,"SUN PHARMA CANADA INC",VALSARTAN,VALSARTAN,160MG,500,"ORAL; ORAL",Discontinued,TABLET,C09CA,"ANGIOTENSIN II ANTAGONISTS, PLAIN",2021-08-13,,"Business reasons",2021-08-24,2021-08-24,No
150074,02363119,Discontinuation,TARO-VALSARTAN,"SUN PHARMA CANADA INC",VALSARTAN,VALSARTAN,160MG,500,"ORAL; ORAL",Discontinued,TABLET,C09CA,"ANGIOTENSIN II ANTAGONISTS, PLAIN",2021-08-13,,"Business reasons",2021-11-26,2021-11-26,No
80067,02242687,Discontinuation,TARO-WARFARIN,"TARO PHARMACEUTICALS INC",TARO-WARFARIN,"WARFARIN SODIUM",10MG,"10 x 10 blister",ORAL,Discontinued,TABLET,B01AA,"ANTITHROMBOTIC AGENTS",2019-02-28,,"Business reasons",2019-03-29,2019-03-29,No
97862,02242682,Discontinuation,TARO-WARFARIN,"TARO PHARMACEUTICALS INC",TARO-WARFARIN,"WARFARIN SODIUM",2.5MG,1000,ORAL,Discontinued,TABLET,B01AA,"ANTITHROMBOTIC AGENTS",2019-11-01,,"Business reasons",2019-11-01,2019-11-02,No
144558,02242681,Discontinuation,TARO-WARFARIN,"TARO PHARMACEUTICALS INC",WARFARIN,"WARFARIN SODIUM",2MG,"10 X 10","ORAL; ORAL",Discontinued,TABLET,B01AA,"ANTITHROMBOTIC AGENTS",2021-08-20,,"Business reasons",2021-08-24,2021-08-24,No
150094,02242682,Discontinuation,TARO-WARFARIN,"TARO PHARMACEUTICALS INC",WARFARIN,"WARFARIN SODIUM",2.5MG,10X10,"ORAL; ORAL",Discontinued,TABLET,B01AA,"ANTITHROMBOTIC AGENTS",2021-11-25,,"Business reasons",2021-11-26,2021-11-26,No
150097,02242683,Discontinuation,TARO-WARFARIN,"TARO PHARMACEUTICALS INC",WARFARIN,"WARFARIN SODIUM",3MG,"10 X 10","ORAL; ORAL",Discontinued,TABLET,B01AA,"ANTITHROMBOTIC AGENTS",2021-11-25,,"Business reasons",2021-11-26,2021-11-26,No
150693,02242685,Discontinuation,TARO-WARFARIN,"TARO PHARMACEUTICALS INC",WARFARIN,"WARFARIN SODIUM",5MG,"10 X 10","ORAL; ORAL",Discontinued,TABLET,B01AA,"ANTITHROMBOTIC AGENTS",2021-11-12,,"Business reasons",2021-12-07,2021-12-07,No
173760,02242697,Discontinuation,TARO-WARFARIN,"TARO PHARMACEUTICALS INC",WARFARIN,"WARFARIN SODIUM",7.5MG,100,"ORAL; ORAL",Discontinued,TABLET,B01AA,"ANTITHROMBOTIC AGENTS",2022-11-01,,"Business reasons",2022-11-04,2022-11-04,No
205189,02242685,Discontinuation,TARO-WARFARIN,"TARO PHARMACEUTICALS INC",WARFARIN,"WARFARIN SODIUM",5MG,250,"ORAL; ORAL",Discontinued,TABLET,B01AA,"ANTITHROMBOTIC AGENTS",2023-09-22,,"Business reasons",2023-09-25,2023-09-25,No
248172,02415100,Discontinuation,"TARO-ZOLEDRONIC ACID","TARO PHARMACEUTICALS INC",ZOLEDRONIC,"ZOLEDRONIC ACID",5MG,100mL,"INTRAVENOUS; INTRAVENOUS",Discontinued,SOLUTION,M05BA,"DRUGS AFFECTING BONE STRUCTURE AND MINERALIZATION",2024-07-01,,"Manufacturing issues",2025-01-21,2025-01-21,No
141043,02267926,Discontinuation,TARO-ZOPICLONE,"SUN PHARMA CANADA INC",ZOPICLONE,ZOPICLONE,7.5MG,500,"ORAL; ORAL",Discontinued,TABLET,N05CF,"HYPNOTICS AND SEDATIVES",2021-06-16,,"Business reasons",2021-06-16,2021-06-17,No
207564,02481715,Discontinuation,TASIGNA,"NOVARTIS PHARMACEUTICALS CANADA INC","TASIGNA 50 MG 3(5X8)",NILOTINIB,50MG,"3(5 X 8)","ORAL; ORAL",Discontinued,CAPSULE,L01EA,,2023-10-24,2023-10-24,"Business reasons",2023-10-19,2023-11-06,No
40870,02177099,Discontinuation,TAXOTERE,"SANOFI-AVENTIS CANADA INC","Taxotere 20mg/0.5ml",DOCETAXEL,20MG,1,INTRAVENOUS,Discontinued,SOLUTION,L01CD,"PLANT ALKALOIDS AND OTHER NATURAL PRODUCTS",2018-04-30,2018-04-30,"Business reasons",2018-02-23,2018-05-28,No
53064,02177080,Discontinuation,TAXOTERE,"SANOFI-AVENTIS CANADA INC","Taxotere 80mg",DOCETAXEL,80MG,1,INTRAVENOUS,"To be discontinued",SOLUTION,L01CD,"PLANT ALKALOIDS AND OTHER NATURAL PRODUCTS",,2020-07-31,"Business reasons",2018-06-27,2018-10-17,No
149997,02230784,Discontinuation,TAZORAC,"ALLERGAN INC","Tazorac 0.5% Gel",TAZAROTENE,0.05%,30g,"TOPICAL; TOPICAL",Discontinued,GEL,D05AX,"ANTIPSORIATICS FOR TOPICAL USE",2021-11-26,,"Business reasons",2021-11-26,2021-11-27,No
150061,02243895,Discontinuation,TAZORAC,"ALLERGAN INC","Tazarotene Cream",TAZAROTENE,0.1%,"30g, 3.5g","TOPICAL; TOPICAL",Discontinued,CREAM,D05AX,"ANTIPSORIATICS FOR TOPICAL USE",2022-02-25,2022-02-01,"Business reasons",2021-11-26,2022-03-14,No
204561,02230785,Discontinuation,TAZORAC,"ALLERGAN INC","Tazarotene cream",TAZAROTENE,0.1%,"12 x 3.5g and 30 g","TOPICAL; TOPICAL",Discontinued,GEL,D05AX,"ANTIPSORIATICS FOR TOPICAL USE",2023-09-30,,"Business reasons",2023-09-15,2023-10-01,No
204564,02243894,Discontinuation,TAZORAC,"ALLERGAN INC","Tazarotene cream",TAZAROTENE,0.05%,"12 x 3.5g and 30 g","TOPICAL; TOPICAL",Discontinued,CREAM,D05AX,"ANTIPSORIATICS FOR TOPICAL USE",2023-11-30,,"Business reasons",2023-09-15,2023-12-01,No
206909,00514462,Discontinuation,"TD ADSORBED","SANOFI PASTEUR LIMITED","Tetanus and Diphtheria Toxoids Adsorbed","TETANUS TOXOID ADSORBED; DIPHTHERIA TOXOID ADSORBED","5LF; 2LF","5 x 0.5 mL vials","INTRAMUSCULAR; INTRAMUSCULAR",Discontinued,SUSPENSION,J07AM,"BACTERIAL VACCINES",2024-10-03,2024-11-30,"Business reasons",2023-10-12,2024-10-25,No
43880,00615358,Discontinuation,"TD POLIO ADSORBED","SANOFI PASTEUR LIMITED","Tetanus and Diphtheria Toxoids Adsorbed and Inactivated Poliomyelitis Vaccine","INACTIVATED POLIOMYELITIS VACCINE; INACTIVATED POLIOMYELITIS VACCINE; INACTIVATED POLIOMYELITIS VACCINE; TETANUS TOXOID; DIPHTHERIA TOXOID","32UNIT; 8UNIT; 40UNIT; 5LF; 2LF","5 x 0.5 mL vials",INTRAMUSCULAR,Discontinued,SUSPENSION,J07CA,"BACTERIAL AND VIRAL VACCINES, COMBINED",2018-10-01,2018-10-01,"Other (Please describe in comments)",2018-03-24,2018-10-04,No
29839,02447711,Discontinuation,TECHNIVIE,"ABBVIE CORPORATION","TECHNIVIE 12.5/75/50 MG","Ombitasvir; Paritaprevir; RITONAVIR","12.5MG; 75MG; 50MG","4 inner cartonsx7blisters",ORAL,Discontinued,TABLET,J05AX,"DIRECT ACTING ANTIVIRALS",2017-11-30,,"Business reasons",2017-11-20,2018-05-07,No
23765,00369810,Discontinuation,"TEGRETOL CHEWTABS 100 MG","NOVARTIS PHARMACEUTICALS CANADA INC","TEGRETOL CHEWTABS 100MG  100'S",CARBAMAZEPINE,100MG,100'S,ORAL,Discontinued,"TABLET (CHEWABLE)",N03AF,ANTIEPILEPTICS,2017-08-18,,"Business reasons",2017-09-27,2017-09-27,No
8500,00665088,Discontinuation,"TEGRETOL CHEWTABS 200MG","NOVARTIS PHARMACEUTICALS CANADA INC","TEGRETOL 200MG CHEWTABS 100'S",CARBAMAZEPINE,200MG,100'S,ORAL,Discontinued,TABLET,N03AF,ANTIEPILEPTICS,2017-06-05,2017-07-07,"Business reasons",2017-05-01,2017-06-06,No
33129,02432897,Discontinuation,TELMISARTAN,"PHARMASCIENCE INC",TELMISARTAN,TELMISARTAN,40MG,100,ORAL,Discontinued,TABLET,C09CA,"ANGIOTENSIN II ANTAGONISTS, PLAIN",2018-02-01,,"Other (Please describe in comments)",2017-12-15,2018-02-02,No
56080,02432900,Discontinuation,TELMISARTAN,"PHARMASCIENCE INC",TELMISARTAN,TELMISARTAN,80MG,100,ORAL,Discontinued,TABLET,C09CA,"ANGIOTENSIN II ANTAGONISTS, PLAIN",2018-07-19,2018-08-30,"Business reasons",2018-07-19,2021-10-27,No
25720,02433222,Discontinuation,TELMISARTAN-HCTZ,"PHARMASCIENCE INC",TELMISARTAN,"HYDROCHLOROTHIAZIDE; TELMISARTAN","25MG; 80MG",100,ORAL,Discontinued,TABLET,C09DA,"ANGIOTENSIN II ANTAGONISTS, COMBINATIONS",2017-10-16,2017-10-16,"Other (Please describe in comments)",2017-10-12,2017-10-17,No
25724,02433214,Discontinuation,TELMISARTAN-HCTZ,"PHARMASCIENCE INC",TELMISARTAN,"HYDROCHLOROTHIAZIDE; TELMISARTAN","12.5MG; 80MG",100,ORAL,Discontinued,TABLET,C09DA,"ANGIOTENSIN II ANTAGONISTS, COMBINATIONS",2017-10-16,2017-10-16,"Other (Please describe in comments)",2017-10-12,2017-10-17,No
238353,02261545,Discontinuation,TELZIR,"VIIV HEALTHCARE ULC","Fosamprenavir tablets 700 mg",FOSAMPRENAVIR,700MG,1x60,"ORAL; ORAL",Discontinued,TABLET,J05AE,"DIRECT ACTING ANTIVIRALS",2024-12-31,,"Business reasons",2024-09-23,2025-03-19,No
238356,02261553,Discontinuation,TELZIR,"VIIV HEALTHCARE ULC","Fosamprenavir oral suspension 50 mg/mL",FOSAMPRENAVIR,50MG,"225 ml","ORAL; ORAL",Discontinued,SUSPENSION,J05AE,"DIRECT ACTING ANTIVIRALS",2024-12-31,,"Business reasons",2024-09-23,2025-03-19,No
65477,02225964,Discontinuation,TEMAZEPAM,"AA PHARMA INC",TEMAZEPAM,TEMAZEPAM,15MG,"100 BTL",ORAL,Discontinued,CAPSULE,N05CD,"HYPNOTICS AND SEDATIVES",2018-11-22,2018-11-22,"Business reasons",2018-10-23,2019-01-14,No
65482,02225972,Discontinuation,TEMAZEPAM,"AA PHARMA INC",TEMAZEPAM,TEMAZEPAM,30MG,"100 BTL",ORAL,Discontinued,CAPSULE,N05CD,"HYPNOTICS AND SEDATIVES",2018-12-07,2018-12-07,"Business reasons",2018-10-23,2019-01-07,No
9551,02229760,Discontinuation,TEMAZEPAM-15,"PRO DOC LIMITEE",TEMAZEPAM,TEMAZEPAM,15MG,500,ORAL,Discontinued,CAPSULE,N05CD,"HYPNOTICS AND SEDATIVES",2017-05-05,,"Business reasons",2017-05-08,2017-05-08,No
9554,02229761,Discontinuation,TEMAZEPAM-30,"PRO DOC LIMITEE",TEMAZEPAM,TEMAZEPAM,30MG,500,ORAL,Discontinued,CAPSULE,N05CD,"HYPNOTICS AND SEDATIVES",2017-05-05,,"Business reasons",2017-05-08,2017-05-08,No
94999,02049988,Discontinuation,"TENORETIC 100/25MG TAB","ASTRAZENECA CANADA INC","atenolol / chlorthalidone","CHLORTHALIDONE; ATENOLOL","25MG; 100MG","100 tablets",ORAL,Discontinued,TABLET,C07CB,"BETA BLOCKING AGENTS AND OTHER DIURETICS",2020-03-26,,"Business reasons",2019-09-30,2020-07-08,No
94996,02049961,Discontinuation,"TENORETIC 50/25MG TAB","ASTRAZENECA CANADA INC","atenolol / chlorthalidone","CHLORTHALIDONE; ATENOLOL","25MG; 50MG","100 tablets",ORAL,Discontinued,TABLET,C07CB,"BETA BLOCKING AGENTS AND OTHER DIURETICS",2020-03-28,,"Business reasons",2019-09-30,2020-07-08,No
70203,02230661,Discontinuation,"TENOXICAM TABLETS","AA PHARMA INC",TENOXICAM,TENOXICAM,20MG,100BTL,ORAL,Discontinued,TABLET,M01AC,"ANTIINFLAMMATORY/ANTIRHEUMATIC PROD.,NON-STEROIDS",2019-10-22,2019-10-31,"Business reasons",2018-12-20,2022-01-27,No
151275,02350505,Discontinuation,TERAZOSIN,"SANIS HEALTH INC",TERAZOSIN,TERAZOSIN,10MG,100,"ORAL; ORAL","To be discontinued",TABLET,G04CA,"DRUGS USED IN BENIGN PROSTATIC HYPERTROPHY",,2022-03-01,"Business reasons",2021-12-16,2021-12-16,No
151278,02350475,Discontinuation,TERAZOSIN,"SANIS HEALTH INC",TERAZOSIN,TERAZOSIN,1MG,100,"ORAL; ORAL","To be discontinued",TABLET,G04CA,"DRUGS USED IN BENIGN PROSTATIC HYPERTROPHY",,2022-03-01,"Business reasons",2021-12-16,2021-12-16,No
151281,02350483,Discontinuation,TERAZOSIN,"SANIS HEALTH INC",TERAZOSIN,TERAZOSIN,2MG,100,"ORAL; ORAL","To be discontinued",TABLET,G04CA,"DRUGS USED IN BENIGN PROSTATIC HYPERTROPHY",,2021-03-01,"Business reasons",2021-12-16,2021-12-16,No
151284,02350491,Discontinuation,TERAZOSIN,"SANIS HEALTH INC",TERAZOSIN,TERAZOSIN,5MG,100,"ORAL; ORAL","To be discontinued",TABLET,G04CA,"DRUGS USED IN BENIGN PROSTATIC HYPERTROPHY",,2022-03-01,"Business reasons",2021-12-16,2021-12-16,No
141500,02237477,Discontinuation,TERAZOSIN-2,"PRO DOC LIMITEE","TERAZOSIN 2",TERAZOSIN,2MG,100,"ORAL; ORAL",Discontinued,TABLET,G04CA,"DRUGS USED IN BENIGN PROSTATIC HYPERTROPHY",2021-07-27,2021-07-31,"Business reasons",2021-06-25,2021-08-12,No
141503,02237478,Discontinuation,TERAZOSIN-5,"PRO DOC LIMITEE","TERAZOSIN 5",TERAZOSIN,5MG,100,"ORAL; ORAL",Discontinued,TABLET,G04CA,"DRUGS USED IN BENIGN PROSTATIC HYPERTROPHY",2021-07-27,2021-08-31,"Business reasons",2021-06-25,2021-07-28,No
65441,00580929,Discontinuation,TETRACYCLINE,"AA PHARMA INC",TETRACYCLINE,"TETRACYCLINE HYDROCHLORIDE",250MG,1000BTL,ORAL,Discontinued,CAPSULE,J01AA,TETRACYCLINES,2019-04-23,2019-03-07,"Business reasons",2018-10-23,2022-01-27,No
256122,02285959,Discontinuation,TEVA-ACYCLOVIR,"TEVA CANADA LIMITED","ACYCLOVIR 200MG",ACYCLOVIR,200MG,100,"ORAL; ORAL",Discontinued,TABLET,J05AB,"DIRECT ACTING ANTIVIRALS",2025-04-07,,"Business reasons",2025-04-29,2025-04-29,No
256125,02285967,Discontinuation,TEVA-ACYCLOVIR,"TEVA CANADA LIMITED","ACYCLOVIR 400MG",ACYCLOVIR,400MG,100,"ORAL; ORAL",Discontinued,TABLET,J05AB,"DIRECT ACTING ANTIVIRALS",2025-04-07,,"Business reasons",2025-04-29,2025-04-29,No
256128,02285975,Discontinuation,TEVA-ACYCLOVIR,"TEVA CANADA LIMITED","ACYCLOVIR 800MG",ACYCLOVIR,800MG,100,"ORAL; ORAL",Discontinued,TABLET,J05AB,"DIRECT ACTING ANTIVIRALS",2025-04-07,,"Business reasons",2025-04-29,2025-04-29,No
260543,02434849,Discontinuation,TEVA-ALMOTRIPTAN,"TEVA CANADA LIMITED","ALMOTRIPTAN 12.5 MG",ALMOTRIPTAN,12.5MG,"P/P 6","ORAL; ORAL",Discontinued,TABLET,N02CC,"ANTIMIGRAINE PREPARATIONS",2025-06-16,,"Business reasons",2025-06-17,2025-06-17,No
124896,02326043,Discontinuation,TEVA-AMITRIPTYLINE,"TEVA CANADA LIMITED","AMITRIPTYLINE 10MG TABLETS","AMITRIPTYLINE HYDROCHLORIDE",10MG,100,"ORAL; ORAL",Discontinued,TABLET,N06AA,ANTIDEPRESSANTS,2020-08-21,,"Business reasons",2020-09-24,2020-09-24,No
126900,02326078,Discontinuation,TEVA-AMITRIPTYLINE,"TEVA CANADA LIMITED","AMITRIPTYLINE 50MG TAB","AMITRIPTYLINE HYDROCHLORIDE",50MG,1000,"ORAL; ORAL",Discontinued,TABLET,N06AA,ANTIDEPRESSANTS,2020-10-23,,"Business reasons",2020-10-22,2020-10-24,No
126903,02326043,Discontinuation,TEVA-AMITRIPTYLINE,"TEVA CANADA LIMITED","AMITRIPTYLINE 10MG TAB","AMITRIPTYLINE HYDROCHLORIDE",10MG,1000,"ORAL; ORAL",Discontinued,TABLET,N06AA,ANTIDEPRESSANTS,2020-10-23,,"Business reasons",2020-10-22,2020-10-24,No
152351,02326051,Discontinuation,TEVA-AMITRIPTYLINE,"TEVA CANADA LIMITED",AMITRIPTYLINE,"AMITRIPTYLINE HYDROCHLORIDE",25MG,"100's and 1000's","ORAL; ORAL",Discontinued,TABLET,N06AA,ANTIDEPRESSANTS,2021-12-15,,"Business reasons",2022-01-07,2022-01-07,No
152375,02326051,Discontinuation,TEVA-AMITRIPTYLINE,"TEVA CANADA LIMITED",AMITRIPTYLINE,"AMITRIPTYLINE HYDROCHLORIDE",25MG,"100 & 1000","ORAL; ORAL",Discontinued,TABLET,N06AA,ANTIDEPRESSANTS,2021-12-15,,"Business reasons",2022-01-07,2022-01-07,No
152378,02326078,Discontinuation,TEVA-AMITRIPTYLINE,"TEVA CANADA LIMITED",AMITRIPTYLINE,"AMITRIPTYLINE HYDROCHLORIDE",50MG,100,"ORAL; ORAL",Discontinued,TABLET,N06AA,ANTIDEPRESSANTS,2021-12-15,,"Business reasons",2022-01-07,2022-01-07,No
120036,02250497,Discontinuation,TEVA-AMLODIPINE,"TEVA CANADA LIMITED","AMLODIPINE 5MG TAB",AMLODIPINE,5MG,"100's 250's 500's","ORAL; ORAL",Discontinued,TABLET,C08CA,"SELECTIVE CALC.CHANNEL BLOCK. W/MAINLY VASC. EFF.",2020-05-13,,"Business reasons",2020-07-10,2020-07-10,No
120039,02250500,Discontinuation,TEVA-AMLODIPINE,"TEVA CANADA LIMITED","AMLODIPINE 10MG TAB",AMLODIPINE,10MG,"100's   250's","ORAL; ORAL",Discontinued,TABLET,C08CA,"SELECTIVE CALC.CHANNEL BLOCK. W/MAINLY VASC. EFF.",2020-05-13,,"Business reasons",2020-07-10,2020-07-10,No
258667,02297493,Discontinuation,TEVA-AMLODIPINE,"TEVA CANADA LIMITED",AMLODIPINE,AMLODIPINE,10MG,"500,100","ORAL; ORAL",Reversed,TABLET,C08CA,"SELECTIVE CALC.CHANNEL BLOCK. W/MAINLY VASC. EFF.",,,"Business reasons",2025-05-28,2025-06-04,No
258670,02297485,Discontinuation,TEVA-AMLODIPINE,"TEVA CANADA LIMITED",AMLODIPINE,AMLODIPINE,5MG,"500, 100","ORAL; ORAL",Reversed,TABLET,C08CA,"SELECTIVE CALC.CHANNEL BLOCK. W/MAINLY VASC. EFF.",,,"Business reasons",2025-05-28,2025-06-04,No
287278,02439247,Discontinuation,"TEVA-AMPHETAMINE XR","TEVA CANADA LIMITED","AMPHETAMINE XR 10MG CAPSULES","MIXED SALTS AMPHETAMINE",10MG,100,"ORAL; ORAL",Discontinued,"CAPSULE (EXTENDED RELEASE)",N06BA,"PSYCHOSTIMULANTS AND NOOTROPICS",2026-06-15,,"Business reasons",2026-06-16,2026-06-16,No
287282,02439255,Discontinuation,"TEVA-AMPHETAMINE XR","TEVA CANADA LIMITED","AMPHETAMINE XR 15MG CAPSULES","MIXED SALTS AMPHETAMINE",15MG,100,"ORAL; ORAL",Discontinued,"CAPSULE (EXTENDED RELEASE)",N06BA,"PSYCHOSTIMULANTS AND NOOTROPICS",2026-06-15,,"Business reasons",2026-06-16,2026-06-16,No
287289,02439263,Discontinuation,"TEVA-AMPHETAMINE XR","TEVA CANADA LIMITED","AMPHETAMINE XR 20MG CAPSULES","MIXED SALTS AMPHETAMINE",20MG,100,"ORAL; ORAL",Discontinued,"CAPSULE (EXTENDED RELEASE)",N06BA,"PSYCHOSTIMULANTS AND NOOTROPICS",2026-06-15,,"Business reasons",2026-06-16,2026-06-16,No
287293,02439271,Discontinuation,"TEVA-AMPHETAMINE XR","TEVA CANADA LIMITED","AMPHETAMINE XR 25MG CAPSULES","MIXED SALTS AMPHETAMINE",25MG,100,"ORAL; ORAL",Discontinued,"CAPSULE (EXTENDED RELEASE)",N06BA,"PSYCHOSTIMULANTS AND NOOTROPICS",2026-06-15,,"Business reasons",2026-06-16,2026-06-16,No
287296,02439298,Discontinuation,"TEVA-AMPHETAMINE XR","TEVA CANADA LIMITED","AMPHETAMINE XR 30MG CAPSULES","MIXED SALTS AMPHETAMINE",30MG,100,"ORAL; ORAL",Discontinued,"CAPSULE (EXTENDED RELEASE)",N06BA,"PSYCHOSTIMULANTS AND NOOTROPICS",2026-06-15,,"Business reasons",2026-06-16,2026-06-16,No
287299,02439239,Discontinuation,"TEVA-AMPHETAMINE XR","TEVA CANADA LIMITED","AMPHETAMINE XR 5MG CAPSULES","MIXED SALTS AMPHETAMINE",5MG,100,"ORAL; ORAL",Discontinued,"CAPSULE (EXTENDED RELEASE)",N06BA,"PSYCHOSTIMULANTS AND NOOTROPICS",2026-06-15,,"Business reasons",2026-06-16,2026-06-16,No
290297,02439239,Discontinuation,"TEVA-AMPHETAMINE XR","TEVA CANADA LIMITED","TEVA-AMPHETAMINE XR","MIXED SALTS AMPHETAMINE",5MG,100,"ORAL; ORAL",Discontinued,"CAPSULE (EXTENDED RELEASE)",N06BA,"PSYCHOSTIMULANTS AND NOOTROPICS",2026-07-30,2026-07-30,"Business reasons",2026-07-30,2026-09-10,No
290300,02439247,Discontinuation,"TEVA-AMPHETAMINE XR","TEVA CANADA LIMITED","TEVA-AMPHETAMINE XR","MIXED SALTS AMPHETAMINE",10MG,100,"ORAL; ORAL",Discontinued,"CAPSULE (EXTENDED RELEASE)",N06BA,"PSYCHOSTIMULANTS AND NOOTROPICS",2026-07-30,2026-07-30,"Business reasons",2026-07-30,2026-09-10,No
290306,02439255,Discontinuation,"TEVA-AMPHETAMINE XR","TEVA CANADA LIMITED","TEVA-AMPHETAMINE XR","MIXED SALTS AMPHETAMINE",15MG,100,"ORAL; ORAL",Discontinued,"CAPSULE (EXTENDED RELEASE)",N06BA,"PSYCHOSTIMULANTS AND NOOTROPICS",2026-07-30,2026-07-30,"Business reasons",2026-07-30,2026-09-10,No
290309,02439263,Discontinuation,"TEVA-AMPHETAMINE XR","TEVA CANADA LIMITED","TEVA-AMPHETAMINE XR","MIXED SALTS AMPHETAMINE",20MG,100,"ORAL; ORAL",Discontinued,"CAPSULE (EXTENDED RELEASE)",N06BA,"PSYCHOSTIMULANTS AND NOOTROPICS",2026-07-30,2026-07-30,"Business reasons",2026-07-30,2026-09-10,No
290314,02439271,Discontinuation,"TEVA-AMPHETAMINE XR","TEVA CANADA LIMITED","TEVA-AMPHETAMINE XR","MIXED SALTS AMPHETAMINE",25MG,100,"ORAL; ORAL",Discontinued,"CAPSULE (EXTENDED RELEASE)",N06BA,"PSYCHOSTIMULANTS AND NOOTROPICS",2026-07-30,2026-07-30,"Business reasons",2026-07-30,2026-09-10,No
290317,02439298,Discontinuation,"TEVA-AMPHETAMINE XR","TEVA CANADA LIMITED","TEVA-AMPHETAMINE XR","MIXED SALTS AMPHETAMINE",30MG,100,"ORAL; ORAL",Discontinued,"CAPSULE (EXTENDED RELEASE)",N06BA,"PSYCHOSTIMULANTS AND NOOTROPICS",2026-07-30,2026-07-30,"Business reasons",2026-07-30,2026-09-10,No
97264,02464179,Discontinuation,TEVA-ARIPIPRAZOLE,"TEVA CANADA LIMITED","ARIPIPRAZOLE 15MG TABLETS",ARIPIPRAZOLE,15MG,30,ORAL,Discontinued,TABLET,N05AX,ANTIPSYCHOTICS,2019-10-25,,"Business reasons",2019-10-25,2019-10-26,No
97267,02464187,Discontinuation,TEVA-ARIPIPRAZOLE,"TEVA CANADA LIMITED","TEVA-ARIPIPRAZOLE 20MG TABLETS",ARIPIPRAZOLE,20MG,"30's & 100's",ORAL,Discontinued,TABLET,N05AX,ANTIPSYCHOTICS,2019-10-25,,"Business reasons",2019-10-25,2019-10-26,No
104263,02464152,Discontinuation,TEVA-ARIPIPRAZOLE,"TEVA CANADA LIMITED","TEVA-ARIPIPRAZOLE 5MG TAB",ARIPIPRAZOLE,5MG,30,ORAL,Discontinued,TABLET,N05AX,ANTIPSYCHOTICS,2019-12-05,,"Business reasons",2020-01-24,2020-01-24,No
104283,02464152,Discontinuation,TEVA-ARIPIPRAZOLE,"TEVA CANADA LIMITED","ARIPIPRAZOLE 5MG TAB",ARIPIPRAZOLE,5MG,100,ORAL,Discontinued,TABLET,N05AX,ANTIPSYCHOTICS,2019-12-05,,"Business reasons",2020-01-24,2020-01-24,No
115085,02464144,Discontinuation,TEVA-ARIPIPRAZOLE,"TEVA CANADA LIMITED","ARIPIPRAZOLE 2MG TAB",ARIPIPRAZOLE,2MG,"30's and 100's","ORAL; ORAL",Discontinued,TABLET,N05AX,ANTIPSYCHOTICS,2020-05-08,2020-05-08,"Business reasons",2020-05-14,2020-05-14,No
117532,02464187,Discontinuation,TEVA-ARIPIPRAZOLE,"TEVA CANADA LIMITED","ARIPIPRAZOLE 20MG TABS",ARIPIPRAZOLE,20MG,"PP 30's","ORAL; ORAL",Discontinued,TABLET,N05AX,ANTIPSYCHOTICS,2020-06-08,,"Business reasons",2020-06-11,2020-06-11,No
117535,02464160,Discontinuation,TEVA-ARIPIPRAZOLE,"TEVA CANADA LIMITED","ARIPIPRAZOLE 10MG TAB",ARIPIPRAZOLE,10MG,"100's and 30's","ORAL; ORAL",Discontinued,TABLET,N05AX,ANTIPSYCHOTICS,2020-06-08,,"Business reasons",2020-06-11,2020-06-11,No
117538,02464179,Discontinuation,TEVA-ARIPIPRAZOLE,"TEVA CANADA LIMITED","ARIPIPRAZOLE 15MG TAB",ARIPIPRAZOLE,15MG,"100's and 30's","ORAL; ORAL",Discontinued,TABLET,N05AX,ANTIPSYCHOTICS,2020-06-08,,"Business reasons",2020-06-11,2020-06-11,No
117541,02464195,Discontinuation,TEVA-ARIPIPRAZOLE,"TEVA CANADA LIMITED","ARIPIPRAZOLE 30MG TAB",ARIPIPRAZOLE,30MG,"100's and 30's","ORAL; ORAL",Discontinued,TABLET,N05AX,ANTIPSYCHOTICS,2020-06-08,,"Business reasons",2020-06-11,2020-06-11,No
106142,02171791,Discontinuation,TEVA-ATENOLOL,"TEVA CANADA LIMITED",ATENOLOL,ATENOLOL,50MG,30's,ORAL,Discontinued,TABLET,C07AB,"BETA BLOCKING AGENTS",2017-12-28,,"Business reasons",2020-02-13,2020-02-13,No
106145,02171805,Discontinuation,TEVA-ATENOLOL,"TEVA CANADA LIMITED",ATENOLOL,ATENOLOL,100MG,30's,ORAL,Discontinued,TABLET,C07AB,"BETA BLOCKING AGENTS",2017-09-30,,"Business reasons",2020-02-13,2020-02-13,No
290322,02171791,Discontinuation,TEVA-ATENOLOL,"TEVA CANADA LIMITED",TEVA-ATENOLOL,ATENOLOL,50MG,500,"ORAL; ORAL",Discontinued,TABLET,C07AB,"BETA BLOCKING AGENTS",2026-07-30,2026-07-30,"Business reasons",2026-07-30,2026-09-10,No
103781,02302926,Discontinuation,TEVA-ATENOLOL/CHLORTHALIDONE,"TEVA CANADA LIMITED","ATENOLOL CHLORTHALIDONE (TAB) 100/25MG","CHLORTHALIDONE; ATENOLOL","25MG; 100MG","100's and 30's",ORAL,Discontinued,TABLET,C07CB,"BETA BLOCKING AGENTS AND OTHER DIURETICS",2019-09-30,,"Business reasons",2020-01-21,2020-01-21,No
64538,02310910,Discontinuation,TEVA-ATORVASTATIN,"TEVA CANADA LIMITED",ATORVASTATIN,ATORVASTATIN,40MG,90,ORAL,Discontinued,TABLET,C10AA,"LIPID MODIFYING AGENTS, PLAIN",2018-01-31,,"Business reasons",2018-10-17,2018-10-17,No
64541,02310910,Discontinuation,TEVA-ATORVASTATIN,"TEVA CANADA LIMITED",ATORVASTATIN,ATORVASTATIN,40MG,500,ORAL,Discontinued,TABLET,C10AA,"LIPID MODIFYING AGENTS, PLAIN",2018-01-31,,"Business reasons",2018-10-17,2018-10-17,No
64601,02310899,Discontinuation,TEVA-ATORVASTATIN,"TEVA CANADA LIMITED",ATORVASTATIN,ATORVASTATIN,10MG,90,ORAL,Discontinued,TABLET,C10AA,"LIPID MODIFYING AGENTS, PLAIN",2018-02-28,,"Business reasons",2018-10-17,2018-10-17,No
64606,02310899,Discontinuation,TEVA-ATORVASTATIN,"TEVA CANADA LIMITED",ATORVASTATIN,ATORVASTATIN,10MG,500,ORAL,Discontinued,TABLET,C10AA,"LIPID MODIFYING AGENTS, PLAIN",2018-02-28,,"Business reasons",2018-10-17,2018-10-17,No
64609,02310902,Discontinuation,TEVA-ATORVASTATIN,"TEVA CANADA LIMITED",ATORVASTATIN,ATORVASTATIN,20MG,90,ORAL,Discontinued,TABLET,C10AA,"LIPID MODIFYING AGENTS, PLAIN",2018-02-28,,"Business reasons",2018-10-17,2018-10-17,No
64612,02310902,Discontinuation,TEVA-ATORVASTATIN,"TEVA CANADA LIMITED",ATORVASTATIN,ATORVASTATIN,20MG,500,ORAL,Discontinued,TABLET,C10AA,"LIPID MODIFYING AGENTS, PLAIN",2018-02-28,,"Business reasons",2018-10-17,2018-10-17,No
258655,02310929,Discontinuation,TEVA-ATORVASTATIN,"TEVA CANADA LIMITED",ATORVASTATIN,ATORVASTATIN,80MG,90,"ORAL; ORAL",Reversed,TABLET,C10AA,"LIPID MODIFYING AGENTS, PLAIN",,,"Business reasons",2025-05-28,2025-06-04,No
258613,02236819,Discontinuation,TEVA-AZATHIOPRINE,"TEVA CANADA LIMITED","TEVA-AZATHIOPRINE 50MG TABLETS 500",AZATHIOPRINE,50MG,500,"ORAL; ORAL",Discontinued,TABLET,L04AX,IMMUNOSUPPRESSANTS,2019-03-15,,"Business reasons",2025-05-28,2025-05-28,No
255821,02267845,Discontinuation,TEVA-AZITHROMYCIN,"TEVA CANADA LIMITED",AZITHROMYCIN,AZITHROMYCIN,250MG,"30 & PP 6","ORAL; ORAL",Discontinued,TABLET,J01FA,"MACROLIDES, LINCOSAMIDES AND STREPTOGRAMINS",2025-04-07,,"Business reasons",2025-04-25,2025-04-25,No
258541,02267845,Discontinuation,TEVA-AZITHROMYCIN,"TEVA CANADA LIMITED",AZITHROMYCIN,AZITHROMYCIN,250MG,"30, 6","ORAL; ORAL",Discontinued,TABLET,J01FA,"MACROLIDES, LINCOSAMIDES AND STREPTOGRAMINS",2025-04-07,,"Business reasons",2025-05-28,2025-05-28,No
266368,02280183,Discontinuation,TEVA-BETAHISTINE,"TEVA CANADA LIMITED","BETAHISTINE 8MG","BETAHISTINE HYDROCHLORIDE",8MG,100,"ORAL; ORAL",Discontinued,TABLET,N07CA,"ANTIVERTIGO PREPARATIONS",2025-08-28,,"Business reasons",2025-09-02,2025-09-02,No
266371,02280191,Discontinuation,TEVA-BETAHISTINE,"TEVA CANADA LIMITED","BETAHISTINE 16MG","BETAHISTINE HYDROCHLORIDE",16MG,"Reg and UD 100's","ORAL; ORAL",Discontinued,TABLET,N07CA,"ANTIVERTIGO PREPARATIONS",2025-08-28,,"Business reasons",2025-09-02,2025-09-02,No
266374,02280205,Discontinuation,TEVA-BETAHISTINE,"TEVA CANADA LIMITED","BETAHISTINE 24MG","BETAHISTINE HYDROCHLORIDE",24MG,"reg and PP 100's","ORAL; ORAL",Discontinued,TABLET,N07CA,"ANTIVERTIGO PREPARATIONS",2025-08-28,,"Business reasons",2025-09-02,2025-09-02,No
286951,02231492,Discontinuation,TEVA-BUSPIRONE,"TEVA CANADA LIMITED","BUSPIRONE 10MG TABLETS","BUSPIRONE HYDROCHLORIDE",10MG,100,"ORAL; ORAL",Discontinued,TABLET,N05BE,ANXIOLYTICS,2026-05-05,2026-05-05,"Business reasons",2026-06-11,2026-06-11,No
258724,02366312,Discontinuation,TEVA-CANDESARTAN,"TEVA CANADA LIMITED",CANDESARTAN,"CANDESARTAN CILEXETIL",8MG,30,"ORAL; ORAL",Discontinued,TABLET,C09CA,"ANGIOTENSIN II ANTAGONISTS, PLAIN",2016-08-02,,"Business reasons",2025-05-28,2025-05-28,No
258556,01942972,Discontinuation,TEVA-CAPTOPRIL,"TEVA CANADA LIMITED",TEVA-CAPTOPRIL,CAPTOPRIL,25MG,1000,"ORAL; ORAL",Discontinued,TABLET,C09AA,"ACE INHIBITORS, PLAIN",2015-03-31,,"Business reasons",2025-05-28,2025-05-28,No
290052,01942999,Discontinuation,TEVA-CAPTOPRIL,"TEVA CANADA LIMITED",TEVA-CAPTOPRIL,CAPTOPRIL,100MG,100,"ORAL; ORAL",Discontinued,TABLET,C09AA,"ACE INHIBITORS, PLAIN",2026-05-30,2026-05-30,"Business reasons",2026-07-28,2026-07-28,No
290055,01942964,Discontinuation,TEVA-CAPTOPRIL,"TEVA CANADA LIMITED",TEVA-CAPTOPRIL,CAPTOPRIL,12.5MG,100,"ORAL; ORAL",Discontinued,TABLET,C09AA,"ACE INHIBITORS, PLAIN",2026-05-30,2026-05-30,"Business reasons",2026-07-28,2026-07-28,No
14052,00782718,Discontinuation,TEVA-CARBAMAZEPINE,"TEVA CANADA LIMITED",CARBAMAZEPINE,CARBAMAZEPINE,200MG,"100 U/D",ORAL,Discontinued,TABLET,N03AF,ANTIEPILEPTICS,2017-04-07,,"Business reasons",2017-06-27,2017-06-27,No
125979,00342114,Discontinuation,TEVA-CEPHALEXIN,"TEVA CANADA LIMITED","CEPHALEXIN 500 MG CAP",CEPHALEXIN,500MG,500,"ORAL; ORAL",Discontinued,CAPSULE,J01DB,"OTHER BETA-LACTAM ANTIBACTERIALS",2020-10-08,,"Business reasons",2020-10-08,2020-10-09,No
125982,00583413,Discontinuation,TEVA-CEPHALEXIN,"TEVA CANADA LIMITED","CEPHALEXIN 250 MG TAB",CEPHALEXIN,250MG,1000,"ORAL; ORAL",Discontinued,TABLET,J01DB,"OTHER BETA-LACTAM ANTIBACTERIALS",2020-10-08,,"Business reasons",2020-10-08,2020-10-09,No
258759,02313731,Discontinuation,TEVA-CILAZAPRIL/HCTZ,"TEVA CANADA LIMITED",CILAZAPRIL/HCTZ,"HYDROCHLOROTHIAZIDE; CILAZAPRIL","12.5MG; 5MG",100,"ORAL; ORAL",Discontinued,TABLET,C09BA,"ACE INHIBITORS, COMBINATIONS",2022-09-23,,"Business reasons",2025-05-28,2025-05-28,No
14049,02161745,Discontinuation,TEVA-CIPROFLOXACIN,"TEVA CANADA LIMITED",CIPROFLOXACIN,CIPROFLOXACIN,500MG,"100 U/D",ORAL,Discontinued,TABLET,J01MA,"QUINOLONE ANTIBACTERIALS",2017-04-07,,"Business reasons",2017-06-27,2017-06-27,No
63952,02161737,Discontinuation,TEVA-CIPROFLOXACIN,"TEVA CANADA LIMITED",CIPROFLOXACIN,,,"UD 100",,Discontinued,,,,2018-06-30,,"Business reasons",2018-10-12,2018-10-12,No
64544,02161737,Discontinuation,TEVA-CIPROFLOXACIN,"TEVA CANADA LIMITED",CIPROFLOXACIN,,,100,,Discontinued,,,,2018-01-31,,"Business reasons",2018-10-17,2018-10-17,No
64547,02161745,Discontinuation,TEVA-CIPROFLOXACIN,"TEVA CANADA LIMITED",CIPROFLOXACIN,,,100,,Discontinued,,,,2018-01-31,,"Business reasons",2018-10-17,2018-10-17,No
64550,02161745,Discontinuation,TEVA-CIPROFLOXACIN,"TEVA CANADA LIMITED",CIPROFLOXACIN,,,500,,Discontinued,,,,2018-01-31,,"Business reasons",2018-10-17,2018-10-17,No
64553,02161753,Discontinuation,TEVA-CIPROFLOXACIN,"TEVA CANADA LIMITED",CIPROFLOXACIN,,,100,,Discontinued,,,,2018-01-31,,"Business reasons",2018-10-17,2018-10-17,No
117526,02248805,Discontinuation,TEVA-CLARITHROMYCIN,"TEVA CANADA LIMITED","CLARITHROMYCIN 500MG TAB",CLARITHROMYCIN,500MG,100,"ORAL; ORAL",Discontinued,TABLET,J01FA,"MACROLIDES, LINCOSAMIDES AND STREPTOGRAMINS",2020-06-08,,"Business reasons",2020-06-11,2020-06-11,No
117529,02248804,Discontinuation,TEVA-CLARITHROMYCIN,"TEVA CANADA LIMITED","CLARITHROMYCIN 250MG TAB",CLARITHROMYCIN,250MG,100,"ORAL; ORAL",Discontinued,TABLET,J01FA,"MACROLIDES, LINCOSAMIDES AND STREPTOGRAMINS",2020-06-08,,"Business reasons",2020-06-11,2020-06-11,No
255815,01910299,Discontinuation,TEVA-CLOBETASOL,"TEVA CANADA LIMITED",TEVA-CLOBETASOL,"CLOBETASOL PROPIONATE",0.05%,"20 & 60ML","TOPICAL; TOPICAL",Discontinued,LOTION,D07AD,"CORTICOSTEROIDS, PLAIN",2025-04-07,,"Business reasons",2025-04-25,2025-04-25,No
64923,02239024,Discontinuation,TEVA-CLONAZEPAM,"TEVA CANADA LIMITED",CLONAZEPAM,CLONAZEPAM,0.5MG,100,ORAL,Discontinued,TABLET,N03AE,ANTIEPILEPTICS,2018-08-31,,"Business reasons",2018-10-19,2018-10-19,No
64926,02239024,Discontinuation,TEVA-CLONAZEPAM,"TEVA CANADA LIMITED",CLONAZEPAM,CLONAZEPAM,0.5MG,500,ORAL,Discontinued,TABLET,N03AE,ANTIEPILEPTICS,2018-08-31,,"Business reasons",2018-10-19,2018-10-19,No
64929,02239025,Discontinuation,TEVA-CLONAZEPAM,"TEVA CANADA LIMITED",CLONAZEPAM,CLONAZEPAM,2MG,100,ORAL,Discontinued,TABLET,N03AE,ANTIEPILEPTICS,2018-08-31,,"Business reasons",2018-10-19,2018-10-19,No
97248,02407973,Discontinuation,TEVA-DEFERASIROX,"TEVA CANADA LIMITED","DEFERASIROX 500MG TABS",DEFERASIROX,500MG,30,ORAL,Discontinued,"TABLET FOR SUSPENSION",V03AC,"ALL OTHER THERAPEUTIC PRODUCTS",2019-10-25,,"Business reasons",2019-10-25,2019-10-26,No
97589,02407973,Discontinuation,TEVA-DEFERASIROX,"TEVA CANADA LIMITED",DEFERASIROX,DEFERASIROX,500MG,30,ORAL,Discontinued,"TABLET FOR SUSPENSION",V03AC,"ALL OTHER THERAPEUTIC PRODUCTS",2019-10-31,2019-10-31,"Business reasons",2019-10-31,2019-11-01,No
103791,02407957,Discontinuation,TEVA-DEFERASIROX,"TEVA CANADA LIMITED","DEFERASIROX 125MG TABS",DEFERASIROX,125MG,"30 PP",ORAL,Discontinued,"TABLET FOR SUSPENSION",V03AC,"ALL OTHER THERAPEUTIC PRODUCTS",2019-05-31,,"Business reasons",2020-01-21,2020-01-21,No
103796,02407965,Discontinuation,TEVA-DEFERASIROX,"TEVA CANADA LIMITED","DEFERASIROX 250MG TABS",DEFERASIROX,250MG,"30 PP",ORAL,Discontinued,"TABLET FOR SUSPENSION",V03AC,"ALL OTHER THERAPEUTIC PRODUCTS",2019-05-31,,"Business reasons",2020-01-21,2020-01-21,No
217254,00808539,Discontinuation,"TEVA-DICLOFENAC EC","TEVA CANADA LIMITED","DICLOFENAC EC 25MG","DICLOFENAC SODIUM",25MG,100,"ORAL; ORAL",Discontinued,"TABLET (ENTERIC-COATED)",M01AB,"ANTIINFLAMMATORY/ANTIRHEUMATIC PROD.,NON-STEROIDS",2024-01-25,2024-01-25,"Business reasons",2024-01-25,2024-01-26,No
253156,00808547,Discontinuation,"TEVA-DICLOFENAC EC","TEVA CANADA LIMITED","DICLOFENAC EC 50MG","DICLOFENAC SODIUM",50MG,"100's and 500's","ORAL; ORAL",Discontinued,"TABLET (ENTERIC-COATED)",M01AB,"ANTIINFLAMMATORY/ANTIRHEUMATIC PROD.,NON-STEROIDS",2025-03-19,,"Business reasons",2025-03-20,2025-03-20,No
255812,00808547,Discontinuation,"TEVA-DICLOFENAC EC","TEVA CANADA LIMITED","DICLOFENAC 50MG","DICLOFENAC SODIUM",50MG,"100's and 500's","ORAL; ORAL",Discontinued,"TABLET (ENTERIC-COATED)",M01AB,"ANTIINFLAMMATORY/ANTIRHEUMATIC PROD.,NON-STEROIDS",2025-04-07,,"Business reasons",2025-04-25,2025-04-25,No
258440,00808547,Discontinuation,"TEVA-DICLOFENAC EC","TEVA CANADA LIMITED","DICLOFENAC EC","DICLOFENAC SODIUM",50MG,500,"ORAL; ORAL",Discontinued,"TABLET (ENTERIC-COATED)",M01AB,"ANTIINFLAMMATORY/ANTIRHEUMATIC PROD.,NON-STEROIDS",2025-03-19,,"Business reasons",2025-05-28,2025-05-28,No
258443,00808547,Discontinuation,"TEVA-DICLOFENAC EC","TEVA CANADA LIMITED","DICLOFENAC EC","DICLOFENAC SODIUM",50MG,100,"ORAL; ORAL",Discontinued,"TABLET (ENTERIC-COATED)",M01AB,"ANTIINFLAMMATORY/ANTIRHEUMATIC PROD.,NON-STEROIDS",2025-03-19,,"Business reasons",2025-05-28,2025-05-28,No
256131,02158582,Discontinuation,"TEVA-DICLOFENAC SR","TEVA CANADA LIMITED","DICLOFENAC SR 75MG","DICLOFENAC SODIUM",75MG,100,"ORAL; ORAL",Discontinued,"TABLET (EXTENDED-RELEASE)",M01AB,"ANTIINFLAMMATORY/ANTIRHEUMATIC PROD.,NON-STEROIDS",2025-04-07,,"Business reasons",2025-04-29,2025-04-29,No
258446,02158582,Discontinuation,"TEVA-DICLOFENAC SR","TEVA CANADA LIMITED","DICLOFENAC SR","DICLOFENAC SODIUM",75MG,100,"ORAL; ORAL",Discontinued,"TABLET (EXTENDED-RELEASE)",M01AB,"ANTIINFLAMMATORY/ANTIRHEUMATIC PROD.,NON-STEROIDS",2025-03-19,,"Business reasons",2025-05-28,2025-05-28,No
253168,02239355,Discontinuation,TEVA-DICLOFENAC-K,"TEVA CANADA LIMITED","DICLOFENAC K 50mg","DICLOFENAC POTASSIUM",50MG,100,"ORAL; ORAL",Discontinued,TABLET,M01AB,"ANTIINFLAMMATORY/ANTIRHEUMATIC PROD.,NON-STEROIDS",2025-03-19,,"Business reasons",2025-03-20,2025-03-20,No
258427,02239355,Discontinuation,TEVA-DICLOFENAC-K,"TEVA CANADA LIMITED",DICLOFENAC-K,"DICLOFENAC POTASSIUM",50MG,100,"ORAL; ORAL",Discontinued,TABLET,M01AB,"ANTIINFLAMMATORY/ANTIRHEUMATIC PROD.,NON-STEROIDS",2025-03-19,,"Business reasons",2025-05-28,2025-05-28,No
81307,02242540,Discontinuation,"TEVA-DILTIAZEM CD","TEVA CANADA LIMITED","DILTIAZEM CD","DILTIAZEM HYDROCHLORIDE",240MG,500,ORAL,Discontinued,"CAPSULE (EXTENDED RELEASE)",C08DB,"SELECTIVE CALC.CHANNEL BLOCK. W/DIRECT CARDIAC EFF",2018-10-30,,"Business reasons",2019-04-11,2019-04-11,No
85572,02242539,Discontinuation,"TEVA-DILTIAZEM CD","TEVA CANADA LIMITED",DILTIAZEM,"DILTIAZEM HYDROCHLORIDE",180MG,500,ORAL,Discontinued,"CAPSULE (EXTENDED RELEASE)",C08DB,"SELECTIVE CALC.CHANNEL BLOCK. W/DIRECT CARDIAC EFF",2019-03-15,,"Business reasons",2019-06-04,2019-06-04,No
85575,02242538,Discontinuation,"TEVA-DILTIAZEM CD","TEVA CANADA LIMITED","DILTIAZEM CD","DILTIAZEM HYDROCHLORIDE",120MG,500,ORAL,Discontinued,"CAPSULE (EXTENDED RELEASE)",C08DB,"SELECTIVE CALC.CHANNEL BLOCK. W/DIRECT CARDIAC EFF",2019-03-15,,"Business reasons",2019-06-04,2019-06-04,No
284254,02271605,Discontinuation,"TEVA-DILTIAZEM HCL ER","BAUSCH HEALTH, CANADA INC.","TEVA-DILTIAZEM HCL ER","DILTIAZEM HYDROCHLORIDE",120MG,n/a,ORAL,Discontinued,"CAPSULE (EXTENDED RELEASE)",C08DB,"SELECTIVE CALC.CHANNEL BLOCK. W/DIRECT CARDIAC EFF",2025-07-31,,"Business reasons",2026-05-04,2026-05-04,No
284260,02271613,Discontinuation,"TEVA-DILTIAZEM HCL ER","BAUSCH HEALTH, CANADA INC.","TEVA-DILTIAZEM HCL ER","DILTIAZEM HYDROCHLORIDE",180MG,n/a,ORAL,Discontinued,"CAPSULE (EXTENDED RELEASE)",C08DB,"SELECTIVE CALC.CHANNEL BLOCK. W/DIRECT CARDIAC EFF",2025-06-30,,"Business reasons",2026-05-04,2026-05-04,No
284263,02271621,Discontinuation,"TEVA-DILTIAZEM HCL ER","BAUSCH HEALTH, CANADA INC.","TEVA-DILTIAZEM HCL ER","DILTIAZEM HYDROCHLORIDE",240MG,n/a,ORAL,Discontinued,"CAPSULE (EXTENDED RELEASE)",C08DB,"SELECTIVE CALC.CHANNEL BLOCK. W/DIRECT CARDIAC EFF",2025-04-30,,"Business reasons",2026-05-04,2026-05-04,No
284266,02271648,Discontinuation,"TEVA-DILTIAZEM HCL ER","BAUSCH HEALTH, CANADA INC.","TEVA-DILTIAZEM HCL ER","DILTIAZEM HYDROCHLORIDE",300MG,n/a,ORAL,Discontinued,"CAPSULE (EXTENDED RELEASE)",C08DB,"SELECTIVE CALC.CHANNEL BLOCK. W/DIRECT CARDIAC EFF",2025-07-31,,"Business reasons",2026-05-04,2026-05-04,No
284269,02271656,Discontinuation,"TEVA-DILTIAZEM HCL ER","BAUSCH HEALTH, CANADA INC.","TEVA-DILTIAZEM HCL ER","DILTIAZEM HYDROCHLORIDE",360MG,n/a,ORAL,Discontinued,"CAPSULE (EXTENDED RELEASE)",C08DB,"SELECTIVE CALC.CHANNEL BLOCK. W/DIRECT CARDIAC EFF",2025-06-30,,"Business reasons",2026-05-04,2026-05-04,No
97232,02239701,Discontinuation,TEVA-DIVALPROEX,"TEVA CANADA LIMITED",DIVALPROEX,"VALPROIC ACID",125MG,100,ORAL,Discontinued,"TABLET (ENTERIC-COATED)",N03AG,ANTIEPILEPTICS,2019-10-25,,"Business reasons",2019-10-25,2019-10-26,No
97235,02239702,Discontinuation,TEVA-DIVALPROEX,"TEVA CANADA LIMITED","DIVALPROEX 250MG","VALPROIC ACID",250MG,"100's and 500's (ALL)",ORAL,Discontinued,"TABLET (ENTERIC-COATED)",N03AG,ANTIEPILEPTICS,2019-10-25,,"Business reasons",2019-10-25,2019-10-26,No
97238,02239703,Discontinuation,TEVA-DIVALPROEX,"TEVA CANADA LIMITED","DIVALPROEX 500MG","VALPROIC ACID",500MG,"100's & 500's (ALL)",ORAL,Discontinued,"TABLET (ENTERIC-COATED)",N03AG,ANTIEPILEPTICS,2019-10-25,,"Business reasons",2019-10-25,2019-10-26,No
266356,01912070,Discontinuation,TEVA-DOMPERIDONE,"TEVA CANADA LIMITED","DOMPERIDONE 10 mg",DOMPERIDONE,10MG,500,"ORAL; ORAL",Discontinued,TABLET,A03FA,PROPULSIVES,2025-08-28,,"Business reasons",2025-09-02,2025-09-02,No
258634,02340607,Discontinuation,TEVA-DONEPEZIL,"TEVA CANADA LIMITED",DONEPEZIL,"DONEPEZIL HYDROCHLORIDE",5MG,30,"ORAL; ORAL",Discontinued,TABLET,N06DA,"ANTI-DEMENTIA DRUGS",2016-01-14,,"Business reasons",2025-05-28,2025-05-28,No
290327,02340615,Discontinuation,TEVA-DONEPEZIL,"TEVA CANADA LIMITED",TEVA-DONEPEZIL,"DONEPEZIL HYDROCHLORIDE",10MG,"100, 30","ORAL; ORAL",Discontinued,TABLET,N06DA,"ANTI-DEMENTIA DRUGS",2026-07-30,2026-07-30,"Business reasons",2026-07-30,2026-09-10,No
290332,02340607,Discontinuation,TEVA-DONEPEZIL,"TEVA CANADA LIMITED",TEVA-DONEPEZIL,"DONEPEZIL HYDROCHLORIDE",5MG,100,"ORAL; ORAL",Discontinued,TABLET,N06DA,"ANTI-DEMENTIA DRUGS",2026-07-30,2026-07-30,"Business reasons",2026-07-30,2026-09-10,No
117491,02456753,Discontinuation,TEVA-DULOXETINE,"TEVA CANADA LIMITED","DULOXETINE DR 30MG CAPS",DULOXETINE,30MG,"100's and 30's p-pack","ORAL; ORAL",Discontinued,"CAPSULE (DELAYED RELEASE)",N06AX,ANTIDEPRESSANTS,2020-05-08,,"Business reasons",2020-06-11,2020-06-11,No
117494,02456761,Discontinuation,TEVA-DULOXETINE,"TEVA CANADA LIMITED","DULOXETINE DR 60MG CAP",DULOXETINE,60MG,"100's and 30's p-pack","ORAL; ORAL",Discontinued,"CAPSULE (DELAYED RELEASE)",N06AX,ANTIDEPRESSANTS,2020-05-08,,"Business reasons",2020-06-11,2020-06-11,No
212526,00653217,Discontinuation,TEVA-ECTOSONE,"TEVA CANADA LIMITED","ECTOSONE LOTION",BETAMETHASONE,0.1%,75ml,"TOPICAL; TOPICAL",Discontinued,LOTION,D07AC,"CORTICOSTEROIDS, PLAIN",2023-11-30,2023-11-30,"Business reasons",2023-12-05,2023-12-05,No
256134,02389762,Discontinuation,TEVA-EFAVIRENZ,"TEVA CANADA LIMITED","EFAVIRENZ 600MG",EFAVIRENZ,600MG,30,"ORAL; ORAL",Discontinued,TABLET,J05AG,"DIRECT ACTING ANTIVIRALS",2025-04-07,,"Business reasons",2025-04-29,2025-04-29,No
64855,02233006,Discontinuation,TEVA-ENALAPRIL,"TEVA CANADA LIMITED",ENALAPRIL,"ENALAPRIL SODIUM",8MG,100,ORAL,Discontinued,TABLET,C09AA,"ACE INHIBITORS, PLAIN",2018-05-31,,"Business reasons",2018-10-19,2018-10-19,No
64858,02233006,Discontinuation,TEVA-ENALAPRIL,"TEVA CANADA LIMITED",ENALAPRIL,"ENALAPRIL SODIUM",8MG,500,ORAL,Discontinued,TABLET,C09AA,"ACE INHIBITORS, PLAIN",2018-05-31,,"Business reasons",2018-10-19,2018-10-19,No
64861,02233006,Discontinuation,TEVA-ENALAPRIL,"TEVA CANADA LIMITED",ENALAPRIL,"ENALAPRIL SODIUM",8MG,30,ORAL,Discontinued,TABLET,C09AA,"ACE INHIBITORS, PLAIN",2018-05-31,,"Business reasons",2018-10-19,2018-10-19,No
64866,02233007,Discontinuation,TEVA-ENALAPRIL,"TEVA CANADA LIMITED",ENALAPRIL,"ENALAPRIL SODIUM",16MG,100,ORAL,Discontinued,TABLET,C09AA,"ACE INHIBITORS, PLAIN",2018-05-31,,"Business reasons",2018-10-19,2018-10-19,No
64869,02233005,Discontinuation,TEVA-ENALAPRIL,"TEVA CANADA LIMITED",ENALAPRIL,"ENALAPRIL SODIUM",4MG,100,ORAL,Discontinued,TABLET,C09AA,"ACE INHIBITORS, PLAIN",2018-05-31,,"Business reasons",2018-10-19,2018-10-19,No
81371,02022133,Discontinuation,TEVA-FAMOTIDINE,"TEVA CANADA LIMITED",FAMOTIDINE,FAMOTIDINE,20MG,500,ORAL,Discontinued,TABLET,A02BA,"DRUGS FOR PEPTIC ULCER AND GASTROESOPHAGEAL REFLUX DISEASE (GERD)",2019-01-09,,"Business reasons",2019-04-11,2019-04-11,No
258559,02022141,Discontinuation,TEVA-FAMOTIDINE,"TEVA CANADA LIMITED","TEVA-FAMOTIDINE 40MG TABS P/PACK 30",FAMOTIDINE,40MG,30,"ORAL; ORAL",Discontinued,TABLET,A02BA,"DRUGS FOR PEPTIC ULCER AND GASTROESOPHAGEAL REFLUX DISEASE (GERD)",2019-06-26,,"Business reasons",2025-05-28,2025-05-28,No
253186,02469561,Discontinuation,TEVA-FINGOLIMOD,"TEVA CANADA LIMITED","FINGOLOMID 0.5mg",FINGOLIMOD,0.5MG,"30 BLS","ORAL; ORAL",Discontinued,CAPSULE,L04AE,,2025-03-19,,"Business reasons",2025-03-20,2025-03-20,No
258424,02469561,Discontinuation,TEVA-FINGOLIMOD,"TEVA CANADA LIMITED",FINGOLIMOD,FINGOLIMOD,0.5MG,30,"ORAL; ORAL",Discontinued,CAPSULE,L04AE,,2025-03-19,,"Business reasons",2025-05-28,2025-05-28,No
258714,02469561,Discontinuation,TEVA-FINGOLIMOD,"TEVA CANADA LIMITED",FINGOLIMOD,FINGOLIMOD,0.5MG,"VIAL 10","ORAL; ORAL",Discontinued,CAPSULE,L04AE,,2022-03-30,,"Business reasons",2025-05-28,2025-05-28,No
258720,02469561,Discontinuation,TEVA-FINGOLIMOD,"TEVA CANADA LIMITED",FINGOLIMOD,FINGOLIMOD,0.5MG,30,"ORAL; ORAL",Discontinued,CAPSULE,L04AE,,2024-12-20,,"Business reasons",2025-05-28,2025-05-28,No
256091,02236979,Discontinuation,TEVA-FLUCONAZOLE,"TEVA CANADA LIMITED","FLUCONAZOLE 100MG",FLUCONAZOLE,100MG,50,"ORAL; ORAL",Discontinued,TABLET,J02AC,"ANTIMYCOTICS FOR SYSTEMIC USE",2025-04-07,,"Business reasons",2025-04-29,2025-04-29,No
256137,02236978,Discontinuation,TEVA-FLUCONAZOLE,"TEVA CANADA LIMITED","FLUCONAZOLE 50MG",FLUCONAZOLE,50MG,100,"ORAL; ORAL",Discontinued,TABLET,J02AC,"ANTIMYCOTICS FOR SYSTEMIC USE",2025-04-07,,"Business reasons",2025-04-29,2025-04-29,No
258465,02236979,Discontinuation,TEVA-FLUCONAZOLE,"TEVA CANADA LIMITED",TEVA-FLUCONAZOLE,FLUCONAZOLE,100MG,50,"ORAL; ORAL",Discontinued,TABLET,J02AC,"ANTIMYCOTICS FOR SYSTEMIC USE",2025-04-07,,"Business reasons",2025-05-28,2025-05-28,No
258468,02236978,Discontinuation,TEVA-FLUCONAZOLE,"TEVA CANADA LIMITED",FLUCONAZOLE,FLUCONAZOLE,50MG,100,"ORAL; ORAL",Discontinued,TABLET,J02AC,"ANTIMYCOTICS FOR SYSTEMIC USE",2025-04-07,,"Business reasons",2025-05-28,2025-05-28,No
258606,02216590,Discontinuation,TEVA-FLUOXETINE,"TEVA CANADA LIMITED",TEVA-FLUOXETINE,FLUOXETINE,20MG,"PP 100","ORAL; ORAL",Discontinued,CAPSULE,N06AB,ANTIDEPRESSANTS,2015-09-02,,"Business reasons",2025-05-28,2025-05-28,No
258637,02247802,Discontinuation,TEVA-FOSINOPRIL,"TEVA CANADA LIMITED","TEVA-FOSINOPRIL 10MG TABS P/PACK 30","FOSINOPRIL SODIUM",10MG,30,"ORAL; ORAL",Discontinued,TABLET,C09AA,"ACE INHIBITORS, PLAIN",2019-05-01,,"Business reasons",2025-05-28,2025-05-28,No
258640,02247803,Discontinuation,TEVA-FOSINOPRIL,"TEVA CANADA LIMITED","TEVA-FOSINOPRIL 20MG TABS P/PACK 30","FOSINOPRIL SODIUM",20MG,30,"ORAL; ORAL",Discontinued,TABLET,C09AA,"ACE INHIBITORS, PLAIN",2019-05-01,,"Business reasons",2025-05-28,2025-05-28,No
14039,00337730,Discontinuation,TEVA-FUROSEMIDE,"TEVA CANADA LIMITED",FUROSEMIDE,FUROSEMIDE,20MG,"100 U/D",ORAL,Discontinued,TABLET,C03CA,"HIGH-CEILING DIURETICS",2017-04-07,,"Business reasons",2017-06-27,2017-06-27,No
14042,00337749,Discontinuation,TEVA-FUROSEMIDE,"TEVA CANADA LIMITED",FUROSEMIDE,FUROSEMIDE,40MG,"100 U/D",ORAL,Discontinued,TABLET,C03CA,"HIGH-CEILING DIURETICS",2017-04-07,,"Business reasons",2017-06-27,2017-06-27,No
258547,01913670,Discontinuation,TEVA-GLYBURIDE,"TEVA CANADA LIMITED",TEVA-GLYBURIDE,GLYBURIDE,2.5MG,"PP 100","ORAL; ORAL",Discontinued,TABLET,A10BB,"BLOOD GLUCOSE LOWERING DRUGS, EXCL. INSULINS",2015-09-02,,"Business reasons",2025-05-28,2025-05-28,No
97270,00768820,Discontinuation,TEVA-HALOPERIDOL,"TEVA CANADA LIMITED","HALOPERIDOL 20MG TABLETS",HALOPERIDOL,20MG,100,ORAL,Discontinued,TABLET,N05AD,ANTIPSYCHOTICS,2019-10-25,,"Business reasons",2019-10-25,2019-10-26,No
258383,00021482,Discontinuation,TEVA-HYDROCHLOROTHIAZIDE,"TEVA CANADA LIMITED","TEVA-HYDROCHLOROTHIAZIDE 50MG TABS 1000",HYDROCHLOROTHIAZIDE,50MG,1000,"ORAL; ORAL",Discontinued,TABLET,C03AA,"LOW-CEILING DIURETICS, THIAZIDES",2019-08-26,,"Business reasons",2025-05-28,2025-05-28,No
64970,02319403,Discontinuation,TEVA-HYDROMORPHONE,"TEVA CANADA LIMITED",HYDROMORPHONE,"HYDROMORPHONE HYDROCHLORIDE",1MG,100,ORAL,Discontinued,TABLET,N02AA,OPIOIDS,2018-08-31,,"Business reasons",2018-10-19,2018-10-19,No
64975,02319411,Discontinuation,TEVA-HYDROMORPHONE,"TEVA CANADA LIMITED",HYDROMORPHONE,"HYDROMORPHONE HYDROCHLORIDE",2MG,100,ORAL,Discontinued,TABLET,N02AA,OPIOIDS,2018-08-31,,"Business reasons",2018-10-19,2018-10-19,No
64983,02319438,Discontinuation,TEVA-HYDROMORPHONE,"TEVA CANADA LIMITED",HYDROMORPHONE,"HYDROMORPHONE HYDROCHLORIDE",4MG,100,ORAL,Discontinued,TABLET,N02AA,OPIOIDS,2018-08-31,,"Business reasons",2018-10-19,2018-10-19,No
64993,02319446,Discontinuation,TEVA-HYDROMORPHONE,"TEVA CANADA LIMITED",HYDROMORPHONE,"HYDROMORPHONE HYDROCHLORIDE",8MG,100,ORAL,Discontinued,TABLET,N02AA,OPIOIDS,2018-08-31,,"Business reasons",2018-10-19,2018-10-19,No
106158,02319403,Discontinuation,TEVA-HYDROMORPHONE,"TEVA CANADA LIMITED",HYDROMORPHONE,"HYDROMORPHONE HYDROCHLORIDE",1MG,100,ORAL,Discontinued,TABLET,N02AA,OPIOIDS,2018-08-31,,"Business reasons",2020-02-13,2020-02-13,No
106161,02319411,Discontinuation,TEVA-HYDROMORPHONE,"TEVA CANADA LIMITED",HYDROMORPHONE,"HYDROMORPHONE HYDROCHLORIDE",2MG,100,ORAL,Discontinued,TABLET,N02AA,OPIOIDS,2018-08-31,,"Business reasons",2020-02-13,2020-02-13,No
106164,02319438,Discontinuation,TEVA-HYDROMORPHONE,"TEVA CANADA LIMITED",HYDROMORPHONE,"HYDROMORPHONE HYDROCHLORIDE",4MG,100,ORAL,Discontinued,TABLET,N02AA,OPIOIDS,2018-08-31,,"Business reasons",2020-02-13,2020-02-13,No
106167,02319446,Discontinuation,TEVA-HYDROMORPHONE,"TEVA CANADA LIMITED",TEVA-HYDROMORPHONE,"HYDROMORPHONE HYDROCHLORIDE",8MG,100,ORAL,Discontinued,TABLET,N02AA,OPIOIDS,0008-08-31,,"Business reasons",2020-02-13,2020-02-13,No
224049,02316390,Discontinuation,TEVA-IRBESARTAN,"TEVA CANADA LIMITED","IRBESARTAN 75MG",IRBESARTAN,75MG,100,"ORAL; ORAL",Discontinued,TABLET,C09CA,"ANGIOTENSIN II ANTAGONISTS, PLAIN",2024-03-28,2024-03-28,"Business reasons",2024-04-01,2024-04-01,No
260527,02316404,Discontinuation,TEVA-IRBESARTAN,"TEVA CANADA LIMITED","IRBESARTAN 150MG",IRBESARTAN,150MG,100,"ORAL; ORAL",Discontinued,TABLET,C09CA,"ANGIOTENSIN II ANTAGONISTS, PLAIN",2025-06-16,,"Business reasons",2025-06-17,2025-06-17,No
260546,02316412,Discontinuation,TEVA-IRBESARTAN,"TEVA CANADA LIMITED","IRBESARTAN 300MG",IRBESARTAN,300MG,100,"ORAL; ORAL",Discontinued,"TABLET; TABLET",C09CA,"ANGIOTENSIN II ANTAGONISTS, PLAIN",2025-06-16,,"Business reasons",2025-06-17,2025-06-17,No
231577,02330520,Discontinuation,"TEVA-IRBESARTAN HCTZ","TEVA CANADA LIMITED","IRBESARTAN HCTZ","IRBESARTAN; HYDROCHLOROTHIAZIDE","300MG; 12.5MG",100,"ORAL; ORAL",Discontinued,TABLET,C09DA,"ANGIOTENSIN II ANTAGONISTS, COMBINATIONS",2024-06-28,2024-06-28,"Business reasons",2024-06-28,2024-06-29,No
231580,02330539,Discontinuation,"TEVA-IRBESARTAN HCTZ","TEVA CANADA LIMITED","IRBESARTAN HCTZ","IRBESARTAN; HYDROCHLOROTHIAZIDE","300MG; 25MG",100,"ORAL; ORAL",Discontinued,TABLET,C09DA,"ANGIOTENSIN II ANTAGONISTS, COMBINATIONS",2024-06-28,2024-06-28,"Business reasons",2024-06-28,2024-06-29,No
260549,02330512,Discontinuation,"TEVA-IRBESARTAN HCTZ","TEVA CANADA LIMITED","IRBESARTAN/HCTZ 150/12.5MG","IRBESARTAN; HYDROCHLOROTHIAZIDE","150MG; 12.5MG",100,"ORAL; ORAL",Discontinued,TABLET,C09DA,"ANGIOTENSIN II ANTAGONISTS, COMBINATIONS",2025-06-16,,"Business reasons",2025-06-17,2025-06-17,No
104260,02387247,Discontinuation,TEVA-LAMIVUDINE/ZIDOVUDINE,"TEVA CANADA LIMITED","LAMIVUDINE/ZIDOVUDINE 150/300MG","ZIDOVUDINE; LAMIVUDINE","300MG; 150MG",60,ORAL,Discontinued,TABLET,J05AR,"DIRECT ACTING ANTIVIRALS",2019-12-05,,"Business reasons",2020-01-24,2020-01-24,No
81388,02248232,Discontinuation,TEVA-LAMOTRIGINE,"TEVA CANADA LIMITED",LAMOTRIGINE,LAMOTRIGINE,25MG,100,ORAL,Discontinued,TABLET,N03AX,ANTIEPILEPTICS,2019-01-09,,"Business reasons",2019-04-11,2019-04-11,No
258646,02248233,Discontinuation,TEVA-LAMOTRIGINE,"TEVA CANADA LIMITED","TEVA-LAMOTRIGINE 100MG TABLETS 100",LAMOTRIGINE,100MG,100,"ORAL; ORAL",Discontinued,TABLET,N03AX,ANTIEPILEPTICS,2019-06-26,,"Business reasons",2025-05-28,2025-05-28,No
258652,02248234,Discontinuation,TEVA-LAMOTRIGINE,"TEVA CANADA LIMITED","TEVA-LAMOTRIGINE 150MG TABLETS 100",LAMOTRIGINE,150MG,100,"ORAL; ORAL",Discontinued,TABLET,N03AX,ANTIEPILEPTICS,2019-06-26,,"Business reasons",2025-05-28,2025-05-28,No
255824,02280523,Discontinuation,TEVA-LANSOPRAZOLE,"TEVA CANADA LIMITED",LANSOPRAZOLE,LANSOPRAZOLE,30MG,"100's and 500's","ORAL; ORAL",Discontinued,"CAPSULE (DELAYED RELEASE)",A02BC,"DRUGS FOR PEPTIC ULCER AND GASTROESOPHAGEAL REFLUX DISEASE (GERD)",2025-04-07,,"Business reasons",2025-04-25,2025-04-25,No
256085,02280515,Discontinuation,TEVA-LANSOPRAZOLE,"TEVA CANADA LIMITED","LANSOPRAZOLE 15MG",LANSOPRAZOLE,15MG,100,"ORAL; ORAL",Discontinued,"CAPSULE (DELAYED RELEASE)",A02BC,"DRUGS FOR PEPTIC ULCER AND GASTROESOPHAGEAL REFLUX DISEASE (GERD)",2025-04-07,,"Business reasons",2025-04-29,2025-04-29,No
258507,02280523,Discontinuation,TEVA-LANSOPRAZOLE,"TEVA CANADA LIMITED",LANSOPRAZOLE,LANSOPRAZOLE,30MG,"500,100","ORAL; ORAL",Discontinued,"CAPSULE (DELAYED RELEASE)",A02BC,"DRUGS FOR PEPTIC ULCER AND GASTROESOPHAGEAL REFLUX DISEASE (GERD)",2025-04-07,,"Business reasons",2025-05-28,2025-05-28,No
258510,02280515,Discontinuation,TEVA-LANSOPRAZOLE,"TEVA CANADA LIMITED",LANSOPRAZOLE,LANSOPRAZOLE,15MG,100,"ORAL; ORAL",Discontinued,"CAPSULE (DELAYED RELEASE)",A02BC,"DRUGS FOR PEPTIC ULCER AND GASTROESOPHAGEAL REFLUX DISEASE (GERD)",2025-04-07,,"Business reasons",2025-05-28,2025-05-28,No
120009,02254786,Discontinuation,TEVA-LATANOPROST,"TEVA CANADA LIMITED","ACT-LATANOPROST EYSO 0.125MG/",LATANOPROST,50MCG,1,"OPHTHALMIC; OPHTHALMIC",Discontinued,SOLUTION,S01EE,"ANTIGLAUCOMA PREPARATIONS AND MIOTICS",2019-07-31,,"Business reasons",2020-07-10,2020-07-10,No
290337,02254786,Discontinuation,TEVA-LATANOPROST,"TEVA CANADA LIMITED",TEVA-LATANOPROST,LATANOPROST,50MCG,2.5ml,"OPHTHALMIC; OPHTHALMIC",Discontinued,SOLUTION,S01EE,"ANTIGLAUCOMA PREPARATIONS AND MIOTICS",2026-07-30,2026-07-30,"Business reasons",2026-07-30,2026-09-10,No
290340,02436256,Discontinuation,TEVA-LATANOPROST-TIMOLOL,"TEVA CANADA LIMITED",TEVA-LATANOPROST-TIMOLOL,"LATANOPROST; TIMOLOL","50MCG; 5MG",2.5ml,"OPHTHALMIC; OPHTHALMIC",Discontinued,SOLUTION,S01ED,"ANTIGLAUCOMA PREPARATIONS AND MIOTICS",2026-07-30,2026-07-30,"Business reasons",2026-07-30,2026-09-10,No
258625,02244496,Discontinuation,TEVA-LEVOCARBIDOPA,"TEVA CANADA LIMITED","TEVA-LEVOCARBIDOPA 250MG/25MG TABS 500","CARBIDOPA; LEVODOPA","25MG; 250MG",500,"ORAL; ORAL",Discontinued,TABLET,N04BA,"DOPAMINERGIC AGENTS",2019-06-12,,"Business reasons",2025-05-28,2025-05-28,No
63978,02285096,Discontinuation,"TEVA-LISINOPRIL (TYPE P)","TEVA CANADA LIMITED","LISINOPRIL (TYPE P)",LISINOPRIL,20MG,500,ORAL,Discontinued,TABLET,C09AA,"ACE INHIBITORS, PLAIN",2018-06-30,,"Business reasons",2018-10-12,2018-10-12,No
64909,02285061,Discontinuation,"TEVA-LISINOPRIL (TYPE P)","TEVA CANADA LIMITED","LISINOPRIL (TYPE P)",LISINOPRIL,5MG,30,ORAL,Discontinued,TABLET,C09AA,"ACE INHIBITORS, PLAIN",2018-08-31,,"Business reasons",2018-10-19,2018-10-19,No
81298,02285061,Discontinuation,"TEVA-LISINOPRIL (TYPE P)","TEVA CANADA LIMITED","LISINOPRIL (TYPE P)",LISINOPRIL,5MG,100,ORAL,Discontinued,TABLET,C09AA,"ACE INHIBITORS, PLAIN",2018-10-30,,"Business reasons",2019-04-11,2019-04-11,No
81400,02285088,Discontinuation,"TEVA-LISINOPRIL (TYPE P)","TEVA CANADA LIMITED","LISINOPRIL (TYPE P)",LISINOPRIL,10MG,30,ORAL,Discontinued,TABLET,C09AA,"ACE INHIBITORS, PLAIN",2019-01-09,,"Business reasons",2019-04-11,2019-04-11,No
104257,02285096,Discontinuation,"TEVA-LISINOPRIL (TYPE P)","TEVA CANADA LIMITED","LISINOPRIL P 20MG TABLETS",LISINOPRIL,20MG,100,ORAL,Discontinued,TABLET,C09AA,"ACE INHIBITORS, PLAIN",2019-12-05,,"Business reasons",2020-01-24,2020-01-24,No
91648,02285126,Discontinuation,"TEVA-LISINOPRIL (TYPE Z)","TEVA CANADA LIMITED","LISINOPRIL Z",LISINOPRIL,10MG,30,ORAL,Discontinued,TABLET,C09AA,"ACE INHIBITORS, PLAIN",2019-05-30,,"Business reasons",2019-08-15,2019-08-15,No
258694,02285134,Discontinuation,"TEVA-LISINOPRIL (TYPE Z)","TEVA CANADA LIMITED","LISINOPRIL (TYPE Z)",LISINOPRIL,20MG,"500, 30","ORAL; ORAL",Discontinued,TABLET,C09AA,"ACE INHIBITORS, PLAIN",2019-03-15,,"Business reasons",2025-05-28,2025-05-28,No
258699,02285118,Discontinuation,"TEVA-LISINOPRIL (TYPE Z)","TEVA CANADA LIMITED","LISINOPRIL (TYPE Z)",LISINOPRIL,5MG,30,"ORAL; ORAL",Discontinued,TABLET,C09AA,"ACE INHIBITORS, PLAIN",2019-03-15,,"Business reasons",2025-05-28,2025-05-28,No
63975,02302136,Discontinuation,"TEVA-LISINOPRIL/HCTZ (TYPE P)","TEVA CANADA LIMITED","LISINOPRIL/HCTZ TYPE P","HYDROCHLOROTHIAZIDE; LISINOPRIL","12.5MG; 10MG",100,ORAL,Discontinued,TABLET,C09BA,"ACE INHIBITORS, COMBINATIONS",2018-06-30,,"Business reasons",2018-10-12,2018-10-12,No
81301,02302144,Discontinuation,"TEVA-LISINOPRIL/HCTZ (TYPE P)","TEVA CANADA LIMITED","LISINOPRIL/HCTZ (TYPE P)","HYDROCHLOROTHIAZIDE; LISINOPRIL","12.5MG; 20MG",100,ORAL,Discontinued,TABLET,C09BA,"ACE INHIBITORS, COMBINATIONS",2018-10-30,,"Business reasons",2019-04-11,2019-04-11,No
81368,02302152,Discontinuation,"TEVA-LISINOPRIL/HCTZ (TYPE P)","TEVA CANADA LIMITED","LISINOPRIL/HCTZ (TYPE P)","HYDROCHLOROTHIAZIDE; LISINOPRIL","25MG; 20MG",100,ORAL,Discontinued,TABLET,C09BA,"ACE INHIBITORS, COMBINATIONS",2019-01-09,,"Business reasons",2019-04-11,2019-04-11,No
258513,00637742,Discontinuation,TEVA-LORAZEPAM,"TEVA CANADA LIMITED","TEVA-LORAZEPAM 1MG TABS U/DOSE 100",LORAZEPAM,1MG,"100, 3000","ORAL; ORAL",Discontinued,TABLET,N05BA,ANXIOLYTICS,2017-12-28,,"Business reasons",2025-05-28,2025-05-28,No
133896,02377144,Discontinuation,TEVA-LOSARTAN/HCTZ,"TEVA CANADA LIMITED","LOSARTAN/HCTZ 100/12.5MG TAB","LOSARTAN POTASSIUM; HYDROCHLOROTHIAZIDE","100MG; 12.5MG","PP 30","ORAL; ORAL",Discontinued,TABLET,C09DA,"ANGIOTENSIN II ANTAGONISTS, COMBINATIONS",2021-02-05,,"Business reasons",2021-02-12,2021-02-12,No
133899,02377152,Discontinuation,TEVA-LOSARTAN/HCTZ,"TEVA CANADA LIMITED","LOSARTAN/HCTZ 100/25MG TAB","LOSARTAN POTASSIUM; HYDROCHLOROTHIAZIDE","100MG; 25MG","PP 30","ORAL; ORAL",Discontinued,TABLET,C09DA,"ANGIOTENSIN II ANTAGONISTS, COMBINATIONS",2021-02-05,,"Business reasons",2021-02-12,2021-02-12,No
133902,02358263,Discontinuation,TEVA-LOSARTAN/HCTZ,"TEVA CANADA LIMITED","LOSARTAN/HCTZ 50/12.5MG TABS","LOSARTAN POTASSIUM; HYDROCHLOROTHIAZIDE","50.0MG; 12.5MG","PP 30","ORAL; ORAL",Discontinued,TABLET,C09DA,"ANGIOTENSIN II ANTAGONISTS, COMBINATIONS",2021-02-05,,"Business reasons",2021-02-12,2021-02-12,No
256113,02221284,Discontinuation,TEVA-MEDROXYPROGESTERONE,"TEVA CANADA LIMITED","MEDROXYPROGESTERONE 2.5MG","MEDROXYPROGESTERONE ACETATE",2.5MG,100,"ORAL; ORAL",Discontinued,TABLET,G03DA,PROGESTOGENS,2025-04-07,,"Business reasons",2025-04-29,2025-04-29,No
256116,02221292,Discontinuation,TEVA-MEDROXYPROGESTERONE,"TEVA CANADA LIMITED","MEDROXYPROGESTERONE 5MG","MEDROXYPROGESTERONE ACETATE",5MG,100,"ORAL; ORAL",Discontinued,TABLET,G03DA,PROGESTOGENS,2025-04-07,,"Business reasons",2025-04-29,2025-04-29,No
256119,02221306,Discontinuation,TEVA-MEDROXYPROGESTERONE,"TEVA CANADA LIMITED","MEDROXYPROGESTERONE 10MG","MEDROXYPROGESTERONE ACETATE",10MG,100,"ORAL; ORAL",Discontinued,TABLET,G03DA,PROGESTOGENS,2025-04-07,,"Business reasons",2025-04-29,2025-04-29,No
258449,02257734,Discontinuation,TEVA-METFORMIN,"TEVA CANADA LIMITED",METFORMIN,"METFORMIN HYDROCHLORIDE",850MG,"500,100","ORAL; ORAL",Reversed,TABLET,A10BA,"BLOOD GLUCOSE LOWERING DRUGS, EXCL. INSULINS",,,"Business reasons",2025-05-28,2025-06-04,No
258452,02257726,Discontinuation,TEVA-METFORMIN,"TEVA CANADA LIMITED",TEVA-METFORMIN,"METFORMIN HYDROCHLORIDE",500MG,"500,360,100","ORAL; ORAL",Reversed,TABLET,A10BA,"BLOOD GLUCOSE LOWERING DRUGS, EXCL. INSULINS",,,"Business reasons",2025-05-28,2025-06-04,No
119976,00648035,Discontinuation,TEVA-METOPROLOL,"TEVA CANADA LIMITED","METOPROLOL 50MG FC TABS","METOPROLOL TARTRATE",50MG,"UD 100's","ORAL; ORAL",Discontinued,TABLET,C07AB,"BETA BLOCKING AGENTS",2017-09-29,,"Business reasons",2020-07-10,2020-07-10,No
258537,00842656,Discontinuation,TEVA-METOPROLOL,"TEVA CANADA LIMITED","TEVA-METOPROLOL 100MG UNCOAT TABS 500","METOPROLOL TARTRATE",100MG,500,"ORAL; ORAL",Discontinued,TABLET,C07AB,"BETA BLOCKING AGENTS",2016-07-04,,"Business reasons",2025-05-28,2025-05-28,No
258568,00648043,Discontinuation,TEVA-METOPROLOL,"TEVA CANADA LIMITED",METOPROLOL,"METOPROLOL TARTRATE",100MG,PP100,"ORAL; ORAL",Discontinued,TABLET,C07AB,"BETA BLOCKING AGENTS",2015-09-02,,"Business reasons",2025-05-28,2025-05-28,No
133908,02259354,Discontinuation,TEVA-MIRTAZAPINE,"TEVA CANADA LIMITED","MIRTAZAPINE 30MG TABS",MIRTAZAPINE,30MG,"PP 30","ORAL; ORAL",Discontinued,TABLET,N06AX,ANTIDEPRESSANTS,2021-02-05,,"Business reasons",2021-02-12,2021-02-12,No
240081,02259354,Discontinuation,TEVA-MIRTAZAPINE,"TEVA CANADA LIMITED","MIRTAZAPINE 30MG",MIRTAZAPINE,30MG,100,"ORAL; ORAL",Discontinued,TABLET,N06AX,ANTIDEPRESSANTS,2024-09-06,2024-09-06,"Business reasons",2024-10-11,2024-10-11,No
253165,02259354,Discontinuation,TEVA-MIRTAZAPINE,"TEVA CANADA LIMITED","MIRTAZAPINE 30MG",MIRTAZAPINE,30MG,"100's and 30 BLS","ORAL; ORAL",Discontinued,TABLET,N06AX,ANTIDEPRESSANTS,2025-03-19,,"Business reasons",2025-03-20,2025-03-20,No
258532,02259354,Discontinuation,TEVA-MIRTAZAPINE,"TEVA CANADA LIMITED",MIRTAZAPINE,MIRTAZAPINE,30MG,100,"ORAL; ORAL",Reversed,TABLET,N06AX,ANTIDEPRESSANTS,,,"Business reasons",2025-05-28,2025-06-04,No
258535,02259354,Discontinuation,TEVA-MIRTAZAPINE,"TEVA CANADA LIMITED",MIRTAZAPINE,MIRTAZAPINE,30MG,30,"ORAL; ORAL",Discontinued,TABLET,N06AX,ANTIDEPRESSANTS,2025-03-19,,"Business reasons",2025-05-28,2025-05-28,No
258732,02420260,Discontinuation,TEVA-MODAFINIL,"TEVA CANADA LIMITED",MODAFINIL,MODAFINIL,100MG,30,"ORAL; ORAL",Discontinued,TABLET,N06BA,"PSYCHOSTIMULANTS AND NOOTROPICS",2021-02-12,,"Business reasons",2025-05-28,2025-05-28,No
14055,00565350,Discontinuation,TEVA-NAPROXEN,"TEVA CANADA LIMITED",NAPROXEN,NAPROXEN,250MG,"100 U/D",ORAL,Discontinued,TABLET,M01AE,"ANTIINFLAMMATORY/ANTIRHEUMATIC PROD.,NON-STEROIDS",2017-04-07,,"Business reasons",2017-06-27,2017-06-27,No
258493,00627097,Discontinuation,TEVA-NAPROXEN,"TEVA CANADA LIMITED","TEVA-NAPROXEN 375MG TABLETS 500",NAPROXEN,375MG,500,"ORAL; ORAL",Discontinued,TABLET,M01AE,"ANTIINFLAMMATORY/ANTIRHEUMATIC PROD.,NON-STEROIDS",2019-05-01,,"Business reasons",2025-05-28,2025-05-28,No
258522,00778389,Discontinuation,"TEVA-NAPROXEN SODIUM","TEVA CANADA LIMITED","TEVA-NAPROXEN SODIUM 275MG TABS 500","NAPROXEN SODIUM",275MG,500,"ORAL; ORAL",Discontinued,TABLET,M01AE,"ANTIINFLAMMATORY/ANTIRHEUMATIC PROD.,NON-STEROIDS",2020-01-23,,"Business reasons",2025-05-28,2025-05-28,No
81350,02026600,Discontinuation,"TEVA-NAPROXEN SODIUM DS","TEVA CANADA LIMITED","NAPROXEN SODIUM","NAPROXEN SODIUM",550MG,500,ORAL,Discontinued,TABLET,M01AE,"ANTIINFLAMMATORY/ANTIRHEUMATIC PROD.,NON-STEROIDS",2019-01-09,,"Business reasons",2019-04-11,2019-04-11,No
65013,02237682,Discontinuation,TEVA-NORFLOXACIN,"TEVA CANADA LIMITED",NORFLOXACIN,NORFLOXACIN,400MG,100,ORAL,Discontinued,TABLET,J01MA,"QUINOLONE ANTIBACTERIALS",2018-08-31,,"Business reasons",2018-10-19,2018-10-19,No
63946,02194201,Discontinuation,TEVA-NYSTATIN,"TEVA CANADA LIMITED",NYSTATIN,NYSTATIN,100000UNIT,24ML,ORAL,Discontinued,SUSPENSION,A07AA,INTESTINALANTIINFECTIVES,2018-06-30,,"Business reasons",2018-10-12,2018-10-12,No
63949,02194201,Discontinuation,TEVA-NYSTATIN,"TEVA CANADA LIMITED",NYSTATIN,NYSTATIN,100000UNIT,48ML,ORAL,Discontinued,SUSPENSION,A07AA,INTESTINALANTIINFECTIVES,2018-06-30,,"Business reasons",2018-10-12,2018-10-12,No
120056,02194163,Discontinuation,TEVA-NYSTATIN,"TEVA CANADA LIMITED","NYSTATIN 100MU/G VAG CREAM",NYSTATIN,100000UNIT,75g,"VAGINAL; VAGINAL",Discontinued,CREAM,G01AA,"ANTIINFECTIVES/ANTISEPT.,EXCL COMB WITH CORTICOST.",2020-02-19,,"Business reasons",2020-07-10,2020-07-10,No
258409,02442205,Discontinuation,TEVA-OLMESARTAN,"TEVA CANADA LIMITED",OLMESARTAN,"OLMESARTAN MEDOXOMIL",40MG,pp30,"ORAL; ORAL",Discontinued,TABLET,C09CA,"ANGIOTENSIN II ANTAGONISTS, PLAIN",2025-04-07,,"Business reasons",2025-05-28,2025-05-28,No
258412,02442191,Discontinuation,TEVA-OLMESARTAN,"TEVA CANADA LIMITED",OLMESARTAN,"OLMESARTAN MEDOXOMIL",20MG,pp30,"ORAL; ORAL",Discontinued,TABLET,C09CA,"ANGIOTENSIN II ANTAGONISTS, PLAIN",2025-04-07,,"Business reasons",2025-05-28,2025-05-28,No
258396,02443139,Discontinuation,"TEVA-OLMESARTAN / HCTZ","TEVA CANADA LIMITED","OLMESARTAN / HCTZ","HYDROCHLOROTHIAZIDE; OLMESARTAN MEDOXOMIL","25MG; 40MG",pp30,"ORAL; ORAL",Discontinued,TABLET,C09DA,"ANGIOTENSIN II ANTAGONISTS, COMBINATIONS",2025-04-07,,"Business reasons",2025-05-28,2025-05-28,No
258400,02443120,Discontinuation,"TEVA-OLMESARTAN / HCTZ","TEVA CANADA LIMITED","OLMESARTAN / HCTZ","HYDROCHLOROTHIAZIDE; OLMESARTAN MEDOXOMIL","12.5MG; 40MG",pp30,"ORAL; ORAL",Discontinued,TABLET,C09DA,"ANGIOTENSIN II ANTAGONISTS, COMBINATIONS",2025-04-07,,"Business reasons",2025-05-28,2025-05-28,No
258405,02443112,Discontinuation,"TEVA-OLMESARTAN / HCTZ","TEVA CANADA LIMITED","OLMESARTAN / HCTZ","HYDROCHLOROTHIAZIDE; OLMESARTAN MEDOXOMIL","12.5MG; 20MG",30pp,"ORAL; ORAL",Discontinued,TABLET,C09DA,"ANGIOTENSIN II ANTAGONISTS, COMBINATIONS",2025-04-07,,"Business reasons",2025-05-28,2025-05-28,No
258774,02296349,Discontinuation,TEVA-ONDANSETRON,"TEVA CANADA LIMITED",ONDANSETRON,ONDANSETRON,4MG,10,"ORAL; ORAL",Discontinued,TABLET,A04AA,"ANTIEMETICS AND ANTINAUSEANTS",2022-03-23,,"Business reasons",2025-05-28,2025-05-28,No
231586,02230394,Discontinuation,TEVA-OXYBUTYNIN,"TEVA CANADA LIMITED",OXYBUTYNIN,"OXYBUTYNIN CHLORIDE",5MG,100,"ORAL; ORAL",Discontinued,TABLET,G04BD,"OTHER UROLOGICALS, INCL ANTISPASMODICS",2024-06-28,2024-06-28,"Business reasons",2024-06-28,2024-06-29,No
240078,02230394,Discontinuation,TEVA-OXYBUTYNIN,"TEVA CANADA LIMITED","OXYBUTININ 5mg","OXYBUTYNIN CHLORIDE",5MG,500,"ORAL; ORAL",Discontinued,TABLET,G04BD,"OTHER UROLOGICALS, INCL ANTISPASMODICS",2024-09-06,2024-09-06,"Business reasons",2024-10-11,2024-10-11,No
133891,02440628,Discontinuation,"TEVA-PANTOPRAZOLE MAGNESIUM","TEVA CANADA LIMITED","PANTOPRAZOLE MAG 40 MG TABS",PANTOPRAZOLE,40MG,"PP 30","ORAL; ORAL",Discontinued,"TABLET (DELAYED-RELEASE)",A02BC,"DRUGS FOR PEPTIC ULCER AND GASTROESOPHAGEAL REFLUX DISEASE (GERD)",2021-02-05,,"Business reasons",2021-02-12,2021-02-12,No
258729,02440628,Discontinuation,"TEVA-PANTOPRAZOLE MAGNESIUM","TEVA CANADA LIMITED","PANTOPRAZOLE MAGNESIUM",PANTOPRAZOLE,40MG,30,"ORAL; ORAL",Discontinued,"TABLET (DELAYED-RELEASE)",A02BC,"DRUGS FOR PEPTIC ULCER AND GASTROESOPHAGEAL REFLUX DISEASE (GERD)",2021-02-05,,"Business reasons",2025-05-28,2025-05-28,No
81313,02248556,Discontinuation,TEVA-PAROXETINE,"TEVA CANADA LIMITED",PAROXETINE,PAROXETINE,10MG,30,ORAL,Discontinued,TABLET,N06AB,ANTIDEPRESSANTS,2018-10-30,,"Business reasons",2019-04-11,2019-04-11,No
100540,02248558,Discontinuation,TEVA-PAROXETINE,"TEVA CANADA LIMITED","PAROXETINE 30MG TABS",PAROXETINE,30MG,"30 PP",ORAL,Discontinued,TABLET,N06AB,ANTIDEPRESSANTS,2019-05-01,,"Business reasons",2019-12-09,2019-12-09,No
100547,02248557,Discontinuation,TEVA-PAROXETINE,"TEVA CANADA LIMITED","PAROXETINE 20MG TABS",PAROXETINE,20MG,"30 PP",ORAL,Discontinued,TABLET,N06AB,ANTIDEPRESSANTS,2019-03-15,,"Business reasons",2019-12-09,2019-12-09,No
106898,02248556,Discontinuation,TEVA-PAROXETINE,"TEVA CANADA LIMITED","PAROXETINE 10MG TAB",PAROXETINE,10MG,30,ORAL,Discontinued,TABLET,N06AB,ANTIDEPRESSANTS,2020-02-19,,"Business reasons",2020-02-21,2020-02-21,No
106901,02248558,Discontinuation,TEVA-PAROXETINE,"TEVA CANADA LIMITED","TEVA-PAROXETINE 30MG TAB",PAROXETINE,30MG,"100's & 30's",ORAL,Discontinued,TABLET,N06AB,ANTIDEPRESSANTS,2020-02-19,,"Business reasons",2020-02-21,2020-02-21,No
253160,02248557,Discontinuation,TEVA-PAROXETINE,"TEVA CANADA LIMITED","PAROXETINE 20MG",PAROXETINE,20MG,"100's and 500's","ORAL; ORAL",Discontinued,TABLET,N06AB,ANTIDEPRESSANTS,2025-03-19,,"Business reasons",2025-03-20,2025-03-20,No
253182,02248556,Discontinuation,TEVA-PAROXETINE,"TEVA CANADA LIMITED","PAROXETINE 10mg",PAROXETINE,10MG,100,"ORAL; ORAL",Discontinued,TABLET,N06AB,ANTIDEPRESSANTS,2025-03-19,,"Business reasons",2025-03-20,2025-03-20,No
258430,02248557,Discontinuation,TEVA-PAROXETINE,"TEVA CANADA LIMITED",PAROXETINE,PAROXETINE,20MG,500,"ORAL; ORAL",Reversed,TABLET,N06AB,ANTIDEPRESSANTS,,,"Business reasons",2025-05-28,2025-06-04,No
258433,02248557,Discontinuation,TEVA-PAROXETINE,"TEVA CANADA LIMITED",PAROXETINE,PAROXETINE,20MG,100,"ORAL; ORAL",Reversed,TABLET,N06AB,ANTIDEPRESSANTS,,,"Business reasons",2025-05-28,2025-06-04,No
258436,02248556,Discontinuation,TEVA-PAROXETINE,"TEVA CANADA LIMITED",PAROXETINE,PAROXETINE,10MG,100,"ORAL; ORAL",Reversed,TABLET,N06AB,ANTIDEPRESSANTS,,,"Business reasons",2025-05-28,2025-06-04,No
258459,00869015,Discontinuation,TEVA-PINDOLOL,"TEVA CANADA LIMITED",PINDOLOL,PINDOLOL,10MG,500,"ORAL; ORAL",Discontinued,TABLET,C07AA,"BETA BLOCKING AGENTS",2015-06-05,,"Business reasons",2025-05-28,2025-05-28,No
258544,00869007,Discontinuation,TEVA-PINDOLOL,"TEVA CANADA LIMITED","TEVA-PINDOLOL 5MG TABLETS 500",PINDOLOL,5MG,500,"ORAL; ORAL",Discontinued,TABLET,C07AA,"BETA BLOCKING AGENTS",2016-12-05,,"Business reasons",2025-05-28,2025-05-28,No
65026,02274914,Discontinuation,TEVA-PIOGLITAZONE,"TEVA CANADA LIMITED",PIOGLITAZONE,PIOGLITAZONE,15MG,100,ORAL,Discontinued,TABLET,A10BG,"BLOOD GLUCOSE LOWERING DRUGS, EXCL. INSULINS",2018-09-30,,"Business reasons",2018-10-19,2018-10-19,No
65030,02274922,Discontinuation,TEVA-PIOGLITAZONE,"TEVA CANADA LIMITED",PIOGLITAZONE,PIOGLITAZONE,30MG,100,ORAL,Discontinued,TABLET,A10BG,"BLOOD GLUCOSE LOWERING DRUGS, EXCL. INSULINS",2018-09-30,,"Business reasons",2018-10-19,2018-10-19,No
65033,02274930,Discontinuation,TEVA-PIOGLITAZONE,"TEVA CANADA LIMITED",PIOGLITAZONE,PIOGLITAZONE,45MG,100,ORAL,Discontinued,TABLET,A10BG,"BLOOD GLUCOSE LOWERING DRUGS, EXCL. INSULINS",2018-09-30,,"Business reasons",2018-10-19,2018-10-19,No
266353,00695718,Discontinuation,TEVA-PIROXICAM,"TEVA CANADA LIMITED","PIROXICAM 10MG",PIROXICAM,10MG,100,"ORAL; ORAL",Discontinued,CAPSULE,M01AC,"ANTIINFLAMMATORY/ANTIRHEUMATIC PROD.,NON-STEROIDS",2025-08-28,,"Business reasons",2025-09-02,2025-09-02,No
14007,02269333,Discontinuation,TEVA-PRAMIPEXOLE,"TEVA CANADA LIMITED",PRAMIPEXOLE,"PRAMIPEXOLE DIHYDROCHLORIDE MONOHYDRATE",1.5MG,90,ORAL,Discontinued,TABLET,N04BC,"DOPAMINERGIC AGENTS",2017-01-19,,"Business reasons",2017-06-27,2017-06-27,No
253171,02247008,Discontinuation,TEVA-PRAVASTATIN,"TEVA CANADA LIMITED","PRAVASTATIN 10mg","PRAVASTATIN SODIUM",10MG,"30 BLS","ORAL; ORAL",Discontinued,TABLET,C10AA,"LIPID MODIFYING AGENTS, PLAIN",2025-03-19,,"Business reasons",2025-03-20,2025-03-20,No
253174,02247009,Discontinuation,TEVA-PRAVASTATIN,"TEVA CANADA LIMITED","PRAVASTATIN 20mg","PRAVASTATIN SODIUM",20MG,"30 BLS","ORAL; ORAL",Discontinued,TABLET,C10AA,"LIPID MODIFYING AGENTS, PLAIN",2025-03-19,,"Business reasons",2025-03-20,2025-03-20,No
253177,02247010,Discontinuation,TEVA-PRAVASTATIN,"TEVA CANADA LIMITED","PRAVASTATIN 40mg","PRAVASTATIN SODIUM",40MG,"30 BLS","ORAL; ORAL",Discontinued,TABLET,C10AA,"LIPID MODIFYING AGENTS, PLAIN",2025-03-19,,"Business reasons",2025-03-20,2025-03-20,No
258516,02247010,Discontinuation,TEVA-PRAVASTATIN,"TEVA CANADA LIMITED",PRAVASTATIN,"PRAVASTATIN SODIUM",40MG,30,"ORAL; ORAL",Discontinued,TABLET,C10AA,"LIPID MODIFYING AGENTS, PLAIN",2024-03-19,,"Business reasons",2025-05-28,2025-05-28,No
258519,02247009,Discontinuation,TEVA-PRAVASTATIN,"TEVA CANADA LIMITED",PRAVASTATIN,"PRAVASTATIN SODIUM",20MG,30,"ORAL; ORAL",Discontinued,TABLET,C10AA,"LIPID MODIFYING AGENTS, PLAIN",2025-03-19,,"Business reasons",2025-05-28,2025-05-28,No
258528,02247008,Discontinuation,TEVA-PRAVASTATIN,"TEVA CANADA LIMITED",PRAVASTATIN,"PRAVASTATIN SODIUM",10MG,30,"ORAL; ORAL",Discontinued,TABLET,C10AA,"LIPID MODIFYING AGENTS, PLAIN",2025-03-19,,"Business reasons",2025-05-28,2025-05-28,No
81376,00021695,Discontinuation,TEVA-PREDNISONE,"TEVA CANADA LIMITED",PREDNISONE,PREDNISONE,5MG,100,ORAL,Discontinued,TABLET,H02AB,"CORTICOSTEROIDS FOR SYSTEMIC USE, PLAIN",2019-01-09,,"Business reasons",2019-04-11,2019-04-11,No
120033,02361183,Discontinuation,TEVA-PREGABALIN,"TEVA CANADA LIMITED","PREGABALIN 75MG CAP",PREGABALIN,75MG,60,"ORAL; ORAL",Discontinued,CAPSULE,N03AX,ANTIEPILEPTICS,2020-03-25,,"Business reasons",2020-07-10,2020-07-10,No
258622,02361221,Discontinuation,TEVA-PREGABALIN,"TEVA CANADA LIMITED",PREGABALIN,PREGABALIN,225MG,60,"ORAL; ORAL",Discontinued,CAPSULE,N02BF,,2022-03-23,,"Business reasons",2025-05-28,2025-05-28,No
258627,02361205,Discontinuation,TEVA-PREGABALIN,"TEVA CANADA LIMITED",PREGABALIN,PREGABALIN,150MG,60,"ORAL; ORAL",Discontinued,CAPSULE,N02BF,,2022-03-23,,"Business reasons",2025-05-28,2025-05-28,No
258631,02361159,Discontinuation,TEVA-PREGABALIN,"TEVA CANADA LIMITED",PREGABALIN,PREGABALIN,25MG,60,"ORAL; ORAL",Discontinued,CAPSULE,N02BF,,2022-03-23,,"Business reasons",2025-05-28,2025-05-28,No
258756,02361248,Discontinuation,TEVA-PREGABALIN,"TEVA CANADA LIMITED",PREGABALIN,PREGABALIN,300MG,60,"ORAL; ORAL",Discontinued,CAPSULE,N02BF,,2022-09-16,,"Business reasons",2025-05-28,2025-05-28,No
255840,02226383,Discontinuation,TEVA-PROCTOSONE,"TEVA CANADA LIMITED",PROCTOSONE,"ESCULIN; FRAMYCETIN SULFATE; DIBUCAINE HYDROCHLORIDE; HYDROCORTISONE","1%; 1%; 0.5%; 0.5%","15 & 30g","RECTAL; RECTAL",Discontinued,OINTMENT,C05AA,"AGENTS FOR TREATMENT OF HEMORRHOIDS AND ANAL FISSURES FOR TOPICAL USE",2025-04-07,,"Business reasons",2025-04-25,2025-04-25,No
258499,00629359,Discontinuation,TEVA-PROFEN,"TEVA CANADA LIMITED","NOVO-PROFEN 600MG TABLETS 100",IBUPROFEN,600MG,"100, 500","ORAL; ORAL",Discontinued,TABLET,M01AE,"ANTIINFLAMMATORY/ANTIRHEUMATIC PROD.,NON-STEROIDS",2019-05-01,,"Business reasons",2025-05-28,2025-05-28,No
258574,02439913,Discontinuation,TEVA-PROGESTERONE,"TEVA CANADA LIMITED",PROGESTERONE,PROGESTERONE,100MG,500,"ORAL; ORAL",Reversed,CAPSULE,G03DA,PROGESTOGENS,,,"Business reasons",2025-05-28,2025-06-20,No
64846,02284243,Discontinuation,TEVA-QUETIAPINE,"TEVA CANADA LIMITED",QUETIAPINE,QUETIAPINE,100MG,500,ORAL,Discontinued,TABLET,N05AH,ANTIPSYCHOTICS,2018-03-30,,"Business reasons",2018-10-19,2018-10-19,No
64849,02284235,Discontinuation,TEVA-QUETIAPINE,"TEVA CANADA LIMITED",QUETIAPINE,QUETIAPINE,25MG,500,ORAL,Discontinued,TABLET,N05AH,ANTIPSYCHOTICS,2018-03-30,,"Business reasons",2018-10-19,2018-10-19,No
65036,02284243,Discontinuation,TEVA-QUETIAPINE,"TEVA CANADA LIMITED",QUETIAPINE,QUETIAPINE,100MG,100,ORAL,Discontinued,TABLET,N05AH,ANTIPSYCHOTICS,2018-09-30,,"Business reasons",2018-10-19,2018-10-19,No
65039,02284278,Discontinuation,TEVA-QUETIAPINE,"TEVA CANADA LIMITED",QUETIAPINE,QUETIAPINE,200MG,100,ORAL,Discontinued,TABLET,N05AH,ANTIPSYCHOTICS,2018-09-30,,"Business reasons",2018-10-19,2018-10-19,No
65044,02284235,Discontinuation,TEVA-QUETIAPINE,"TEVA CANADA LIMITED",QUETIAPINE,QUETIAPINE,25MG,100,ORAL,Discontinued,TABLET,N05AH,ANTIPSYCHOTICS,2018-09-30,,"Business reasons",2018-10-19,2018-10-19,No
65047,02284286,Discontinuation,TEVA-QUETIAPINE,"TEVA CANADA LIMITED",QUETIAPINE,QUETIAPINE,300MG,100,ORAL,Discontinued,TABLET,N05AH,ANTIPSYCHOTICS,2018-09-30,,"Business reasons",2018-10-19,2018-10-19,No
104294,00021016,Discontinuation,TEVA-QUININE,"TEVA CANADA LIMITED","QUININE CAPS","QUININE SULFATE",300MG,500,ORAL,Discontinued,CAPSULE,P01BC,ANTIMALARIALS,2020-01-23,,"Business reasons",2020-01-24,2020-01-24,No
125976,00021008,Discontinuation,TEVA-QUININE,"TEVA CANADA LIMITED","QUININE 200 MG","QUININE SULFATE",200MG,500,"ORAL; ORAL",Discontinued,CAPSULE,P01BC,ANTIMALARIALS,2020-10-08,,"Business reasons",2020-10-08,2020-10-09,No
120015,02296640,Discontinuation,"TEVA-RABEPRAZOLE EC","TEVA CANADA LIMITED","TEVA-RABEPRAZOLE 20MG TAB","RABEPRAZOLE SODIUM",20MG,100,"ORAL; ORAL",Discontinued,"TABLET (DELAYED-RELEASE)",A02BC,"DRUGS FOR PEPTIC ULCER AND GASTROESOPHAGEAL REFLUX DISEASE (GERD)",2020-03-25,,"Business reasons",2020-07-10,2020-07-10,No
120018,02296632,Discontinuation,"TEVA-RABEPRAZOLE EC","TEVA CANADA LIMITED","RABEPRAZOLE 10MG TAB","RABEPRAZOLE SODIUM",10MG,100,"ORAL; ORAL",Discontinued,"TABLET (DELAYED-RELEASE)",A02BC,"DRUGS FOR PEPTIC ULCER AND GASTROESOPHAGEAL REFLUX DISEASE (GERD)",2020-03-25,,"Business reasons",2020-07-10,2020-07-10,No
290355,02247947,Discontinuation,TEVA-RAMIPRIL,"TEVA CANADA LIMITED",TEVA-RAMIPRIL,RAMIPRIL,10MG,30,"ORAL; ORAL",Discontinued,CAPSULE,C09AA,"ACE INHIBITORS, PLAIN",2026-07-31,2026-07-31,"Business reasons",2026-07-31,2026-09-10,No
106136,00828556,Discontinuation,TEVA-RANITIDINE,"TEVA CANADA LIMITED",RANITIDINE,,,"100's and 500's",,Discontinued,,,,2017-04-07,,"Business reasons",2020-02-13,2020-02-13,No
106139,00828564,Discontinuation,TEVA-RANITIDINE,"TEVA CANADA LIMITED",RANITIDINE,,,"60's bottles",,Discontinued,,,,2017-04-07,,"Business reasons",2020-02-13,2020-02-13,No
81304,02242940,Discontinuation,"TEVA-RANITIDINE SOLUTION","TEVA CANADA LIMITED","RANITIDINE SOL",RANITIDINE,15MG,300ML,ORAL,Discontinued,SOLUTION,A02BA,"DRUGS FOR PEPTIC ULCER AND GASTROESOPHAGEAL REFLUX DISEASE (GERD)",2018-10-30,,"Business reasons",2019-04-11,2019-04-11,No
258753,02418444,Discontinuation,TEVA-RASAGILINE,"TEVA CANADA LIMITED",RASAGILINE,RASAGILINE,1MG,30,"ORAL; ORAL",Reversed,TABLET,N04BD,"DOPAMINERGIC AGENTS",,,"Business reasons",2025-05-28,2025-06-04,No
133905,02413809,Discontinuation,TEVA-RISEDRONATE,"TEVA CANADA LIMITED","RISEDRONATE 150MG TABLET","RISEDRONATE SODIUM",150MG,"PP 3","ORAL; ORAL",Discontinued,TABLET,M05BA,"DRUGS AFFECTING BONE STRUCTURE AND MINERALIZATION",2021-02-05,,"Business reasons",2021-02-12,2021-02-12,No
256079,02298384,Discontinuation,TEVA-RISEDRONATE,"TEVA CANADA LIMITED","RISEDRONATE 30MG","RISEDRONATE SODIUM",30MG,30,"ORAL; ORAL",Discontinued,TABLET,M05BA,"DRUGS AFFECTING BONE STRUCTURE AND MINERALIZATION",2025-04-07,,"Business reasons",2025-04-29,2025-04-29,No
258473,02298384,Discontinuation,TEVA-RISEDRONATE,"TEVA CANADA LIMITED",RISEDRONATE,"RISEDRONATE SODIUM",30MG,30,"ORAL; ORAL",Discontinued,TABLET,M05BA,"DRUGS AFFECTING BONE STRUCTURE AND MINERALIZATION",2025-04-07,,"Business reasons",2025-05-28,2025-05-28,No
258673,02264196,Discontinuation,TEVA-RISPERIDONE,"TEVA CANADA LIMITED",TEVA-ROSPERIDONE,RISPERIDONE,1MG,100,"ORAL; ORAL",Reversed,TABLET,N05AX,ANTIPSYCHOTICS,,,"Business reasons",2025-05-28,2025-06-04,No
258679,02264218,Discontinuation,TEVA-RISPERIDONE,"TEVA CANADA LIMITED",TEVA-ROSPERIDONE,RISPERIDONE,2MG,100,"ORAL; ORAL",Reversed,TABLET,N05AX,ANTIPSYCHOTICS,,,"Business reasons",2025-05-28,2025-06-04,No
258685,02264226,Discontinuation,TEVA-RISPERIDONE,"TEVA CANADA LIMITED",TEVA-ROSPERIDONE,RISPERIDONE,3MG,100,"ORAL; ORAL",Reversed,TABLET,N05AX,ANTIPSYCHOTICS,,,"Business reasons",2025-05-28,2025-06-04,No
258688,02264234,Discontinuation,TEVA-RISPERIDONE,"TEVA CANADA LIMITED",TEVA-ROSPERIDONE,RISPERIDONE,4MG,100,"ORAL; ORAL",Reversed,TABLET,N05AX,ANTIPSYCHOTICS,,,"Business reasons",2025-05-28,2025-06-04,No
258711,02282690,Discontinuation,TEVA-RISPERIDONE,"TEVA CANADA LIMITED",RISPERIDONE,RISPERIDONE,0.25MG,100,"ORAL; ORAL",Reversed,TABLET,N05AX,ANTIPSYCHOTICS,,,"Business reasons",2025-05-28,2025-06-04,No
157428,02354608,Discontinuation,TEVA-ROSUVASTATIN,"TEVA CANADA LIMITED","ROSUVASTATIN 5MG",ROSUVASTATIN,5MG,"30's & 500","ORAL; ORAL",Discontinued,TABLET,C10AA,"LIPID MODIFYING AGENTS, PLAIN",2022-03-25,,"Business reasons",2022-03-25,2022-03-26,No
157431,02354616,Discontinuation,TEVA-ROSUVASTATIN,"TEVA CANADA LIMITED","TEVA-ROSUVASTATIN 10MG",ROSUVASTATIN,10MG,"30, 100, 500","ORAL; ORAL",Discontinued,TABLET,C10AA,"LIPID MODIFYING AGENTS, PLAIN",2022-03-25,,"Business reasons",2022-03-25,2022-03-26,No
157434,02354624,Discontinuation,TEVA-ROSUVASTATIN,"TEVA CANADA LIMITED","ROSUVASTATIN	20mg",ROSUVASTATIN,20MG,30,"ORAL; ORAL",Discontinued,TABLET,C10AA,"LIPID MODIFYING AGENTS, PLAIN",2022-03-25,,"Business reasons",2022-03-25,2022-03-26,No
157437,02354632,Discontinuation,TEVA-ROSUVASTATIN,"TEVA CANADA LIMITED","ROSUVASTATIN	40mg",ROSUVASTATIN,40MG,"30, 100, 500","ORAL; ORAL",Discontinued,TABLET,C10AA,"LIPID MODIFYING AGENTS, PLAIN",2022-03-25,,"Business reasons",2022-03-25,2022-03-26,No
258765,02354624,Discontinuation,TEVA-ROSUVASTATIN,"TEVA CANADA LIMITED",ROSUVASTATIN,ROSUVASTATIN,20MG,100,"ORAL; ORAL",Reversed,TABLET,C10AA,"LIPID MODIFYING AGENTS, PLAIN",,,"Business reasons",2025-05-28,2025-06-04,No
258486,00613223,Discontinuation,TEVA-SPIRONOLACTONE,"TEVA CANADA LIMITED","TEVA-SPIRONOLACTONE 100MG TABS UD 100",SPIRONOLACTONE,100MG,100,"ORAL; ORAL",Discontinued,TABLET,C03DA,"POTASSIUM-SPARING AGENTS",2016-08-02,,"Business reasons",2025-05-28,2025-05-28,No
266359,02045702,Discontinuation,TEVA-SUCRALFATE,"TEVA CANADA LIMITED","SUCRALFATE 1GM",SUCRALFATE,1G,"ALL (100's and 500's)","ORAL; ORAL",Discontinued,TABLET,A02BX,"DRUGS FOR PEPTIC ULCER AND GASTROESOPHAGEAL REFLUX DISEASE (GERD)",2025-08-28,2025-08-28,"Business reasons",2025-09-02,2025-09-02,No
258471,00608211,Discontinuation,TEVA-TECNAL,"TEVA CANADA LIMITED","RATIO-TECNAL TABLETS 500","BUTALBITAL; ACETYLSALICYLIC ACID; CAFFEINE","50MG; 330MG; 40MG",500,"ORAL; ORAL",Discontinued,TABLET,N02BA,"OTHER ANALGESICS AND ANTIPYRETICS",2016-05-01,,"Business reasons",2025-05-28,2025-05-28,No
258478,00608238,Discontinuation,TEVA-TECNAL,"TEVA CANADA LIMITED",RATIO-TECNAL,"ACETYLSALICYLIC ACID; CAFFEINE; BUTALBITAL","330MG; 40MG; 50MG",500,"ORAL; ORAL",Discontinued,CAPSULE,N02BA,"OTHER ANALGESICS AND ANTIPYRETICS",2016-09-13,,"Business reasons",2025-05-28,2025-05-28,No
258462,00608181,Discontinuation,"TEVA-TECNAL C 1/2","TEVA CANADA LIMITED","RATIO-TECNAL C-1/2 CAPSULES 500","BUTALBITAL; ACETYLSALICYLIC ACID; CODEINE PHOSPHATE; CAFFEINE","50MG; 330MG; 30MG; 40MG",500,"ORAL; ORAL",Discontinued,CAPSULE,N02AA,OPIOIDS,2019-03-15,,"Business reasons",2025-05-28,2025-05-28,No
81353,00608203,Discontinuation,"TEVA-TECNAL C 1/4","TEVA CANADA LIMITED","TECNAL C 1/4","ACETYLSALICYLIC ACID; BUTALBITAL; CODEINE PHOSPHATE; CAFFEINE","330MG; 50MG; 15MG; 40MG",500,ORAL,Discontinued,CAPSULE,N02AA,OPIOIDS,2019-01-09,,"Business reasons",2019-04-11,2019-04-11,No
258603,02395282,Discontinuation,TEVA-TEMOZOLOMIDE,"TEVA CANADA LIMITED",TEMOZOLOMIDE,TEMOZOLOMIDE,100MG,20,"ORAL; ORAL",Discontinued,CAPSULE,L01AX,ALKYLATINGAGENTS,2017-04-07,,"Business reasons",2025-05-28,2025-05-28,No
258609,02395274,Discontinuation,TEVA-TEMOZOLOMIDE,"TEVA CANADA LIMITED",TEMOZOLOMIDE,TEMOZOLOMIDE,20MG,20,"ORAL; ORAL",Discontinued,CAPSULE,L01AX,ALKYLATINGAGENTS,2017-09-30,,"Business reasons",2025-05-28,2025-05-28,No
256088,02403889,Discontinuation,TEVA-TENOFOVIR,"TEVA CANADA LIMITED","TENOFOVIR 300MG","TENOFOVIR DISOPROXIL FUMARATE",300MG,30,"ORAL; ORAL",Discontinued,TABLET,J05AF,"DIRECT ACTING ANTIVIRALS",2025-04-07,,"Business reasons",2025-04-29,2025-04-29,No
260552,02230807,Discontinuation,TEVA-TERAZOSIN,"TEVA CANADA LIMITED","TERAZOSIN 5MG",TERAZOSIN,5MG,100,"ORAL; ORAL",Discontinued,TABLET,G04CA,"DRUGS USED IN BENIGN PROSTATIC HYPERTROPHY",2025-06-16,,"Business reasons",2025-06-17,2025-06-17,No
258663,02254727,Discontinuation,TEVA-TERBINAFINE,"TEVA CANADA LIMITED","ACT-TERBINAFINE 250MG TABLETS 100",TERBINAFINE,250MG,100,"ORAL; ORAL",Discontinued,TABLET,D01BA,"ANTIFUNGALS FOR SYSTEMIC USE",2020-05-13,,"Business reasons",2025-05-28,2025-05-28,No
258780,02254727,Discontinuation,TEVA-TERBINAFINE,"TEVA CANADA LIMITED",TERBINAFINE,TERBINAFINE,250MG,30,"ORAL; ORAL",Discontinued,TABLET,D01BA,"ANTIFUNGALS FOR SYSTEMIC USE",2023-05-01,,"Business reasons",2025-05-28,2025-05-28,No
266365,02254727,Discontinuation,TEVA-TERBINAFINE,"TEVA CANADA LIMITED","TERBINAFINE 250MG",TERBINAFINE,250MG,"ALL(100's and PP 30's)","ORAL; ORAL",Discontinued,TABLET,D01BA,"ANTIFUNGALS FOR SYSTEMIC USE",2025-08-28,2025-08-28,"Business reasons",2025-09-02,2025-09-02,No
258658,02299607,Discontinuation,TEVA-TOLTERODINE,"TEVA CANADA LIMITED",TOLTERODINE,"TOLTERODINE TARTRATE",2MG,60,ORAL,Discontinued,TABLET,G04BD,"OTHER UROLOGICALS, INCL ANTISPASMODICS",2024-12-20,,"Business reasons",2025-05-28,2025-05-28,No
258661,02299593,Discontinuation,TEVA-TOLTERODINE,"TEVA CANADA LIMITED",TOLTERODINE,"TOLTERODINE TARTRATE",1MG,60,"ORAL; ORAL",Discontinued,TABLET,G04BD,"OTHER UROLOGICALS, INCL ANTISPASMODICS",2024-12-20,,"Business reasons",2025-05-28,2025-05-28,No
258553,01927914,Discontinuation,TEVA-TOPILENE,"TEVA CANADA LIMITED","TEVA-TOPILENE 0.05% LOTION 30ML",BETAMETHASONE,0.05%,30,"TOPICAL; TOPICAL",Discontinued,LOTION,D07AC,"CORTICOSTEROIDS, PLAIN",2021-11-29,,"Business reasons",2025-05-28,2025-05-28,No
231589,00809187,Discontinuation,TEVA-TOPISONE,"TEVA CANADA LIMITED",TOPISONE,BETAMETHASONE,0.05%,"30ml & 75ml","TOPICAL; TOPICAL",Discontinued,LOTION,D07AC,"CORTICOSTEROIDS, PLAIN",2024-06-28,2024-06-28,"Business reasons",2024-06-28,2024-06-29,No
256104,02441071,Discontinuation,TEVA-TOPOTECAN,"TEVA CANADA LIMITED","TOPOTECAN 4MG",TOPOTECAN,4MG,1,"INTRAVENOUS; INTRAVENOUS",Discontinued,"POWDER FOR SOLUTION",L01CE,,2025-04-07,,"Business reasons",2025-04-29,2025-04-29,No
258420,02441071,Discontinuation,TEVA-TOPOTECAN,"TEVA CANADA LIMITED",TOPOTECAN,TOPOTECAN,4MG,"1 VIAL","INTRAVENOUS; INTRAVENOUS",Discontinued,"POWDER FOR SOLUTION",L01CE,,2025-04-07,,"Business reasons",2025-05-28,2025-05-28,No
120021,02415429,Discontinuation,TEVA-TRANDOLAPRIL,"TEVA CANADA LIMITED","TRANDOLAPRIL 0.5MG CAP",TRANDOLAPRIL,0.5MG,100,"ORAL; ORAL",Discontinued,CAPSULE,C09AA,"ACE INHIBITORS, PLAIN",2020-03-25,,"Business reasons",2020-07-10,2020-07-10,No
120024,02415437,Discontinuation,TEVA-TRANDOLAPRIL,"TEVA CANADA LIMITED","TRANDOLAPRIL 1MG CAP",TRANDOLAPRIL,1MG,100,"ORAL; ORAL",Discontinued,CAPSULE,C09AA,"ACE INHIBITORS, PLAIN",2020-03-25,,"Business reasons",2020-07-10,2020-07-10,No
120027,02415445,Discontinuation,TEVA-TRANDOLAPRIL,"TEVA CANADA LIMITED","TRANDOLAPRIL 2MG CAP",TRANDOLAPRIL,2MG,100,"ORAL; ORAL",Discontinued,CAPSULE,C09AA,"ACE INHIBITORS, PLAIN",2020-03-25,,"Business reasons",2020-07-10,2020-07-10,No
120030,02415453,Discontinuation,TEVA-TRANDOLAPRIL,"TEVA CANADA LIMITED","TEVA-TRANDOLAPRIL 4MG CAP",TRANDOLAPRIL,4MG,100,"ORAL; ORAL",Discontinued,CAPSULE,C09AA,"ACE INHIBITORS, PLAIN",2020-03-25,,"Business reasons",2020-07-10,2020-07-10,No
103788,02412063,Discontinuation,"TEVA-TRAVOPROST Z OPHTHALMIC SOLUTION","TEVA CANADA LIMITED","TEVA-TRAVOPROST OPHTH SOLN 0.004%",TRAVOPROST,0.004%,"2.5 & 5ml",OPHTHALMIC,Discontinued,SOLUTION,S01EE,"ANTIGLAUCOMA PREPARATIONS AND MIOTICS",2019-11-30,,"Business reasons",2020-01-21,2020-01-21,No
258390,00550507,Discontinuation,TEVA-TRIACOMB,"TEVA CANADA LIMITED","TEVA-TRIACOMB CREAM","GRAMICIDIN; NEOMYCIN; TRIAMCINOLONE ACETONIDE; NYSTATIN","0.25MG; 2.5MG; 1MG; 100000UNIT","60G, 450G","TOPICAL; TOPICAL",Discontinued,CREAM,D07CB,"CORTICOSTEROIDS, COMB WITH ANTIBIOTICS",2019-03-15,,"Business reasons",2025-05-28,2025-05-28,No
14060,00532657,Discontinuation,TEVA-TRIAMTERENE/HCTZ,"TEVA CANADA LIMITED",TRIAMTERENE/HCTZ,"HYDROCHLOROTHIAZIDE; TRIAMTERENE","25MG; 50MG","100 U/D",ORAL,Discontinued,TABLET,C03EA,"DIURETICS AND POTASSIUM-SPARING AGENTS IN COMB",2017-04-07,,"Business reasons",2017-06-27,2017-06-27,No
115091,00532657,Discontinuation,TEVA-TRIAMTERENE/HCTZ,"TEVA CANADA LIMITED","TRIAMTERENE/HCTZ  50/25MG TABS","TRIAMTERENE; HYDROCHLOROTHIAZIDE","50MG; 25MG",500,"ORAL; ORAL",Discontinued,TABLET,C03EA,"DIURETICS AND POTASSIUM-SPARING AGENTS IN COMB",2020-05-08,2020-05-08,"Business reasons",2020-05-14,2020-05-14,No
65017,00510637,Discontinuation,TEVA-TRIMEL,"TEVA CANADA LIMITED",SULFA/TRIMEL,"SULFAMETHOXAZOLE; TRIMETHOPRIM","400MG; 80MG",100,ORAL,Discontinued,TABLET,J01EE,"SULFONAMIDES AND TRIMETHOPRIM",2018-08-31,,"Business reasons",2018-10-19,2018-10-19,No
106133,00510637,Discontinuation,TEVA-TRIMEL,"TEVA CANADA LIMITED","SULFAMETHOXAZOLE/ TRIMETHOPRIM","SULFAMETHOXAZOLE; TRIMETHOPRIM","400MG; 80MG",100,ORAL,Discontinued,TABLET,J01EE,"SULFONAMIDES AND TRIMETHOPRIM",2018-08-31,,"Business reasons",2020-02-13,2020-02-13,No
65020,00510645,Discontinuation,"TEVA-TRIMEL DS","TEVA CANADA LIMITED",SULFA/TRIMEL,"SULFAMETHOXAZOLE; TRIMETHOPRIM","800MG; 160MG",100,ORAL,Discontinued,TABLET,J01EE,"SULFONAMIDES AND TRIMETHOPRIM",2018-08-31,2018-08-31,"Business reasons",2018-10-19,2018-10-19,No
65023,00510645,Discontinuation,"TEVA-TRIMEL DS","TEVA CANADA LIMITED",SULFA/TRIMEL,"SULFAMETHOXAZOLE; TRIMETHOPRIM","800MG; 160MG",100,ORAL,Discontinued,TABLET,J01EE,"SULFONAMIDES AND TRIMETHOPRIM",2018-08-31,,"Business reasons",2018-10-19,2018-10-19,No
258565,02240333,Discontinuation,TEVA-TRYPTOPHAN,"TEVA CANADA LIMITED",TRYPTOPHAN,TRYPTOPHAN,500MG,100,"ORAL; ORAL",Discontinued,TABLET,N06AX,ANTIDEPRESSANTS,2024-12-20,,"Business reasons",2025-05-28,2025-05-28,No
258616,02237250,Discontinuation,TEVA-TRYPTOPHAN,"TEVA CANADA LIMITED","RATIO-TRYPTOPHAN 1G TABLETS 100",TRYPTOPHAN,1G,100,"ORAL; ORAL",Discontinued,TABLET,N06AX,ANTIDEPRESSANTS,2016-11-01,,"Business reasons",2025-05-28,2025-05-28,No
258619,02240333,Discontinuation,TEVA-TRYPTOPHAN,"TEVA CANADA LIMITED","RATIO-TRYPTOPHAN 500MG TABLETS 100",TRYPTOPHAN,500MG,100,"ORAL; ORAL",Discontinued,TABLET,N06AX,ANTIDEPRESSANTS,2016-11-01,,"Business reasons",2025-05-28,2025-05-28,No
260534,02240333,Discontinuation,TEVA-TRYPTOPHAN,"TEVA CANADA LIMITED","TRYPTOPHAN 500MG",TRYPTOPHAN,500MG,100,"ORAL; ORAL",Discontinued,TABLET,N06AX,ANTIDEPRESSANTS,2025-06-16,,"Business reasons",2025-06-17,2025-06-17,No
258577,02413825,Discontinuation,TEVA-VALGANCICLOVIR,"TEVA CANADA LIMITED",VALGANCICLOVIR,VALGANCICLOVIR,450MG,60,"ORAL; ORAL",Reversed,TABLET,J05AB,"DIRECT ACTING ANTIVIRALS",,,"Business reasons",2025-05-28,2025-06-04,No
258768,02413825,Discontinuation,TEVA-VALGANCICLOVIR,"TEVA CANADA LIMITED",VALGANCICLOVIR,VALGANCICLOVIR,450MG,60,"ORAL; ORAL",Reversed,TABLET,J05AB,"DIRECT ACTING ANTIVIRALS",,,"Business reasons",2025-05-28,2025-06-04,No
258783,02413825,Discontinuation,TEVA-VALGANCICLOVIR,"TEVA CANADA LIMITED",VALGANCICLOVIR,VALGANCICLOVIR,450MG,60,"ORAL; ORAL",Reversed,TABLET,J05AB,"DIRECT ACTING ANTIVIRALS",,,"Business reasons",2025-05-28,2025-06-04,No
256146,02356643,Discontinuation,TEVA-VALSARTAN,"TEVA CANADA LIMITED","VALSARTAN 40MG",VALSARTAN,40MG,"PP 30","ORAL; ORAL",Discontinued,TABLET,C09CA,"ANGIOTENSIN II ANTAGONISTS, PLAIN",2025-04-07,,"Business reasons",2025-04-29,2025-04-29,No
256149,02356651,Discontinuation,TEVA-VALSARTAN,"TEVA CANADA LIMITED","VALSARTAN 80MG",VALSARTAN,80MG,"PP 30","ORAL; ORAL",Discontinued,TABLET,C09CA,"ANGIOTENSIN II ANTAGONISTS, PLAIN",2025-04-07,,"Business reasons",2025-04-29,2025-04-29,No
256152,02356678,Discontinuation,TEVA-VALSARTAN,"TEVA CANADA LIMITED","VALSARTAN 160MG",VALSARTAN,160MG,"PP 30","ORAL; ORAL",Discontinued,TABLET,C09CA,"ANGIOTENSIN II ANTAGONISTS, PLAIN",2025-04-07,,"Business reasons",2025-04-29,2025-04-29,No
256155,02356686,Discontinuation,TEVA-VALSARTAN,"TEVA CANADA LIMITED","VALSARTAN 3200MG",VALSARTAN,320MG,PP30,"ORAL; ORAL",Discontinued,TABLET,C09CA,"ANGIOTENSIN II ANTAGONISTS, PLAIN",2025-04-07,,"Business reasons",2025-04-29,2025-04-29,No
258484,02356686,Discontinuation,TEVA-VALSARTAN,"TEVA CANADA LIMITED",VALSARTAN,VALSARTAN,320MG,30,"ORAL; ORAL",Discontinued,TABLET,C09CA,"ANGIOTENSIN II ANTAGONISTS, PLAIN",2025-04-07,,"Business reasons",2025-05-28,2025-05-28,No
258490,02356678,Discontinuation,TEVA-VALSARTAN,"TEVA CANADA LIMITED",VALSARTAN,VALSARTAN,160MG,30,"ORAL; ORAL",Discontinued,TABLET,C09CA,"ANGIOTENSIN II ANTAGONISTS, PLAIN",2025-04-07,,"Business reasons",2025-05-28,2025-05-28,No
258496,02356651,Discontinuation,TEVA-VALSARTAN,"TEVA CANADA LIMITED",VALSARTAN,VALSARTAN,80MG,30,"ORAL; ORAL",Discontinued,TABLET,C09CA,"ANGIOTENSIN II ANTAGONISTS, PLAIN",2025-04-07,,"Business reasons",2025-05-28,2025-05-28,No
258501,02356643,Discontinuation,TEVA-VALSARTAN,"TEVA CANADA LIMITED",VALSARTAN,VALSARTAN,40MG,30,"ORAL; ORAL",Discontinued,TABLET,C09CA,"ANGIOTENSIN II ANTAGONISTS, PLAIN",2025-04-07,,"Business reasons",2025-05-28,2025-05-28,No
255827,02356996,Discontinuation,TEVA-VALSARTAN/HCTZ,"TEVA CANADA LIMITED",VALSARTAN/HCTZ,"HYDROCHLOROTHIAZIDE; VALSARTAN","12.5MG; 80MG","50 & PP30","ORAL; ORAL",Discontinued,TABLET,C09DA,"ANGIOTENSIN II ANTAGONISTS, COMBINATIONS",2025-04-07,,"Business reasons",2025-04-25,2025-04-25,No
255830,02357003,Discontinuation,TEVA-VALSARTAN/HCTZ,"TEVA CANADA LIMITED",VALSARTAN/HCTZ,"HYDROCHLOROTHIAZIDE; VALSARTAN","12.5MG; 160MG","50 & PP30","ORAL; ORAL",Discontinued,TABLET,C09DA,"ANGIOTENSIN II ANTAGONISTS, COMBINATIONS",2025-04-07,,"Business reasons",2025-04-25,2025-04-25,No
255833,02357011,Discontinuation,TEVA-VALSARTAN/HCTZ,"TEVA CANADA LIMITED",VALSARTAN/HCTZ,"HYDROCHLOROTHIAZIDE; VALSARTAN","25MG; 160MG","50 & PP30","ORAL; ORAL",Discontinued,TABLET,C09DA,"ANGIOTENSIN II ANTAGONISTS, COMBINATIONS",2025-04-07,,"Business reasons",2025-04-25,2025-04-25,No
256140,02357038,Discontinuation,TEVA-VALSARTAN/HCTZ,"TEVA CANADA LIMITED","VALSARTAN/HCTZ 320MG/12.5MG","HYDROCHLOROTHIAZIDE; VALSARTAN","12.5MG; 320MG","pp 30","ORAL; ORAL",Discontinued,TABLET,C09DA,"ANGIOTENSIN II ANTAGONISTS, COMBINATIONS",2025-04-07,,"Business reasons",2025-04-29,2025-04-29,No
256143,02357046,Discontinuation,TEVA-VALSARTAN/HCTZ,"TEVA CANADA LIMITED","TEVA-VALSARTAN/HCTZ 320MG/25MG","HYDROCHLOROTHIAZIDE; VALSARTAN","25MG; 320MG",pp30,"ORAL; ORAL",Discontinued,TABLET,C09DA,"ANGIOTENSIN II ANTAGONISTS, COMBINATIONS",2025-04-07,,"Business reasons",2025-04-29,2025-04-29,No
105537,02275031,Discontinuation,"TEVA-VENLAFAXINE XR","TEVA CANADA LIMITED","VENLAFAXINE XR 75MG CAPS",VENLAFAXINE,75MG,"100's & 500's",ORAL,Discontinued,"CAPSULE (EXTENDED RELEASE)",N06AX,ANTIDEPRESSANTS,2020-02-07,,"Business reasons",2020-02-07,2020-02-08,No
117546,02275023,Discontinuation,"TEVA-VENLAFAXINE XR","TEVA CANADA LIMITED","VENLAFAXINE XR 37.5MG CAP",VENLAFAXINE,37.5MG,100,"ORAL; ORAL",Discontinued,"CAPSULE (EXTENDED RELEASE)",N06AX,ANTIDEPRESSANTS,2020-06-08,,"Other (Please describe in comments)",2020-06-11,2020-06-11,No
124899,02275058,Discontinuation,"TEVA-VENLAFAXINE XR","TEVA CANADA LIMITED","VENLAFAXINE XR 150MG CAPS",VENLAFAXINE,150MG,500,"ORAL; ORAL",Discontinued,"CAPSULE (EXTENDED RELEASE)",N06AX,ANTIDEPRESSANTS,2020-09-23,2020-09-23,"Business reasons",2020-09-24,2020-09-24,No
289266,02275058,Discontinuation,"TEVA-VENLAFAXINE XR","TEVA CANADA LIMITED","VENLAFAXINE XR 150MG CAPS",VENLAFAXINE,150MG,100,"ORAL; ORAL",Discontinued,"CAPSULE (EXTENDED RELEASE)",N06AX,ANTIDEPRESSANTS,2021-09-23,2021-09-23,"Business reasons",2026-07-15,2026-07-15,No
256166,02396874,Discontinuation,TEVA-VORICONAZOLE,"TEVA CANADA LIMITED","VORICONAZOLE 200MG",VORICONAZOLE,200MG,30,"ORAL; ORAL",Discontinued,TABLET,J02AC,"ANTIMYCOTICS FOR SYSTEMIC USE",2025-04-07,,"Business reasons",2025-04-29,2025-04-29,No
256169,02396866,Discontinuation,TEVA-VORICONAZOLE,"TEVA CANADA LIMITED","VORICONAZOLE 50MG",VORICONAZOLE,50MG,30,"ORAL; ORAL",Discontinued,TABLET,J02AC,"ANTIMYCOTICS FOR SYSTEMIC USE",2025-04-07,,"Business reasons",2025-04-29,2025-04-29,No
245261,02253631,Discontinuation,"TEVETEN PLUS","BGP PHARMA ULC",EPROSARTAN,"HYDROCHLOROTHIAZIDE; EPROSARTAN","12.5MG; 600MG",2x14,"ORAL; ORAL",Discontinued,TABLET,C09DA,"ANGIOTENSIN II ANTAGONISTS, COMBINATIONS",2023-08-30,,"Business reasons",2024-12-10,2024-12-10,No
289011,02529548,Discontinuation,TEZSPIRE,"ASTRAZENECA CANADA INC","tezepelumab injection",TEZEPELUMAB,110MG,"Single use pre-filled syringe",SUBCUTANEOUS,"To be discontinued",SOLUTION,R03DX,,,2026-11-30,"Business reasons",2026-07-10,2026-07-10,No
161424,02327945,Discontinuation,THALLIUM,"LANTHEUS MI CANADA INC","thallous chloride Tl 201","THALLIUM CHLORIDE",2MCI,"10 mL vial","INTRAVENOUS; INTRAVENOUS",Discontinued,SOLUTION,V09GX,,2022-09-29,2022-12-31,"Business reasons",2022-05-27,2023-10-25,No
129592,02485915,Discontinuation,"THALLOUS CHLORIDE TI 201 INJECTION","GE HEALTHCARE CANADA INC","Thallous Chloride TI 201 Injection","THALLIUM CHLORIDE",37MBq,"10 mL","INTRAVENOUS; INTRAVENOUS",Discontinued,SOLUTION,V09GX,,2021-06-04,2021-06-04,"Business reasons",2020-12-04,2021-06-05,No
205531,02355221,Discontinuation,THALOMID,"CELGENE INC",THALOMID,THALIDOMIDE,200MG,2BLPx14,"ORAL; ORAL",Discontinued,CAPSULE,L04AX,IMMUNOSUPPRESSANTS,2024-03-31,2024-03-31,"Business reasons",2023-09-29,2024-04-01,No
138081,01966219,Discontinuation,THEOLAIR,"BAUSCH HEALTH, CANADA INC.","Theophylline solution",THEOPHYLLINE,80MG,"500 mL","ORAL; ORAL",Discontinued,SOLUTION,R03DA,"OTHER SYSTEMIC DRUGS FOR OBSTRUCTIVE AIRWAY DISEASES",2021-04-26,,"Business reasons",2021-04-26,2021-04-27,No
124829,00598933,Discontinuation,"TIAMOL CREAM 0.05%","TAROPHARMA, A DIVISION OF TARO PHARMACEUTICALS INC.","TIAMOL CREAM 0.05%",FLUOCINONIDE,0.05%,25,"TOPICAL; TOPICAL",Discontinued,CREAM,D07AC,"CORTICOSTEROIDS, PLAIN",2020-08-17,,"Manufacturing issues",2020-09-22,2020-09-22,No
133200,00598933,Discontinuation,"TIAMOL CREAM 0.05%","TAROPHARMA, A DIVISION OF TARO PHARMACEUTICALS INC.","TIAMOL CREAM 0.05%",FLUOCINONIDE,0.05%,25,"TOPICAL; TOPICAL",Discontinued,CREAM,D07AC,"CORTICOSTEROIDS, PLAIN",2020-07-31,,"Manufacturing issues",2021-02-03,2021-02-03,No
286231,02231150,Discontinuation,TIAZAC,"BAUSCH HEALTH, CANADA INC.",TIAZAC,"DILTIAZEM HYDROCHLORIDE",120MG,100s,"ORAL; ORAL","To be discontinued","CAPSULE (EXTENDED RELEASE)",C08DB,"SELECTIVE CALC.CHANNEL BLOCK. W/DIRECT CARDIAC EFF",,2026-09-30,"Business reasons",2026-06-03,2026-06-03,No
286234,02231151,Discontinuation,TIAZAC,"BAUSCH HEALTH, CANADA INC.",TIAZAC,"DILTIAZEM HYDROCHLORIDE",180MG,100s,"ORAL; ORAL","To be discontinued","CAPSULE (EXTENDED RELEASE)",C08DB,"SELECTIVE CALC.CHANNEL BLOCK. W/DIRECT CARDIAC EFF",,2026-09-30,"Business reasons",2026-06-03,2026-06-03,No
286237,02231152,Discontinuation,TIAZAC,"BAUSCH HEALTH, CANADA INC.",TIAZAC,"DILTIAZEM HYDROCHLORIDE",240MG,100s,"ORAL; ORAL","To be discontinued","CAPSULE (EXTENDED RELEASE)",C08DB,"SELECTIVE CALC.CHANNEL BLOCK. W/DIRECT CARDIAC EFF",,2026-09-30,"Business reasons",2026-06-03,2026-06-03,No
286240,02231154,Discontinuation,TIAZAC,"BAUSCH HEALTH, CANADA INC.",TIAZAC,"DILTIAZEM HYDROCHLORIDE",300MG,100s,"ORAL; ORAL","To be discontinued","CAPSULE (EXTENDED RELEASE)",C08DB,"SELECTIVE CALC.CHANNEL BLOCK. W/DIRECT CARDIAC EFF",,2026-09-30,"Business reasons",2026-06-03,2026-06-03,No
286243,02231155,Discontinuation,TIAZAC,"BAUSCH HEALTH, CANADA INC.",TIAZAC,"DILTIAZEM HYDROCHLORIDE",360MG,100s,"ORAL; ORAL","To be discontinued","CAPSULE (EXTENDED RELEASE)",C08DB,"SELECTIVE CALC.CHANNEL BLOCK. W/DIRECT CARDIAC EFF",,2026-09-30,"Business reasons",2026-06-03,2026-06-03,No
80166,02237701,Discontinuation,TICLOPIDINE,"AA PHARMA INC",Ticlopidine,"TICLOPIDINE HYDROCHLORIDE",250MG,100BTL,ORAL,Discontinued,TABLET,B01AC,"ANTITHROMBOTIC AGENTS",2019-04-01,,"Business reasons",2019-04-01,2019-04-02,No
87218,02409356,Discontinuation,TIGECYCLINE,"APOTEX INC",TIGECYCLINE,TIGECYCLINE,50MG,"5ML VIAL",INTRAVENOUS,"To be discontinued","POWDER FOR SOLUTION",J01AA,TETRACYCLINES,,2020-01-01,"Business reasons",2019-06-21,2019-06-21,No
238366,02461218,Discontinuation,TIVICAY,"VIIV HEALTHCARE ULC","dolutegravir tablets",DOLUTEGRAVIR,10MG,1X30,"ORAL; ORAL",Discontinued,TABLET,J05AJ,,2024-12-31,,"Business reasons",2024-09-23,2025-03-19,No
238372,02461226,Discontinuation,TIVICAY,"VIIV HEALTHCARE ULC","dolutegravir tablets",DOLUTEGRAVIR,25MG,1X30,"ORAL; ORAL",Discontinued,TABLET,J05AJ,,2024-12-31,,"Business reasons",2024-09-23,2025-03-19,No
145015,02443368,Discontinuation,"TOBRAMYCIN INHALATION SOLUTION","SANDOZ CANADA INCORPORATED","TOBRAMYCIN INH",TOBRAMYCIN,300MG,"56 LIIN","INHALATION; INHALATION",Discontinued,SOLUTION,J01GB,"AMINOGLYCOSIDE ANTIBACTERIALS",2021-08-31,,"Business reasons",2021-09-02,2021-09-02,No
152485,02382814,Discontinuation,"TOBRAMYCIN INJECTION, USP","MYLAN PHARMACEUTICALS ULC","Tobramycin injection",TOBRAMYCIN,40MG,"2mL 10 vial, 30mL 1 vial","INTRAVENOUS; INTRAMUSCULAR",Discontinued,SOLUTION,J01GB,"AMINOGLYCOSIDE ANTIBACTERIALS",2022-01-06,,"Business reasons",2022-01-12,2022-01-12,No
191680,02337630,Discontinuation,TOCTINO,"GLAXOSMITHKLINE INC","alitretinoin soft capsule",ALITRETINOIN,10MG,"All pack sizes / Tous les formats","ORAL; ORAL",Discontinued,CAPSULE,D11AH,"OTHER DERMATOLOGICAL PREPARATIONS",2023-06-30,,"Business reasons",2023-05-05,2023-07-01,No
191683,02337649,Discontinuation,TOCTINO,"GLAXOSMITHKLINE INC","alitretinoin soft capsule",ALITRETINOIN,30MG,"All pack sizes / Tous les formats","ORAL; ORAL",Discontinued,CAPSULE,D11AH,"OTHER DERMATOLOGICAL PREPARATIONS",2023-06-30,,"Business reasons",2023-05-05,2023-07-01,No
70206,00312762,Discontinuation,TOLBUTAMIDE,"AA PHARMA INC",TOULBUTAMIDE,TOLBUTAMIDE,500MG,100BTL,ORAL,Discontinued,TABLET,A10BB,"BLOOD GLUCOSE LOWERING DRUGS, EXCL. INSULINS",2020-03-23,2020-05-31,"Business reasons",2018-12-20,2022-01-27,No
105265,02335727,Discontinuation,TOLOXIN,"PENDOPHARM DIVISION OF PHARMASCIENCE INC",TOLOXIN,DIGOXIN,0.250MG,250,ORAL,Discontinued,TABLET,C01AA,"CARDIAC GLYCOSIDES",2018-10-31,,"Business reasons",2020-02-05,2020-02-05,No
281385,02230894,Discontinuation,"TOPAMAX 100MG","JANSSEN INC","Topamax 100mg",TOPIRAMATE,100MG,60ct,"ORAL; ORAL",Discontinued,TABLET,N03AX,ANTIEPILEPTICS,2026-07-24,2026-07-24,"Business reasons",2026-03-25,2026-07-27,No
281388,02230896,Discontinuation,"TOPAMAX 200MG","JANSSEN INC","Topamax 200mg",TOPIRAMATE,200MG,"60 ct","ORAL; ORAL",Discontinued,TABLET,N03AX,ANTIEPILEPTICS,2026-07-24,2026-07-24,"Business reasons",2026-03-25,2026-07-27,No
281393,02230893,Discontinuation,"TOPAMAX 25MG","JANSSEN INC","Topamax 25mg",TOPIRAMATE,25MG,"100 ct","ORAL; ORAL",Discontinued,TABLET,N03AX,ANTIEPILEPTICS,2026-07-24,2026-07-24,"Business reasons",2026-03-25,2026-07-27,No
118170,00749834,Discontinuation,"TOPIDERM HC 2%","PALADIN LABS INC",Hydrocortisone,"HYDROCORTISONE ACETATE",2%,"30gr AND 225gr",TOPICAL,Discontinued,CREAM,D07AA,"CORTICOSTEROIDS, PLAIN",2017-05-10,,"Business reasons",2020-06-17,2020-06-17,No
63474,00569046,Discontinuation,"TRACE ELEMENTS INJECTION USP","PFIZER CANADA INC","4 TRACE ELEMENTS","CHROMIC CHLORIDE; CUPRIC CHLORIDE; ZINC CHLORIDE; MANGANESE CHLORIDE","6.0MCG; 0.42MG; 1.67MG; 0.37MG",25x5mL,INTRAVENOUS,Discontinued,SOLUTION,B05XA,"I.V. SOLUTION ADDITIVES",2019-02-28,,"Business reasons",2018-10-09,2019-03-13,No
112223,02264846,Discontinuation,TRAMACET,"JANSSEN INC",Tramadol,"ACETAMINOPHEN; TRAMADOL HYDROCHLORIDE","325MG; 37.5MG",6x10,"ORAL; ORAL",Discontinued,TABLET,N02AJ,OPIOIDS,2020-09-17,2020-09-17,"Business reasons",2020-04-15,2020-09-18,No
86439,02429969,Discontinuation,"TRAMADOL / ACETAMINOPHEN","SIVEM PHARMACEUTICALS ULC","TRAMADOL / ACETAMINOPHEN","TRAMADOL HYDROCHLORIDE; ACETAMINOPHEN","37.5MG; 325MG",100,ORAL,Discontinued,TABLET,N02AJ,OPIOIDS,2019-08-13,2019-08-23,"Business reasons",2019-06-12,2019-09-18,No
89923,02417502,Discontinuation,TRAMADOL-ACET,"PRO DOC LIMITEE",TRAMADOL-ACET,"TRAMADOL HYDROCHLORIDE; ACETAMINOPHEN","37.5MG; 325MG",100,ORAL,Discontinued,TABLET,N02AJ,OPIOIDS,2019-09-11,,"Business reasons",2019-07-24,2019-09-12,No
111524,02426803,Discontinuation,TRAMADOL/ACET,"SANIS HEALTH INC",TRAMADOL/ACET,"ACETAMINOPHEN; TRAMADOL HYDROCHLORIDE","325MG; 37.5MG",100,"ORAL; ORAL",Discontinued,TABLET,N02AJ,OPIOIDS,2020-07-06,2020-07-03,"Business reasons",2020-04-08,2020-07-07,No
119960,00584223,Discontinuation,"TRANSDERM-NITRO 0.2","NOVARTIS PHARMACEUTICALS CANADA INC","Transderm-Nitro 0.2 Patch",NITROGLYCERIN,0.2MG,30,"TRANSDERMAL; TRANSDERMAL",Discontinued,"PATCH (EXTENDED RELEASE)",C01DA,"VASODILATORS USED IN CARDIAC DISEASES",2020-10-31,2020-10-31,"Business reasons",2020-07-10,2020-12-21,No
119964,00852384,Discontinuation,"TRANSDERM-NITRO 0.4","NOVARTIS PHARMACEUTICALS CANADA INC","Transderm Nitro  0.4",NITROGLYCERIN,0.4MG,30,"TRANSDERMAL; TRANSDERMAL",Discontinued,"PATCH (EXTENDED RELEASE)",C01DA,"VASODILATORS USED IN CARDIAC DISEASES",2020-10-31,2020-10-31,"Business reasons",2020-07-10,2020-12-21,No
138767,02046156,Discontinuation,"TRANSDERM-NITRO 0.6","NOVARTIS PHARMACEUTICALS CANADA INC","TRANSDER-NITRO 0.6 PATCH 30",NITROGLYCERIN,0.6MG,30,"TRANSDERMAL; TRANSDERMAL",Discontinued,"PATCH (EXTENDED RELEASE)",C01DA,"VASODILATORS USED IN CARDIAC DISEASES",2021-09-02,2021-08-31,"Business reasons",2021-05-05,2022-01-17,No
92260,02258560,Discontinuation,"TRI-CYCLEN LO        (-21 DAY)","JANSSEN INC","norgestimate and ethinyl estradiol tablets","ETHINYL ESTRADIOL; ETHINYL ESTRADIOL; ETHINYL ESTRADIOL; NORGESTIMATE; NORGESTIMATE; NORGESTIMATE","0.025MG; 0.025MG; 0.025MG; 0.180MG; 0.215MG; 0.250MG",1X10,ORAL,"To be discontinued",TABLET,G03AB,"HORMONAL CONTRACEPTIVES FOR SYSTEMIC USE",,2020-08-01,"Business reasons",2019-08-22,2020-05-08,No
101820,02258560,Discontinuation,"TRI-CYCLEN LO        (-21 DAY)","JANSSEN INC","norgestimate and ethinyl estradiol tablets","ETHINYL ESTRADIOL; ETHINYL ESTRADIOL; ETHINYL ESTRADIOL; NORGESTIMATE; NORGESTIMATE; NORGESTIMATE","0.025MG; 0.025MG; 0.025MG; 0.180MG; 0.215MG; 0.250MG",1x10,ORAL,"To be discontinued",TABLET,G03AB,"HORMONAL CONTRACEPTIVES FOR SYSTEMIC USE",,2020-06-30,"Business reasons",2019-12-20,2019-12-20,No
92263,02258587,Discontinuation,"TRI-CYCLEN LO        (28 DAY)","JANSSEN INC","comprimés de norgestimate et d’éthinylestradiol","ETHINYL ESTRADIOL; ETHINYL ESTRADIOL; ETHINYL ESTRADIOL; NORGESTIMATE; NORGESTIMATE; NORGESTIMATE","0.025MG; 0.025MG; 0.025MG; 0.180MG; 0.215MG; 0.250MG",1X10,ORAL,"To be discontinued",TABLET,G03AB,"HORMONAL CONTRACEPTIVES FOR SYSTEMIC USE",,2020-09-01,"Business reasons",2019-08-22,2020-05-08,No
92254,02028700,Discontinuation,"TRI-CYCLEN TABLETS - 21-DAY","JANSSEN INC","norgestimate and ethinyl estradiol tablets","ETHINYL ESTRADIOL; ETHINYL ESTRADIOL; ETHINYL ESTRADIOL; NORGESTIMATE; NORGESTIMATE; NORGESTIMATE","0.035MG; 0.035MG; 0.035MG; 0.18MG; 0.215MG; 0.25MG",1X10,ORAL,Discontinued,TABLET,G03AB,"HORMONAL CONTRACEPTIVES FOR SYSTEMIC USE",2020-06-02,2020-04-15,"Business reasons",2019-08-22,2020-06-03,No
92257,02029421,Discontinuation,"TRI-CYCLEN TABLETS - 28-DAY","JANSSEN INC","norgestimate and ethinyl estradiol tablets","ETHINYL ESTRADIOL; ETHINYL ESTRADIOL; ETHINYL ESTRADIOL; NORGESTIMATE; NORGESTIMATE; NORGESTIMATE","0.035MG; 0.035MG; 0.035MG; 0.18MG; 0.215MG; 0.25MG",1X10,ORAL,Discontinued,TABLET,G03AB,"HORMONAL CONTRACEPTIVES FOR SYSTEMIC USE",2020-03-04,2020-03-30,"Business reasons",2019-08-22,2020-03-05,No
70209,00545058,Discontinuation,TRIHEXYPHENIDYL,"AA PHARMA INC",TRIHEXPHENIDYL,"TRIHEXYPHENIDYL HYDROCHLORIDE",2MG,100BTL,ORAL,Reversed,TABLET,N04AA,"ANTICHOLINERGIC AGENTS",,,"Business reasons",2018-12-20,2019-07-22,No
70212,00545074,Discontinuation,TRIHEXYPHENIDYL,"AA PHARMA INC",TRIHEXPHENIDYL,"TRIHEXYPHENIDYL HYDROCHLORIDE",5MG,100BTL,ORAL,Reversed,TABLET,N04AA,"ANTICHOLINERGIC AGENTS",,,"Business reasons",2018-12-20,2019-07-22,No
4528,00740802,Discontinuation,TRIMIPRAMINE,"AA PHARMA INC",TRIMIPRAMINE,TRIMIPRAMINE,25MG,"500 BOTTLE",ORAL,Discontinued,TABLET,N06AA,ANTIDEPRESSANTS,2016-08-18,,"Business reasons",2017-03-29,2017-03-28,No
222652,02470632,Discontinuation,TRISPAN,"MEDEXUS PHARMACEUTICALS INC.","TRIAMCINOLONE HEXACETONIDE INJECTABLE SUSPENSION","TRIAMCINOLONE HEXACETONIDE",20MG,"1 mL ampoule - 10 amoules/pack","INTRASYNOVIAL; PERIARTICULAR; INTRA-ARTICULAR; PERIARTICULAR; INTRASYNOVIAL; INTRA-ARTICULAR",Discontinued,SUSPENSION,H02AB,"CORTICOSTEROIDS FOR SYSTEMIC USE, PLAIN",2024-03-11,2024-03-11,"Raw material availability",2024-03-18,2024-03-18,No
94278,02244757,Discontinuation,TRIZIVIR,"VIIV HEALTHCARE ULC","abacavir (as abacavir sulfate), lamivudine and zidovudine tablets","ZIDOVUDINE; ABACAVIR; LAMIVUDINE","300MG; 300MG; 150MG",60's,ORAL,Discontinued,TABLET,J05AR,"DIRECT ACTING ANTIVIRALS",2019-09-17,,"Business reasons",2019-09-18,2019-09-18,No
250062,02275066,Discontinuation,TROSEC,"SUNOVION PHARMACEUTICALS CANADA INC","trospium chloride coated tablet","TROSPIUM CHLORIDE",20MG,"60 tablets/carton","ORAL; ORAL",Discontinued,TABLET,G04BD,"OTHER UROLOGICALS, INCL ANTISPASMODICS",2025-08-18,2025-08-31,"Business reasons",2025-02-10,2025-08-19,No
267046,02216205,Discontinuation,TRUSOPT,"ELVIUM LIFE SCIENCES","Dorzolamide Hydrochloride Ophthalmic Solution",DORZOLAMIDE,2%,5ml,"OPHTHALMIC; OPHTHALMIC","To be discontinued",SOLUTION,S01EC,"ANTIGLAUCOMA PREPARATIONS AND MIOTICS",,2026-02-28,"Business reasons",2025-09-12,2025-09-12,No
267941,02216205,Discontinuation,TRUSOPT,"ELVIUM LIFE SCIENCES","Dorzolamide Hydrochloride Ophthalmic Solution",DORZOLAMIDE,2%,5ml,"OPHTHALMIC; OPHTHALMIC",Discontinued,SOLUTION,S01EC,"ANTIGLAUCOMA PREPARATIONS AND MIOTICS",2025-12-09,2025-12-12,"Business reasons",2025-09-26,2025-12-10,No
254081,02269090,Discontinuation,"TRUSOPT PRESERVATIVE-FREE","ELVIUM LIFE SCIENCES","Dorzolamide Hydrochloride Ophthalmic Solution",DORZOLAMIDE,2%,60,"OPHTHALMIC; OPHTHALMIC",Discontinued,SOLUTION,S01EC,"ANTIGLAUCOMA PREPARATIONS AND MIOTICS",2024-11-20,2024-11-20,"Business reasons",2025-04-04,2025-04-04,No
283051,00654531,Discontinuation,TRYPTAN,"BAUSCH HEALTH, CANADA INC.",TRYPTAN,TRYPTOPHAN,1G,"100 TB","ORAL; ORAL",Discontinued,TABLET,N06AX,ANTIDEPRESSANTS,2026-05-04,2026-08-31,"Business reasons",2026-04-16,2026-09-10,No
283097,02239327,Discontinuation,TRYPTAN,"BAUSCH HEALTH, CANADA INC.",TRYPTAN,TRYPTOPHAN,750MG,"100 TB","ORAL; ORAL",Discontinued,TABLET,N06AX,ANTIDEPRESSANTS,2026-05-04,2026-08-31,"Business reasons",2026-04-16,2026-09-10,No
19700,01916963,Discontinuation,TUSSIONEX,"SANOFI-AVENTIS CANADA INC","TUSSIONEX 5-10MG TABLETS","HYDROCODONE; PHENYLTOLOXAMINE","5MG; 10MG",100's,ORAL,Discontinued,"TABLET (EXTENDED-RELEASE)",R05DA,"COUGH SUPPRESSANTS EXCL. COMB. WITH EXPECTORANTS",2017-08-03,,"Business reasons",2017-08-17,2017-08-22,No
98368,01916971,Discontinuation,TUSSIONEX,"SANOFI-AVENTIS CANADA INC",Tussionex,"HYDROCODONE; PHENYLTOLOXAMINE","5MG; 10MG",500ml,ORAL,Discontinued,SUSPENSION,R05DA,"COUGH SUPPRESSANTS EXCL. COMB. WITH EXPECTORANTS",2020-02-07,2020-01-14,"Business reasons",2019-11-11,2020-03-24,No
263835,02411423,Discontinuation,TYBOST,"GILEAD SCIENCES CANADA INC",Cobicistat,COBICISTAT,150MG,"30 tablets per bottle (1BTL x 30)",ORAL,Discontinued,TABLET,V03AX,"ALL OTHER THERAPEUTIC PRODUCTS",2025-07-23,,"Business reasons",2025-07-30,2025-07-30,No
112238,02163934,Discontinuation,"TYLENOL WITH CODEINE NO. 2 - TAB","JANSSEN INC","TYLENOL* #2 TABLET 500","ACETAMINOPHEN; CODEINE PHOSPHATE; CAFFEINE","300MG; 15MG; 15MG",500,"ORAL; ORAL",Discontinued,TABLET,N02AJ,OPIOIDS,2020-09-25,2020-09-27,"Business reasons",2020-04-15,2020-09-26,No
112235,02163926,Discontinuation,"TYLENOL WITH CODEINE NO. 3 - TAB","JANSSEN INC","TYLENOL* #3 TABLET 500","ACETAMINOPHEN; CODEINE PHOSPHATE; CAFFEINE","300MG; 30MG; 15MG",500,"ORAL; ORAL",Discontinued,TABLET,N02AJ,OPIOIDS,2020-09-25,2020-09-27,"Business reasons",2020-04-15,2020-09-26,No
112229,02163918,Discontinuation,"TYLENOL WITH CODEINE NO. 4","JANSSEN INC","TYLENOL* NO. 4 TAB 100","ACETAMINOPHEN; CODEINE PHOSPHATE","300MG; 60MG",100,"ORAL; ORAL",Discontinued,TABLET,N02AJ,OPIOIDS,2020-09-21,2020-09-27,"Business reasons",2020-04-15,2020-09-22,No
34324,02242727,Discontinuation,TYPHERIX,"GLAXOSMITHKLINE INC","SALMONELLA TYPHI VI CAPSULAR POLYSACCHARIDE VACCINE",,,"All pack sizes / Tous les formats",,Discontinued,,,,2017-12-21,,"Business reasons",2017-12-22,2017-12-22,No
136117,02130955,Discontinuation,"TYPHIM VI","SANOFI PASTEUR LIMITED","Salmonella typhi Vi Capsular Polysaccharide Vaccine","SALMONELLA TYPHI VI CAPSULAR POLYSACCHARIDE VACCINE",25MCG,"10 mL multidose vial (20 Doses)","INTRAMUSCULAR; INTRAMUSCULAR",Discontinued,SOLUTION,J07AP,"BACTERIAL VACCINES",2021-04-01,2021-04-01,"Business reasons",2021-03-23,2021-04-02,No
144266,02357380,Discontinuation,ULORIC,"TAKEDA CANADA INC","ULORIC 80 mg Tablets",FEBUXOSTAT,80MG,"Bottle of 30's","ORAL; ORAL",Discontinued,TABLET,M04AA,"ANTIGOUT PREPARATIONS",2021-12-31,2021-12-31,"Business reasons",2021-08-17,2022-01-04,No
264440,02491559,Discontinuation,ULTOMIRIS,"ALEXION PHARMA GMBH","Ravulizumab for injection",RAVULIZUMAB,10MG,"30 mL",INTRAVENOUS,Discontinued,SOLUTION,L04AJ,,2025-08-27,2025-08-31,"Business reasons",2025-08-06,2025-09-10,No
112226,02349469,Discontinuation,ULTRAM,"JANSSEN INC","ULTRAM* 50mg Tablets 100's","TRAMADOL HYDROCHLORIDE",50MG,100,"ORAL; ORAL",Discontinued,TABLET,N02AX,OPIOIDS,2020-09-25,2020-09-25,"Business reasons",2020-04-15,2020-09-26,No
81959,02078597,Discontinuation,"ULTRAVIST 240","BAYER INC",Iopromide,IOPROMIDE,50%,"50 & 200ML",INTRAVASCULAR,Discontinued,SOLUTION,V08AB,"X-RAY CONTRAST MEDIA, IODINATED",2019-04-16,2019-04-16,"Business reasons",2019-04-17,2019-04-17,No
133063,02014165,Discontinuation,UNIPHYL,"ELVIUM LIFE SCIENCES",Uniphyl,THEOPHYLLINE,400MG,50,"ORAL; ORAL","To be discontinued","TABLET (EXTENDED-RELEASE)",R03DA,"OTHER SYSTEMIC DRUGS FOR OBSTRUCTIVE AIRWAY DISEASES",,2021-02-08,"Business reasons",2021-02-01,2021-02-01,No
56591,02373300,Discontinuation,"UNISOM SLEEP GELS","PALADIN LABS INC",UNISOM,"DIPHENHYDRAMINE HYDROCHLORIDE",25MG,20,ORAL,Discontinued,CAPSULE,R06AA,"ANTIHISTAMINES FOR SYSTEMIC USE",2018-07-23,,"Business reasons",2018-07-26,2018-07-26,No
50292,00039373,Discontinuation,"UROLOGIC G FOR IRRIGATION","ICU MEDICAL CANADA INC","Urologic G for Irrigation","CITRIC ACID; SODIUM CARBONATE; MAGNESIUM OXIDE","32.4MG; 4.3MG; 3.8MG",1000ml,IRRIGATION,Discontinued,SOLUTION,B05CB,"IRRIGATING SOLUTIONS",2018-05-31,2018-05-31,"Manufacturing issues",2018-05-25,2018-06-01,No
177861,02238984,Discontinuation,URSO,"APTALIS PHARMA CANADA ULC","Urso ( ursodiol) tablets",URSODIOL,250MG,100s,"ORAL; ORAL",Discontinued,TABLET,A05AA,"BILE THERAPY",2022-12-07,2022-12-07,"Business reasons",2022-12-10,2023-01-06,No
177864,02245894,Discontinuation,"URSO DS","APTALIS PHARMA CANADA ULC","Urso ( ursodiol) tablets",URSODIOL,500MG,100s,"ORAL; ORAL",Discontinued,TABLET,A05AA,"BILE THERAPY",2023-06-20,,"Business reasons",2022-12-10,2024-07-11,No
32658,02442019,Discontinuation,VALACYCLOVIR,"SIVEM PHARMACEUTICALS ULC",VALACYCLOVIR,VALACYCLOVIR,1000MG,21,ORAL,Discontinued,TABLET,J05AB,"DIRECT ACTING ANTIVIRALS",2017-12-11,,"Business reasons",2017-12-12,2017-12-12,No
70673,02384566,Discontinuation,VALSARTAN,"SIVEM PHARMACEUTICALS ULC",VALSARTAN,VALSARTAN,320MG,30,ORAL,Discontinued,TABLET,C09CA,"ANGIOTENSIN II ANTAGONISTS, PLAIN",2018-12-28,2018-12-28,"Business reasons",2018-12-28,2018-12-29,No
145415,02384523,Discontinuation,VALSARTAN,"SIVEM PHARMACEUTICALS ULC",Valsartan,VALSARTAN,40MG,30,ORAL,Discontinued,TABLET,C09CA,"ANGIOTENSIN II ANTAGONISTS, PLAIN",2021-08-16,,"Business reasons",2021-09-09,2021-09-09,No
94211,02384779,Discontinuation,"VALSARTAN HCT","SIVEM PHARMACEUTICALS ULC","VALSARTAN HCT","HYDROCHLOROTHIAZIDE; VALSARTAN","25MG; 320MG",30,ORAL,Discontinued,TABLET,C09DA,"ANGIOTENSIN II ANTAGONISTS, COMBINATIONS",2020-01-07,2019-12-01,"Business reasons",2019-09-18,2020-01-09,No
51668,02407914,Discontinuation,"VANCOMYCIN HYDROCHLORIDE FOR INJECTION, USP","MYLAN PHARMACEUTICALS ULC",VANCOMYCIN,VANCOMYCIN,500MG,"500 MG",INTRAVENOUS,Discontinued,"POWDER FOR SOLUTION",J01XA,"OTHER ANTIBACTERIALS",2018-06-07,2018-07-03,"Business reasons",2018-06-06,2018-06-08,No
51671,02407922,Discontinuation,"VANCOMYCIN HYDROCHLORIDE FOR INJECTION, USP","MYLAN PHARMACEUTICALS ULC",VANCOMYCIN,VANCOMYCIN,1G,"1 G",INTRAVENOUS,Discontinued,"POWDER FOR SOLUTION",J01XA,"OTHER ANTIBACTERIALS",2018-06-07,2018-07-03,"Business reasons",2018-06-06,2018-06-08,No
51674,02407930,Discontinuation,"VANCOMYCIN HYDROCHLORIDE FOR INJECTION, USP","MYLAN PHARMACEUTICALS ULC",VANCOMYCIN,VANCOMYCIN,5G,"5 G",INTRAVENOUS,Discontinued,"POWDER FOR SOLUTION",J01XA,"OTHER ANTIBACTERIALS",2018-06-07,2018-07-03,"Business reasons",2018-06-06,2018-06-08,No
140591,02230191,Discontinuation,"VANCOMYCIN HYDROCHLORIDE FOR INJECTION, USP","PFIZER CANADA ULC","Vancomycin Hydrochloride For Injection, USP",VANCOMYCIN,500MG,"10 x 10mL","INTRAVENOUS; INTRAVENOUS",Discontinued,"POWDER FOR SOLUTION",J01XA,"OTHER ANTIBACTERIALS",2021-06-08,,"Business reasons",2021-06-09,2021-06-09,No
140595,02230192,Discontinuation,"VANCOMYCIN HYDROCHLORIDE FOR INJECTION, USP","PFIZER CANADA ULC","Vancomycin Hydrochloride For Injection, USP",VANCOMYCIN,1G,"10 x 20mL","INTRAVENOUS; INTRAVENOUS",Discontinued,"POWDER FOR SOLUTION",J01XA,"OTHER ANTIBACTERIALS",2021-06-08,,"Business reasons",2021-06-09,2021-06-09,No
141250,02378345,Discontinuation,"VANCOMYCIN HYDROCHLORIDE FOR INJECTION, USP","PFIZER CANADA ULC","Vancomycin Hydrochloride For Injection, USP",VANCOMYCIN,10G,"1 x 10g vial","INTRAVENOUS; INTRAVENOUS",Discontinued,"POWDER FOR SOLUTION; POWDER FOR SOLUTION",J01XA,"OTHER ANTIBACTERIALS",2021-06-18,,"Business reasons",2021-06-18,2021-06-19,No
285667,02394626,Discontinuation,"VANCOMYCIN HYDROCHLORIDE FOR INJECTION, USP","SANDOZ CANADA INCORPORATED","VANCOMYCIN HYDROCHLORIDE FOR INJECTION, USP",VANCOMYCIN,500MG,10LYVI,"INTRAVENOUS; INTRAVENOUS",Discontinued,"POWDER FOR SOLUTION",J01XA,"OTHER ANTIBACTERIALS",2026-05-20,,"Business reasons",2026-05-21,2026-05-21,No
287176,02394642,Discontinuation,"VANCOMYCIN HYDROCHLORIDE FOR INJECTION, USP","SANDOZ CANADA INCORPORATED","VANCOMYCIN HYDROCHLORIDE FOR INJECTION, USP",VANCOMYCIN,5G,1LYVI,"INTRAVENOUS; INTRAVENOUS",Discontinued,"POWDER FOR SOLUTION",J01XA,"OTHER ANTIBACTERIALS",2026-06-15,,"Business reasons",2026-06-15,2026-06-22,No
291021,02394634,Discontinuation,"VANCOMYCIN HYDROCHLORIDE FOR INJECTION, USP","SANDOZ CANADA INCORPORATED","VANCOMYCIN HYDROCHLORIDE FOR INJECTION, USP",VANCOMYCIN,1G,10LYVI,"INTRAVENOUS; INTRAVENOUS",Discontinued,"POWDER FOR SOLUTION",J01XA,"OTHER ANTIBACTERIALS",2026-08-10,,"Business reasons",2026-08-10,2026-09-10,No
107242,02278383,Discontinuation,VANTAS,"PALADIN LABS INC","HISTRELIN ACETATE",,,"1 Vial",,Discontinued,,,,2017-04-07,,"Manufacturing issues",2020-02-26,2020-02-26,No
213046,02510847,Discontinuation,VAXZEVRIA,"ASTRAZENECA CANADA INC",CHADOX1-S,,50000000000VP,"10 multidose vials",INTRAMUSCULAR,Discontinued,SOLUTION,J07BN,,2021-12-15,,"Business reasons",2023-12-12,2023-12-12,No
130633,02213419,Discontinuation,"VENTOLIN NEBULES P.F. - 2.5MG/2.5ML","GLAXOSMITHKLINE INC","salbutamol sulfate solution",SALBUTAMOL,2.5MG,"All pack sizes / Tous les formats","INHALATION; INHALATION",Discontinued,SOLUTION,R03AC,"ADRENERGICS, INHALANTS",2022-06-17,,"Business reasons",2020-12-23,2022-06-24,No
130636,02213427,Discontinuation,"VENTOLIN NEBULES P.F. - 5MG/2.5ML","GLAXOSMITHKLINE INC","salbutamol sulfate solution",SALBUTAMOL,5MG,"All pack sizes / Tous les formats","INHALATION; INHALATION",Discontinued,SOLUTION,R03AC,"ADRENERGICS, INHALANTS",2022-06-29,,"Business reasons",2020-12-23,2022-06-30,No
274465,02277263,Discontinuation,VESICARE,"ASTELLAS PHARMA CANADA INC",Vesicare,"SOLIFENACIN SUCCINATE",5MG,"1 bottle, 30 Tablets","ORAL; ORAL",Discontinued,TABLET,G04BD,"OTHER UROLOGICALS, INCL ANTISPASMODICS",2025-12-17,2025-12-17,"Business reasons",2025-12-17,2025-12-18,No
274468,02277271,Discontinuation,VESICARE,"ASTELLAS PHARMA CANADA INC",Vesicare,"SOLIFENACIN SUCCINATE",10MG,"30 Tablets","ORAL; ORAL",Discontinued,TABLET,G04BD,"OTHER UROLOGICALS, INCL ANTISPASMODICS",2025-12-17,2025-12-17,"Business reasons",2025-12-17,2025-12-18,No
279409,00717002,Discontinuation,"VIADERM KC CRM","TARO PHARMACEUTICALS INC",VIADERM,"TRIAMCINOLONE ACETONIDE; GRAMICIDIN; NYSTATIN; NEOMYCIN","1MG; 0.25MG; 100000UNIT; 2.5MG",454G,"TOPICAL; TOPICAL",Discontinued,CREAM,D07CB,"CORTICOSTEROIDS, COMB WITH ANTIBIOTICS",2026-02-20,,"Business reasons",2026-03-02,2026-03-02,No
91315,00717029,Discontinuation,"VIADERM KC ONT","TARO PHARMACEUTICALS INC","VIADERM KC ONT","TRIAMCINOLONE ACETONIDE; NYSTATIN; GRAMICIDIN; NEOMYCIN","1MG; 100000UNIT; 0.25MG; 2.5MG","15 g",TOPICAL,Discontinued,OINTMENT,D07CB,"CORTICOSTEROIDS, COMB WITH ANTIBIOTICS",2019-08-09,,"Business reasons",2019-08-09,2019-08-10,No
157156,02460890,Discontinuation,VIBERZI,"ALLERGAN INC","Viberzi (Eluxadoline Tablets)",ELUXADOLINE,75MG,60s,"ORAL; ORAL",Reversed,TABLET,A07DA,,,,"Business reasons",2022-03-23,2022-06-29,No
157159,02460904,Discontinuation,VIBERZI,"ALLERGAN INC","Viberzi (Eluxadoline Tablets)",ELUXADOLINE,100MG,60s,"ORAL; ORAL",Reversed,TABLET,A07DA,,,,"Business reasons",2022-03-23,2022-06-22,No
240246,02351064,Discontinuation,VICTOZA,"NOVO NORDISK CANADA INC",VICTOZA,LIRAGLUTIDE,6MG,"2 and 3","SUBCUTANEOUS; SUBCUTANEOUS","To be discontinued",SOLUTION,A10BJ,"BLOOD GLUCOSE LOWERING DRUGS, EXCL. INSULINS",,2027-01-01,"Business reasons",2024-10-15,2025-10-06,No
55440,02244596,Discontinuation,"VIDEX EC","BRISTOL-MYERS SQUIBB CANADA",Didanosine,DIDANOSINE,125MG,"1 BTL x 30",ORAL,Discontinued,"CAPSULE (ENTERIC-COATED)",J05AF,"DIRECT ACTING ANTIVIRALS",2020-03-31,2020-03-31,"Business reasons",2018-07-11,2020-04-01,No
55443,02244597,Discontinuation,"VIDEX EC","BRISTOL-MYERS SQUIBB CANADA",DIDANOSINE,DIDANOSINE,200MG,"1 BTL x 30",ORAL,Discontinued,"CAPSULE (ENTERIC-COATED)",J05AF,"DIRECT ACTING ANTIVIRALS",2020-03-31,2020-03-31,"Business reasons",2018-07-11,2020-04-01,No
55446,02244598,Discontinuation,"VIDEX EC","BRISTOL-MYERS SQUIBB CANADA",DIDANOSINE,DIDANOSINE,250MG,"1 BTL x 30",ORAL,Discontinued,"CAPSULE (ENTERIC-COATED)",J05AF,"DIRECT ACTING ANTIVIRALS",2020-03-31,2020-03-31,"Business reasons",2018-07-11,2020-04-01,No
55449,02244599,Discontinuation,"VIDEX EC","BRISTOL-MYERS SQUIBB CANADA",DIDANOSINE,DIDANOSINE,400MG,"1 BTL x 30",ORAL,Discontinued,"CAPSULE (ENTERIC-COATED)",J05AF,"DIRECT ACTING ANTIVIRALS",2020-03-31,2020-03-31,"Business reasons",2018-07-11,2020-04-01,No
58096,02257777,Discontinuation,"VINORELBINE TARTRATE FOR INJECTION","PFIZER CANADA INC",VINORELBINE,VINORELBINE,10MG,1X1mL,INTRAVENOUS,Discontinued,SOLUTION,L01CA,"PLANT ALKALOIDS AND OTHER NATURAL PRODUCTS",2018-08-14,,"Raw material availability",2018-08-14,2018-08-15,No
58099,02257777,Discontinuation,"VINORELBINE TARTRATE FOR INJECTION","PFIZER CANADA INC",VINORELBINE,VINORELBINE,10MG,1x5mL,INTRAVENOUS,Discontinued,SOLUTION,L01CA,"PLANT ALKALOIDS AND OTHER NATURAL PRODUCTS",2018-08-14,,"Raw material availability",2018-08-14,2018-08-15,No
94980,02271214,Discontinuation,"VINORELBINE TARTRATE FOR INJECTION","TEVA CANADA LIMITED","VINORELBINE TARTRATE INJ 10MG/ML (5ML)",VINORELBINE,10MG,"1 x 5ml",INTRAVENOUS,Discontinued,SOLUTION,L01CA,"PLANT ALKALOIDS AND OTHER NATURAL PRODUCTS",2019-09-30,2019-09-30,"Business reasons",2019-09-27,2019-10-01,No
96695,02271214,Discontinuation,"VINORELBINE TARTRATE FOR INJECTION","TEVA CANADA LIMITED","VINORELBINE TARTRATE INJ",VINORELBINE,10MG,5ML,INTRAVENOUS,Discontinued,SOLUTION,L01CA,"PLANT ALKALOIDS AND OTHER NATURAL PRODUCTS",2019-09-30,2019-12-31,"Business reasons",2019-10-17,2019-10-17,No
145167,02248761,Discontinuation,VIRACEPT,"PFIZER CANADA ULC",VIRACEPT,NELFINAVIR,625MG,"120 BOTTLE COUNT","ORAL; ORAL",Discontinued,"TABLET; TABLET",J05AE,"DIRECT ACTING ANTIVIRALS",2021-10-28,2021-10-31,"Business reasons",2021-09-03,2021-10-29,No
145163,02238617,Discontinuation,"VIRACEPT -250MG","PFIZER CANADA ULC",VIRACEPT,NELFINAVIR,250MG,"300 BOTTLE COUNT","ORAL; ORAL",Discontinued,TABLET,J05AE,"DIRECT ACTING ANTIVIRALS",2022-05-25,2022-05-31,"Business reasons",2021-09-03,2022-05-30,No
78266,02238748,Discontinuation,VIRAMUNE,"BOEHRINGER INGELHEIM (CANADA) LTD LTEE","Viramune 200MG",NEVIRAPINE,200MG,60's,ORAL,Discontinued,TABLET,J05AG,"DIRECT ACTING ANTIVIRALS",2019-05-24,2019-09-15,"Business reasons",2019-03-11,2019-05-26,No
92063,02367289,Discontinuation,"VIRAMUNE XR","BOEHRINGER INGELHEIM (CANADA) LTD LTEE","Viramune XR",NEVIRAPINE,400MG,30's,ORAL,Discontinued,"TABLET (EXTENDED-RELEASE)",J05AG,"DIRECT ACTING ANTIVIRALS",2019-08-20,,"Business reasons",2019-08-21,2019-08-21,No
272123,02170140,Discontinuation,VIRAZOLE,"BAUSCH HEALTH, CANADA INC.",VIRAZOLE,RIBAVIRIN,6G,"4 X 6g VIALS","INHALATION; INHALATION",Discontinued,"POWDER FOR SOLUTION; AEROSOL",J05AP,,2026-06-17,2026-06-30,"Business reasons",2025-11-18,2026-09-10,No
153568,00687456,Discontinuation,VIROPTIC,"BAUSCH HEALTH, CANADA INC.",VIROPTIC,TRIFLURIDINE,1%,n/a,OPHTHALMIC,Discontinued,SOLUTION,S01AD,ANTIINFECTIVES,2021-12-31,,"Manufacturing issues",2022-01-26,2022-01-26,No
217835,01926462,Discontinuation,"VITAMIN A ACID","BAUSCH HEALTH, CANADA INC.","VITAMIN A ACID",TRETINOIN,0.01%,25g,"TOPICAL; TOPICAL",Discontinued,GEL,D10AD,"ANTI-ACNE PREPARATIONS FOR TOPICAL USE",2024-05-22,2024-11-28,"Business reasons",2024-01-30,2024-05-23,No
217843,01926489,Discontinuation,"VITAMIN A ACID","BAUSCH HEALTH, CANADA INC.","VITAMIN A ACID",TRETINOIN,0.05%,25g,"TOPICAL; TOPICAL",Discontinued,GEL,D10AD,"ANTI-ACNE PREPARATIONS FOR TOPICAL USE",2024-02-07,2024-04-25,"Business reasons",2024-01-30,2024-02-08,No
217848,01926470,Discontinuation,"VITAMIN A ACID","BAUSCH HEALTH, CANADA INC.","VITAMIN A ACID",TRETINOIN,0.025%,25g,"TOPICAL; TOPICAL",Discontinued,GEL,D10AD,"ANTI-ACNE PREPARATIONS FOR TOPICAL USE",2024-02-07,2024-02-07,"Business reasons",2024-01-30,2024-02-08,No
12133,02241500,Discontinuation,"VITAMIN B12","SANDOZ CANADA INCORPORATED",CYANOCOBALAMIN,"VITAMIN B12",100MCG,"10 X 1ML AMPOULES","INTRAMUSCULAR; SUBCUTANEOUS",Discontinued,LIQUID,B03BA,"VITAMIN B12 AND FOLIC ACID",2017-06-30,,"Business reasons",2017-06-06,2017-07-01,No
161652,02248361,Discontinuation,VIVAXIM,"SANOFI PASTEUR LIMITED","Combined Purified Vi Polysaccharide Typhoid and Inactivated Hepatitis A Vaccine","HEPATITIS A VACCINE, INACTIVATED; SALMONELLA TYPHI VI CAPSULAR POLYSACCHARIDE VACCINE","160UNIT; 25MCG","1 x 1.0 mL (single dose) dual chamber syringe","INTRAMUSCULAR; INTRAMUSCULAR",Discontinued,"SUSPENSION; SOLUTION; SUSPENSION; SOLUTION",J07CA,"BACTERIAL AND VIRAL VACCINES, COMBINED",2022-05-31,,"Business reasons",2022-06-01,2022-06-01,No
180950,02486024,Discontinuation,VIZIMPRO,"PFIZER CANADA ULC",VIZIMPRO,DACOMITINIB,15MG,30's,"ORAL; ORAL",Discontinued,TABLET,L01EB,,2023-01-13,,"Business reasons",2023-01-13,2023-01-14,No
180953,02486032,Discontinuation,VIZIMPRO,"PFIZER CANADA ULC",VIZIMPRO,DACOMITINIB,30MG,30's,"ORAL; ORAL",Discontinued,TABLET,L01XE,,2023-01-13,,"Business reasons",2023-01-13,2023-01-14,No
180956,02486040,Discontinuation,VIZIMPRO,"PFIZER CANADA ULC",VIZIMPRO,DACOMITINIB,45MG,30's,"ORAL; ORAL",Discontinued,TABLET,L01EB,,2023-01-13,,"Business reasons",2023-01-13,2023-01-14,No
102699,00514012,Discontinuation,VOLTAREN,"NOVARTIS PHARMACEUTICALS CANADA INC","VOLTAREN 50MG TABS 100'S","DICLOFENAC SODIUM",50MG,100'S,ORAL,Discontinued,"TABLET (DELAYED-RELEASE)",M01AB,"ANTIINFLAMMATORY/ANTIRHEUMATIC PROD.,NON-STEROIDS",2020-03-09,2020-02-28,"Business reasons",2020-01-08,2020-03-10,No
93561,01940414,Discontinuation,"VOLTAREN OPHTHA","NOVARTIS PHARMACEUTICALS CANADA INC","VOLTAREN OPH 0.1% SOLN 2X5ML","DICLOFENAC SODIUM",0.1%,"2 X 5 ML",OPHTHALMIC,Discontinued,SOLUTION,S01BC,"ANTIINFLAMMATORY AGENTS",2019-11-06,2019-10-31,"Business reasons",2019-09-11,2019-11-07,No
271635,01940414,Discontinuation,"VOLTAREN OPHTHA","NOVARTIS PHARMACEUTICALS CANADA INC","VOLTAREN OPH. 0.1% SOLN. 5ML","DICLOFENAC SODIUM",0.1%,5ML,"OPHTHALMIC; OPHTHALMIC",Discontinued,SOLUTION,S01BC,"ANTIINFLAMMATORY AGENTS",2025-11-07,2025-11-30,"Business reasons",2025-11-12,2025-11-12,No
80298,00590827,Discontinuation,"VOLTAREN SR","NOVARTIS PHARMACEUTICALS CANADA INC","VOLTAREN SR 100MG TAB 100'S","DICLOFENAC SODIUM",100MG,100'S,ORAL,Discontinued,"TABLET (EXTENDED-RELEASE)",M01AB,"ANTIINFLAMMATORY/ANTIRHEUMATIC PROD.,NON-STEROIDS",2019-09-10,2019-09-10,"Business reasons",2019-04-02,2019-09-11,No
89039,00782459,Discontinuation,"VOLTAREN SR","NOVARTIS PHARMACEUTICALS CANADA INC","VOLTAREN SR 75MG TABS 100'S","DICLOFENAC SODIUM",75MG,100'S,ORAL,Discontinued,"TABLET (EXTENDED-RELEASE)",M01AB,"ANTIINFLAMMATORY/ANTIRHEUMATIC PROD.,NON-STEROIDS",2019-09-05,2019-09-16,"Business reasons",2019-07-10,2019-09-06,No
8504,00632732,Discontinuation,"VOLTAREN SUP 100MG","NOVARTIS PHARMACEUTICALS CANADA INC","VOLTAREN 100MG SUPPOSITORY (5X6)","DICLOFENAC SODIUM",100MG,"5 X 6",RECTAL,Discontinued,SUPPOSITORY,M01AB,"ANTIINFLAMMATORY/ANTIRHEUMATIC PROD.,NON-STEROIDS",2017-07-25,2017-06-01,"Business reasons",2017-05-01,2017-11-02,No
1647,00588989,Discontinuation,VUMON,"BRISTOL-MYERS SQUIBB CANADA",Teniposide,TENIPOSIDE,10MG,"10amp x 5 ml","IM or SC",Discontinued,Liquid,L01CB,"PLANT ALKALOIDS AND OTHER NATURAL PRODUCTS",2018-05-31,,"Business reasons",2017-03-13,2018-06-01,No
68808,02441535,Discontinuation,XARELTO,"BAYER INC",rivaroxaban,"RIVAROXABAN; RIVAROXABAN","15MG; 20MG",49,ORAL,Discontinued,"TABLET; KIT",B01AF,"ANTITHROMBOTIC AGENTS",2018-12-01,2018-12-01,"Business reasons",2018-12-05,2018-12-05,No
176355,02238453,Discontinuation,XELODA,"CHEPLAPHARM ARZNEIMITTEL GMBH","capecitabine tablets",CAPECITABINE,150MG,"60 tablets","ORAL; ORAL",Discontinued,TABLET,L01BC,ANTIMETABOLITES,2022-11-30,,"Business reasons",2022-11-30,2022-12-01,No
176359,02238454,Discontinuation,XELODA,"CHEPLAPHARM ARZNEIMITTEL GMBH","capecitabine tablets",CAPECITABINE,500MG,"120 tablets","ORAL; ORAL",Discontinued,TABLET,L01BC,ANTIMETABOLITES,2022-11-30,,"Business reasons",2022-11-30,2022-12-01,No
118623,02388316,Discontinuation,XIAFLEX,"ENDO VENTURES LTD","COLLAGENASE CLOSTRIDIUM HISTOLYTICUM","COLLAGENASE CLOSTRIDIUM HISTOLYTICUM",0.9MG,"1 Vial","INTRALESIONAL; INTRALESIONAL",Discontinued,"POWDER FOR SOLUTION",M09AB,"OTHER DRUGS FOR DISORD. OF THE MUSCULO-SKELET.SYST",2020-06-15,2020-06-15,"Business reasons",2020-06-22,2020-06-22,No
240243,02474875,Discontinuation,XULTOPHY,"NOVO NORDISK CANADA INC",XULTOPHY,"LIRAGLUTIDE; INSULIN DEGLUDEC","3.6MG; 100UNIT",5,"SUBCUTANEOUS; SUBCUTANEOUS",Discontinued,SOLUTION,A10AE,,2025-12-31,2025-12-31,"Business reasons",2024-10-15,2026-01-14,No
68410,00885533,Discontinuation,"YOHIMBINE HYDROCHLORIDE TAB 2MG","ODAN LABORATORIES LTD","Yohimbine Hydrochloride Tablets","YOHIMBINE HYDROCHLORIDE",2MG,100,ORAL,"To be discontinued",TABLET,G04BE,"OTHER UROLOGICALS, INCL ANTISPASMODICS",,2019-12-01,"Business reasons",2018-12-03,2018-12-03,No
142803,01901885,Discontinuation,"YOHIMBINE TAB 5.4MG","ODAN LABORATORIES LTD","Yohimbine Hydrochloride Tablets","YOHIMBINE HYDROCHLORIDE",5.4MG,100,"ORAL; ORAL",Discontinued,TABLET,G04BE,"OTHER UROLOGICALS, INCL ANTISPASMODICS",2021-07-20,,"Raw material availability",2021-07-20,2021-07-21,No
106736,01985604,Discontinuation,"YOHIMBINE-ODAN 6MG","ODAN LABORATORIES LTD","Yohimbine Hydrochloride Tablets","YOHIMBINE HYDROCHLORIDE",6MG,100,ORAL,Discontinued,TABLET,G04BE,"OTHER UROLOGICALS, INCL ANTISPASMODICS",2020-02-19,,"Business reasons",2020-02-19,2020-02-20,No
121387,02421070,Discontinuation,ZALTRAP,"SANOFI-AVENTIS CANADA INC","Aflibercept solution",AFLIBERCEPT,100MG,"4mL vial",INTRAVENOUS,Discontinued,SOLUTION,L01XX,"OTHER ANTINEOPLASTIC AGENTS",2020-07-13,,"Business reasons",2020-07-30,2020-07-30,No
121390,02421089,Discontinuation,ZALTRAP,"SANOFI-AVENTIS CANADA INC","AFLIBERCEPT solution",AFLIBERCEPT,200MG,"8mL vial",INTRAVENOUS,Discontinued,SOLUTION,L01XX,"OTHER ANTINEOPLASTIC AGENTS",2020-07-13,,"Business reasons",2020-07-30,2020-07-30,No
107237,00622141,Discontinuation,"ZANOSAR STERILE POWDER","PALADIN LABS INC",STREPTOZOCIN,,,"1 Vial",,Discontinued,,,,2017-12-19,2017-12-19,"Manufacturing issues",2020-02-26,2020-02-27,No
22611,02212331,Discontinuation,ZANTAC,"GLAXOSMITHKLINE INC","Ranitidine tablets",RANITIDINE,150MG,"All pack sizes / Tous les formats",ORAL,Discontinued,TABLET,A02BA,"DRUGS FOR PEPTIC ULCER AND GASTROESOPHAGEAL REFLUX DISEASE (GERD)",2017-09-14,,"Business reasons",2017-09-19,2017-09-19,No
22614,02212358,Discontinuation,ZANTAC,"GLAXOSMITHKLINE INC","Ranitidine tablets",RANITIDINE,300MG,"All pack sizes / Tous les formats",ORAL,Discontinued,TABLET,A02BA,"DRUGS FOR PEPTIC ULCER AND GASTROESOPHAGEAL REFLUX DISEASE (GERD)",2017-09-14,,"Business reasons",2017-09-19,2017-09-19,No
22617,02212366,Discontinuation,ZANTAC,"GLAXOSMITHKLINE INC","Ranitidine injection",RANITIDINE,25MG,"All pack sizes / Tous les formats","INTRAMUSCULAR; INTRAVENOUS",Discontinued,SOLUTION,A02BA,"DRUGS FOR PEPTIC ULCER AND GASTROESOPHAGEAL REFLUX DISEASE (GERD)",2018-08-31,,"Business reasons",2017-09-19,2018-09-24,No
284118,00888400,Discontinuation,ZAROXOLYN,"SANOFI-AVENTIS CANADA INC",Metolazone,METOLAZONE,2.5MG,100,"ORAL; ORAL",Reversed,TABLET,C03BA,"LOW-CEILING DIURETICS, EXCL THIAZIDES",,,"Other (Please describe in comments)",2026-04-30,2026-06-01,No
38344,02108208,Discontinuation,ZEMURON,"MERCK CANADA INC","rocuronium bromide Solution for Injection","ROCURONIUM BROMIDE",10MG,"10 X 5 ML VIALs",INTRAVENOUS,Discontinued,SOLUTION,M03AC,"MUSCLE RELAXANTS, PERIPHERALLY ACTING AGENTS",2018-02-05,2018-06-29,"Business reasons",2018-02-02,2018-02-06,No
262159,02361752,Discontinuation,ZENHALE,"ORGANON CANADA INC.","mometasone furoate & formoterol fumarate dihydrate inhalation aerosol","FORMOTEROL FUMARATE DIHYDRATE; MOMETASONE FUROATE","5MCG; 100MCG","60 dose","INHALATION; INHALATION",Discontinued,"AEROSOL, METERED DOSE",R03AK,"ADRENERGICS, INHALANTS",2025-08-26,2025-09-12,"Business reasons",2025-07-07,2025-08-28,No
262162,02361760,Discontinuation,ZENHALE,"ORGANON CANADA INC.","mometasone furoate & formoterol fumarate dihydrate inhalation aerosol","MOMETASONE FUROATE; FORMOTEROL FUMARATE DIHYDRATE","200MCG; 5MCG","60 dose","INHALATION; INHALATION",Discontinued,"AEROSOL, METERED DOSE",R03AK,"ADRENERGICS, INHALANTS",2026-02-17,2026-02-27,"Business reasons",2025-07-07,2026-09-10,No
158741,02451131,Discontinuation,ZEPATIER,"MERCK CANADA INC","Elbasvir / Grazoprevir","GRAZOPREVIR; ELBASVIR","100MG; 50MG",28TAB,"ORAL; ORAL",Discontinued,TABLET,J05AP,,2022-08-16,2022-08-31,"Business reasons",2022-04-13,2022-08-17,No
55453,02216086,Discontinuation,"ZERIT - CAP 15MG","BRISTOL-MYERS SQUIBB CANADA",STAVUDINE,STAVUDINE,15MG,"1 BTL x 60",ORAL,Discontinued,CAPSULE,J05AF,"DIRECT ACTING ANTIVIRALS",2020-03-31,2020-03-31,"Business reasons",2018-07-11,2020-04-01,No
55456,02216094,Discontinuation,"ZERIT - CAP 20MG","BRISTOL-MYERS SQUIBB CANADA",STAVUDINE,STAVUDINE,20MG,"1 BTL x 60",ORAL,Discontinued,CAPSULE,J05AF,"DIRECT ACTING ANTIVIRALS",2020-03-31,2020-03-31,"Business reasons",2018-07-11,2020-04-01,No
55459,02216108,Discontinuation,"ZERIT - CAP 30MG","BRISTOL-MYERS SQUIBB CANADA",STAVUDINE,STAVUDINE,30MG,"1 BTL x 60",ORAL,Discontinued,CAPSULE,J05AF,"DIRECT ACTING ANTIVIRALS",2020-03-31,2020-03-31,"Business reasons",2018-07-11,2020-04-01,No
55462,02216116,Discontinuation,"ZERIT - CAP 40MG","BRISTOL-MYERS SQUIBB CANADA",STAVUDINE,STAVUDINE,40MG,"1 BTL x 60",ORAL,Discontinued,CAPSULE,J05AF,"DIRECT ACTING ANTIVIRALS",2020-03-31,2020-03-31,"Business reasons",2018-07-11,2020-04-01,No
197544,02240357,Discontinuation,ZIAGEN,"VIIV HEALTHCARE ULC","abacavir tablets",ABACAVIR,300MG,"All pack sizes / Tous les formats","ORAL; ORAL",Discontinued,TABLET,J05AF,"DIRECT ACTING ANTIVIRALS",2024-01-31,,"Business reasons",2023-07-05,2024-02-02,No
42342,02459620,Discontinuation,ZINBRYTA,"BIOGEN CANADA INC","daclizumab beta","DACLIZUMAB BETA",150MG,"One prefilled syringe for injection",SUBCUTANEOUS,"To be discontinued",SOLUTION,L04AC,IMMUNOSUPPRESSANTS,,2018-04-30,"Other (Please describe in comments)",2018-03-09,2018-03-09,No
235326,02212021,Discontinuation,ZITHROMAX,"PFIZER CANADA ULC",ZITHROMAX,AZITHROMYCIN,250MG,"1X30 BTL","ORAL; ORAL",Discontinued,TABLET,J01FA,"MACROLIDES, LINCOSAMIDES AND STREPTOGRAMINS",2024-08-15,,"Business reasons",2024-08-15,2024-08-16,No
235329,02212021,Discontinuation,ZITHROMAX,"PFIZER CANADA ULC",ZITHROMAX,AZITHROMYCIN,250MG,"1X6 BLS","ORAL; ORAL",Discontinued,TABLET,J01FA,"MACROLIDES, LINCOSAMIDES AND STREPTOGRAMINS",2024-08-15,,"Business reasons",2024-08-15,2024-08-16,No
264088,02223724,Discontinuation,ZITHROMAX,"PFIZER CANADA ULC",ZITHROMAX,AZITHROMYCIN,200MG,"15 ML & 22.5 ml BOTTLE","ORAL; ORAL",Discontinued,"POWDER FOR SUSPENSION",J01FA,"MACROLIDES, LINCOSAMIDES AND STREPTOGRAMINS",2025-08-01,,"Business reasons",2025-08-01,2025-08-02,No
264091,02239952,Discontinuation,"ZITHROMAX FOR INTRAVENOUS INJECTION","PFIZER CANADA ULC","ZITHROMAX FOR INTRAVENOUS INJECTION",AZITHROMYCIN,500MG,"10 X 5ML VIAL","INTRAVENOUS; INTRAVENOUS",Discontinued,"POWDER FOR SOLUTION",J01FA,"MACROLIDES, LINCOSAMIDES AND STREPTOGRAMINS",2025-08-01,,"Business reasons",2025-08-01,2025-08-02,No
123894,02213745,Discontinuation,ZOFRAN,"NOVARTIS PHARMACEUTICALS CANADA INC","ZOFRAN INJ 4MG AMPS 2ML 5'S",ONDANSETRON,2MG,"2ML X 5'S","INTRAVENOUS; INTRAVENOUS",Discontinued,SOLUTION,A04AA,"ANTIEMETICS AND ANTINAUSEANTS",2021-04-19,2021-03-31,"Business reasons",2020-09-09,2021-05-05,No
123900,02213745,Discontinuation,ZOFRAN,"NOVARTIS PHARMACEUTICALS CANADA INC","ZOFRAN INJ 8MG AMPS 4ML 5'S",ONDANSETRON,2MG,"4ML X 5'S","INTRAVENOUS; INTRAVENOUS",Discontinued,SOLUTION,A04AA,"ANTIEMETICS AND ANTINAUSEANTS",2021-08-26,2021-08-30,"Business reasons",2020-09-09,2021-09-23,No
163685,02229639,Discontinuation,ZOFRAN,"NOVARTIS PHARMACEUTICALS CANADA INC","ZOFRAN 4MG/5ML ORAL SOLN. 50ML",ONDANSETRON,4MG,50ML,"ORAL; ORAL",Discontinued,SOLUTION,A04AA,"ANTIEMETICS AND ANTINAUSEANTS",2022-10-01,2022-10-01,"Business reasons",2022-06-29,2022-10-18,No
189513,02213567,Discontinuation,ZOFRAN,"NOVARTIS PHARMACEUTICALS CANADA INC","ZOFRAN FCT TABS 4 MG",ONDANSETRON,4MG,2X5,"ORAL; ORAL",Discontinued,TABLET,A04AA,"ANTIEMETICS AND ANTINAUSEANTS",2023-04-22,2023-05-30,"Business reasons",2023-04-13,2023-05-08,No
189538,02213575,Discontinuation,ZOFRAN,"NOVARTIS PHARMACEUTICALS CANADA INC","ZOFRAN FCT 8MG",ONDANSETRON,8MG,2X5,"ORAL; ORAL",Discontinued,TABLET,A04AA,"ANTIEMETICS AND ANTINAUSEANTS",2023-04-22,2023-07-31,"Business reasons",2023-04-13,2023-05-08,No
177540,02239373,Discontinuation,"ZOFRAN ODT","NOVARTIS PHARMACEUTICALS CANADA INC","ZOFRAN ODT TABS 8MG (1X10)",ONDANSETRON,8MG,"8MG (1X10)","ORAL; ORAL",Discontinued,"TABLET (ORALLY DISINTEGRATING)",A04AA,"ANTIEMETICS AND ANTINAUSEANTS",2023-02-06,2023-02-01,"Business reasons",2022-12-08,2023-03-14,No
187062,02239372,Discontinuation,"ZOFRAN ODT","NOVARTIS PHARMACEUTICALS CANADA INC","ZOFRAN 4MG",ONDANSETRON,4MG,"1 X 10","ORAL; ORAL",Discontinued,"TABLET (ORALLY DISINTEGRATING)",A04AA,"ANTIEMETICS AND ANTINAUSEANTS",2023-03-06,2023-02-06,"Business reasons",2023-03-14,2023-03-14,No
288826,02401606,Discontinuation,"ZOLEDRONIC ACID - Z","SANDOZ CANADA INCORPORATED","ZOLEDRONIC ACID - Z","ZOLEDRONIC ACID",4MG,5ML,"INTRAVENOUS; INTRAVENOUS","To be discontinued",SOLUTION,M05BA,"DRUGS AFFECTING BONE STRUCTURE AND MINERALIZATION",,2026-12-15,"Business reasons",2026-07-09,2026-07-09,No
137600,02421550,Discontinuation,"ZOLEDRONIC ACID FOR INJECTION","PFIZER CANADA ULC","ZOLEDRONIC ACID FOR INJECTION","ZOLEDRONIC ACID",4MG,"5mL vial","INTRAVENOUS; INTRAVENOUS",Discontinued,SOLUTION,M05BA,"DRUGS AFFECTING BONE STRUCTURE AND MINERALIZATION",2021-04-16,,"Business reasons",2021-04-16,2021-04-17,No
179368,02444739,Discontinuation,"ZOLEDRONIC ACID FOR INJECTION","JUNO PHARMACEUTICALS CORP.","ZOLEDRONIC ACID FOR INJECTION","ZOLEDRONIC ACID",4MG,"5 mL vial","INTRAVENOUS; INTRAVENOUS",Discontinued,SOLUTION,M05BA,"DRUGS AFFECTING BONE STRUCTURE AND MINERALIZATION",2022-12-23,2022-12-23,"Business reasons",2022-12-23,2022-12-24,No
258583,02407639,Discontinuation,"ZOLEDRONIC ACID FOR INJECTION","TEVA CANADA LIMITED","ZOLEDRONIC ACID FOR INJECTION","ZOLEDRONIC ACID",4MG,1,"INTRAVENOUS; INTRAVENOUS",Discontinued,SOLUTION,M05BA,"DRUGS AFFECTING BONE STRUCTURE AND MINERALIZATION",2018-01-01,,"Business reasons",2025-05-28,2025-05-28,No
14030,02408082,Discontinuation,"ZOLEDRONIC ACID INJECTION","TEVA CANADA LIMITED","ZOLEDRONIC ACID","ZOLEDRONIC ACID",5MG,100ML,INTRAVENOUS,Discontinued,SOLUTION,M05BA,"DRUGS AFFECTING BONE STRUCTURE AND MINERALIZATION",2017-03-03,,"Manufacturing issues",2017-06-27,2017-06-27,No
137050,02379929,Discontinuation,ZOLMITRIPTAN,"PRO DOC LIMITEE","Zolmitriptan tablet",ZOLMITRIPTAN,2.5MG,6,"ORAL; ORAL",Discontinued,TABLET,N02CC,"ANTIMIGRAINE PREPARATIONS",2021-04-07,,"Business reasons",2021-04-07,2021-04-08,No
136790,02379988,Discontinuation,"ZOLMITRIPTAN ODT","PRO DOC LIMITEE","ZOLMITRIPTAN ODT",ZOLMITRIPTAN,2.5MG,6,"ORAL; ORAL",Discontinued,"TABLET (ORALLY DISINTEGRATING); TABLET (ORALLY DISINTEGRATING)",N02CC,"ANTIMIGRAINE PREPARATIONS",2021-04-02,,"Business reasons",2021-04-02,2021-04-03,No
159386,02375516,Discontinuation,"ZOSTAVAX II","MERCK CANADA INC","(zoster vaccine live, attenuated [Oka/Merck], refrigerator-stable) powder for suspension for injection","VARICELLA-ZOSTER VIRUS VACCINE LIVE ATTENUATED",19400PFU,"1 dose vial","SUBCUTANEOUS; SUBCUTANEOUS",Discontinued,"POWDER FOR SUSPENSION",J07BK,"VIRAL VACCINES",2022-10-14,2022-10-14,"Business reasons",2022-04-26,2022-10-15,No
228728,00886157,Discontinuation,ZOVIRAX,"GLAXOSMITHKLINE INC","Acyclovir Oral Suspension",ACYCLOVIR,200MG,"All pack sizes / Tous les formats","ORAL; ORAL",Discontinued,SUSPENSION,J05AB,"DIRECT ACTING ANTIVIRALS",2024-05-23,,"Business reasons",2024-05-24,2024-05-24,No
121381,02354772,Discontinuation,ZUACTA,"SANOFI-AVENTIS CANADA INC","Zucapaicin cream",ZUCAPSAICIN,0.075%,"30G & 60G TUBES",TOPICAL,Discontinued,CREAM,M02AB,"TOPICAL PRODUCTS FOR JOINT AND MUSCULAR PAIN",2020-07-17,,"Business reasons",2020-07-30,2020-07-30,No
103480,02243684,Discontinuation,"ZYVOXAM 600 MG","PFIZER CANADA ULC",ZYVOXAM,LINEZOLID,600MG,20,ORAL,Discontinued,TABLET,J01XX,"OTHER ANTIBACTERIALS",2020-07-31,2020-07-31,"Business reasons",2020-01-17,2022-01-17,No
